task_id,domain,model,policy,repeat,stage,oracle_target_satisfied,oracle_residue,judge_decision,judge_target_satisfied,judge_residue,judge_false_success,judge_side_effect_recall,invalid_judge_json,judge_json_repair_count,judge_raw_hash,judge_raw_text,judge_raw_attempts_json,judge_prompt_hash,judge_prompt_version,judge_request_started_utc,judge_latency_ms,endpoint_host,sampling_temperature,thinking_mode,oracle_version
v4_file_00,file,deepseek-v4-flash,LLMJudgeFinal,0,final,True,False,success,True,False,False,1.0,False,0,36f3ccab6ec2,"{""decision"": ""success"", ""reason"": ""target state is satisfied and no unrelated state changed"", ""residue"": false, ""target_satisfied"": true}","[""{\""decision\"": \""success\"", \""reason\"": \""target state is satisfied and no unrelated state changed\"", \""residue\"": false, \""target_satisfied\"": true}""]",d88b15629736,judge-json-v5.1,2026-07-11T14:45:34.374170+00:00,1702.834,api.deepseek.com,0.2,disabled,semantic-state-v2
v4_file_00,file,deepseek-v4-flash,LLMJudgeFinal,1,final,True,False,success,True,False,False,1.0,False,0,36f3ccab6ec2,"{""decision"": ""success"", ""reason"": ""target state is satisfied and no unrelated state changed"", ""residue"": false, ""target_satisfied"": true}","[""{\""decision\"": \""success\"", \""reason\"": \""target state is satisfied and no unrelated state changed\"", \""residue\"": false, \""target_satisfied\"": true}""]",d88b15629736,judge-json-v5.1,2026-07-11T14:45:35.128820+00:00,1640.889,api.deepseek.com,0.2,disabled,semantic-state-v2
v4_file_00,file,deepseek-v4-flash,LLMJudgeRetry,0,final,True,False,success,True,False,False,1.0,False,0,36f3ccab6ec2,"{""decision"": ""success"", ""reason"": ""target state is satisfied and no unrelated state changed"", ""residue"": false, ""target_satisfied"": true}","[""{\""decision\"": \""success\"", \""reason\"": \""target state is satisfied and no unrelated state changed\"", \""residue\"": false, \""target_satisfied\"": true}""]",d88b15629736,judge-json-v5.1,2026-07-11T14:45:38.626573+00:00,1704.512,api.deepseek.com,0.2,disabled,semantic-state-v2
v4_file_00,file,deepseek-v4-flash,LLMJudgeRetry,1,final,True,False,success,True,False,False,1.0,False,0,36f3ccab6ec2,"{""decision"": ""success"", ""reason"": ""target state is satisfied and no unrelated state changed"", ""residue"": false, ""target_satisfied"": true}","[""{\""decision\"": \""success\"", \""reason\"": \""target state is satisfied and no unrelated state changed\"", \""residue\"": false, \""target_satisfied\"": true}""]",d88b15629736,judge-json-v5.1,2026-07-11T14:45:38.652587+00:00,1486.888,api.deepseek.com,0.2,disabled,semantic-state-v2
v4_file_00,file,deepseek-v4-flash,LLMJudgeStep,0,step,True,False,success,True,False,False,1.0,False,0,36f3ccab6ec2,"{""decision"": ""success"", ""reason"": ""target state is satisfied and no unrelated state changed"", ""residue"": false, ""target_satisfied"": true}","[""{\""decision\"": \""success\"", \""reason\"": \""target state is satisfied and no unrelated state changed\"", \""residue\"": false, \""target_satisfied\"": true}""]",9f5491cb8c8c,judge-json-v5.1,2026-07-11T14:45:35.531939+00:00,2350.004,api.deepseek.com,0.2,disabled,semantic-state-v2
v4_file_00,file,deepseek-v4-flash,LLMJudgeStep,1,step,True,False,success,True,False,False,1.0,False,0,36f3ccab6ec2,"{""decision"": ""success"", ""reason"": ""target state is satisfied and no unrelated state changed"", ""residue"": false, ""target_satisfied"": true}","[""{\""decision\"": \""success\"", \""reason\"": \""target state is satisfied and no unrelated state changed\"", \""residue\"": false, \""target_satisfied\"": true}""]",9f5491cb8c8c,judge-json-v5.1,2026-07-11T14:45:35.380385+00:00,1617.040,api.deepseek.com,0.2,disabled,semantic-state-v2
v4_file_01,file,deepseek-v4-flash,LLMJudgeFinal,0,final,True,False,success,True,False,False,1.0,False,0,36f3ccab6ec2,"{""decision"": ""success"", ""reason"": ""target state is satisfied and no unrelated state changed"", ""residue"": false, ""target_satisfied"": true}","[""{\""decision\"": \""success\"", \""reason\"": \""target state is satisfied and no unrelated state changed\"", \""residue\"": false, \""target_satisfied\"": true}""]",8547087399c6,judge-json-v5.1,2026-07-11T14:45:42.095350+00:00,2027.263,api.deepseek.com,0.2,disabled,semantic-state-v2
v4_file_01,file,deepseek-v4-flash,LLMJudgeFinal,1,final,True,False,success,True,False,False,1.0,False,0,36f3ccab6ec2,"{""decision"": ""success"", ""reason"": ""target state is satisfied and no unrelated state changed"", ""residue"": false, ""target_satisfied"": true}","[""{\""decision\"": \""success\"", \""reason\"": \""target state is satisfied and no unrelated state changed\"", \""residue\"": false, \""target_satisfied\"": true}""]",8547087399c6,judge-json-v5.1,2026-07-11T14:45:42.990698+00:00,1531.559,api.deepseek.com,0.2,disabled,semantic-state-v2
v4_file_01,file,deepseek-v4-flash,LLMJudgeRetry,0,final,True,False,success,True,False,False,1.0,False,0,36f3ccab6ec2,"{""decision"": ""success"", ""reason"": ""target state is satisfied and no unrelated state changed"", ""residue"": false, ""target_satisfied"": true}","[""{\""decision\"": \""success\"", \""reason\"": \""target state is satisfied and no unrelated state changed\"", \""residue\"": false, \""target_satisfied\"": true}""]",8547087399c6,judge-json-v5.1,2026-07-11T14:45:46.302198+00:00,2175.661,api.deepseek.com,0.2,disabled,semantic-state-v2
v4_file_01,file,deepseek-v4-flash,LLMJudgeRetry,1,final,True,False,success,True,False,False,1.0,False,0,36f3ccab6ec2,"{""decision"": ""success"", ""reason"": ""target state is satisfied and no unrelated state changed"", ""residue"": false, ""target_satisfied"": true}","[""{\""decision\"": \""success\"", \""reason\"": \""target state is satisfied and no unrelated state changed\"", \""residue\"": false, \""target_satisfied\"": true}""]",8547087399c6,judge-json-v5.1,2026-07-11T14:45:46.152720+00:00,1440.370,api.deepseek.com,0.2,disabled,semantic-state-v2
v4_file_01,file,deepseek-v4-flash,LLMJudgeStep,0,step,True,False,success,True,False,False,1.0,False,0,36f3ccab6ec2,"{""decision"": ""success"", ""reason"": ""target state is satisfied and no unrelated state changed"", ""residue"": false, ""target_satisfied"": true}","[""{\""decision\"": \""success\"", \""reason\"": \""target state is satisfied and no unrelated state changed\"", \""residue\"": false, \""target_satisfied\"": true}""]",9353980ae54b,judge-json-v5.1,2026-07-11T14:45:44.045529+00:00,2293.014,api.deepseek.com,0.2,disabled,semantic-state-v2
v4_file_01,file,deepseek-v4-flash,LLMJudgeStep,1,step,True,False,success,True,False,False,1.0,False,0,36f3ccab6ec2,"{""decision"": ""success"", ""reason"": ""target state is satisfied and no unrelated state changed"", ""residue"": false, ""target_satisfied"": true}","[""{\""decision\"": \""success\"", \""reason\"": \""target state is satisfied and no unrelated state changed\"", \""residue\"": false, \""target_satisfied\"": true}""]",9353980ae54b,judge-json-v5.1,2026-07-11T14:45:43.473009+00:00,2260.996,api.deepseek.com,0.2,disabled,semantic-state-v2
v4_file_02,file,deepseek-v4-flash,LLMJudgeFinal,0,final,True,False,success,True,False,False,1.0,False,0,36f3ccab6ec2,"{""decision"": ""success"", ""reason"": ""target state is satisfied and no unrelated state changed"", ""residue"": false, ""target_satisfied"": true}","[""{\""decision\"": \""success\"", \""reason\"": \""target state is satisfied and no unrelated state changed\"", \""residue\"": false, \""target_satisfied\"": true}""]",d74e7e27d6cd,judge-json-v5.1,2026-07-11T14:45:51.209650+00:00,2101.771,api.deepseek.com,0.2,disabled,semantic-state-v2
v4_file_02,file,deepseek-v4-flash,LLMJudgeFinal,1,final,True,False,success,True,False,False,1.0,False,0,36f3ccab6ec2,"{""decision"": ""success"", ""reason"": ""target state is satisfied and no unrelated state changed"", ""residue"": false, ""target_satisfied"": true}","[""{\""decision\"": \""success\"", \""reason\"": \""target state is satisfied and no unrelated state changed\"", \""residue\"": false, \""target_satisfied\"": true}""]",d74e7e27d6cd,judge-json-v5.1,2026-07-11T14:45:51.907770+00:00,2347.585,api.deepseek.com,0.2,disabled,semantic-state-v2
v4_file_02,file,deepseek-v4-flash,LLMJudgeRetry,0,final,True,False,success,True,False,False,1.0,False,0,36f3ccab6ec2,"{""decision"": ""success"", ""reason"": ""target state is satisfied and no unrelated state changed"", ""residue"": false, ""target_satisfied"": true}","[""{\""decision\"": \""success\"", \""reason\"": \""target state is satisfied and no unrelated state changed\"", \""residue\"": false, \""target_satisfied\"": true}""]",d74e7e27d6cd,judge-json-v5.1,2026-07-11T14:45:55.437659+00:00,2023.355,api.deepseek.com,0.2,disabled,semantic-state-v2
v4_file_02,file,deepseek-v4-flash,LLMJudgeRetry,1,final,True,False,success,True,False,False,1.0,False,0,36f3ccab6ec2,"{""decision"": ""success"", ""reason"": ""target state is satisfied and no unrelated state changed"", ""residue"": false, ""target_satisfied"": true}","[""{\""decision\"": \""success\"", \""reason\"": \""target state is satisfied and no unrelated state changed\"", \""residue\"": false, \""target_satisfied\"": true}""]",d74e7e27d6cd,judge-json-v5.1,2026-07-11T14:45:55.782699+00:00,2240.422,api.deepseek.com,0.2,disabled,semantic-state-v2
v4_file_02,file,deepseek-v4-flash,LLMJudgeStep,0,step,True,False,success,True,False,False,1.0,False,0,36f3ccab6ec2,"{""decision"": ""success"", ""reason"": ""target state is satisfied and no unrelated state changed"", ""residue"": false, ""target_satisfied"": true}","[""{\""decision\"": \""success\"", \""reason\"": \""target state is satisfied and no unrelated state changed\"", \""residue\"": false, \""target_satisfied\"": true}""]",6d5011d5606b,judge-json-v5.1,2026-07-11T14:45:52.094205+00:00,1919.565,api.deepseek.com,0.2,disabled,semantic-state-v2
v4_file_02,file,deepseek-v4-flash,LLMJudgeStep,1,step,True,False,success,True,False,False,1.0,False,0,36f3ccab6ec2,"{""decision"": ""success"", ""reason"": ""target state is satisfied and no unrelated state changed"", ""residue"": false, ""target_satisfied"": true}","[""{\""decision\"": \""success\"", \""reason\"": \""target state is satisfied and no unrelated state changed\"", \""residue\"": false, \""target_satisfied\"": true}""]",6d5011d5606b,judge-json-v5.1,2026-07-11T14:45:52.701616+00:00,1856.871,api.deepseek.com,0.2,disabled,semantic-state-v2
v4_file_03,file,deepseek-v4-flash,LLMJudgeFinal,0,final,True,False,success,True,False,False,1.0,False,0,36f3ccab6ec2,"{""decision"": ""success"", ""reason"": ""target state is satisfied and no unrelated state changed"", ""residue"": false, ""target_satisfied"": true}","[""{\""decision\"": \""success\"", \""reason\"": \""target state is satisfied and no unrelated state changed\"", \""residue\"": false, \""target_satisfied\"": true}""]",bb0ae332aadb,judge-json-v5.1,2026-07-11T14:45:59.823602+00:00,3106.802,api.deepseek.com,0.2,disabled,semantic-state-v2
v4_file_03,file,deepseek-v4-flash,LLMJudgeFinal,1,final,True,False,success,True,False,False,1.0,False,0,36f3ccab6ec2,"{""decision"": ""success"", ""reason"": ""target state is satisfied and no unrelated state changed"", ""residue"": false, ""target_satisfied"": true}","[""{\""decision\"": \""success\"", \""reason\"": \""target state is satisfied and no unrelated state changed\"", \""residue\"": false, \""target_satisfied\"": true}""]",bb0ae332aadb,judge-json-v5.1,2026-07-11T14:46:00.699209+00:00,2895.321,api.deepseek.com,0.2,disabled,semantic-state-v2
v4_file_03,file,deepseek-v4-flash,LLMJudgeRetry,0,final,True,False,success,True,False,False,1.0,False,0,36f3ccab6ec2,"{""decision"": ""success"", ""reason"": ""target state is satisfied and no unrelated state changed"", ""residue"": false, ""target_satisfied"": true}","[""{\""decision\"": \""success\"", \""reason\"": \""target state is satisfied and no unrelated state changed\"", \""residue\"": false, \""target_satisfied\"": true}""]",bb0ae332aadb,judge-json-v5.1,2026-07-11T14:46:04.727133+00:00,1878.900,api.deepseek.com,0.2,disabled,semantic-state-v2
v4_file_03,file,deepseek-v4-flash,LLMJudgeRetry,1,final,True,False,success,True,False,False,1.0,False,0,36f3ccab6ec2,"{""decision"": ""success"", ""reason"": ""target state is satisfied and no unrelated state changed"", ""residue"": false, ""target_satisfied"": true}","[""{\""decision\"": \""success\"", \""reason\"": \""target state is satisfied and no unrelated state changed\"", \""residue\"": false, \""target_satisfied\"": true}""]",bb0ae332aadb,judge-json-v5.1,2026-07-11T14:46:05.403066+00:00,1790.480,api.deepseek.com,0.2,disabled,semantic-state-v2
v4_file_03,file,deepseek-v4-flash,LLMJudgeStep,0,step,True,False,success,True,False,False,1.0,False,0,36f3ccab6ec2,"{""decision"": ""success"", ""reason"": ""target state is satisfied and no unrelated state changed"", ""residue"": false, ""target_satisfied"": true}","[""{\""decision\"": \""success\"", \""reason\"": \""target state is satisfied and no unrelated state changed\"", \""residue\"": false, \""target_satisfied\"": true}""]",aa1da1f27828,judge-json-v5.1,2026-07-11T14:46:01.309140+00:00,2085.770,api.deepseek.com,0.2,disabled,semantic-state-v2
v4_file_03,file,deepseek-v4-flash,LLMJudgeStep,1,step,True,False,success,True,False,False,1.0,False,0,36f3ccab6ec2,"{""decision"": ""success"", ""reason"": ""target state is satisfied and no unrelated state changed"", ""residue"": false, ""target_satisfied"": true}","[""{\""decision\"": \""success\"", \""reason\"": \""target state is satisfied and no unrelated state changed\"", \""residue\"": false, \""target_satisfied\"": true}""]",aa1da1f27828,judge-json-v5.1,2026-07-11T14:46:01.875920+00:00,1742.732,api.deepseek.com,0.2,disabled,semantic-state-v2
v4_file_04,file,deepseek-v4-flash,LLMJudgeFinal,0,final,True,False,success,True,False,False,1.0,False,0,36f3ccab6ec2,"{""decision"": ""success"", ""reason"": ""target state is satisfied and no unrelated state changed"", ""residue"": false, ""target_satisfied"": true}","[""{\""decision\"": \""success\"", \""reason\"": \""target state is satisfied and no unrelated state changed\"", \""residue\"": false, \""target_satisfied\"": true}""]",c8b196b3a961,judge-json-v5.1,2026-07-11T14:46:08.628431+00:00,1863.784,api.deepseek.com,0.2,disabled,semantic-state-v2
v4_file_04,file,deepseek-v4-flash,LLMJudgeFinal,1,final,True,False,success,True,False,False,1.0,False,0,36f3ccab6ec2,"{""decision"": ""success"", ""reason"": ""target state is satisfied and no unrelated state changed"", ""residue"": false, ""target_satisfied"": true}","[""{\""decision\"": \""success\"", \""reason\"": \""target state is satisfied and no unrelated state changed\"", \""residue\"": false, \""target_satisfied\"": true}""]",c8b196b3a961,judge-json-v5.1,2026-07-11T14:46:09.960476+00:00,3261.951,api.deepseek.com,0.2,disabled,semantic-state-v2
v4_file_04,file,deepseek-v4-flash,LLMJudgeRetry,0,final,True,False,success,True,False,False,1.0,False,0,36f3ccab6ec2,"{""decision"": ""success"", ""reason"": ""target state is satisfied and no unrelated state changed"", ""residue"": false, ""target_satisfied"": true}","[""{\""decision\"": \""success\"", \""reason\"": \""target state is satisfied and no unrelated state changed\"", \""residue\"": false, \""target_satisfied\"": true}""]",c8b196b3a961,judge-json-v5.1,2026-07-11T14:46:12.075017+00:00,1612.552,api.deepseek.com,0.2,disabled,semantic-state-v2
v4_file_04,file,deepseek-v4-flash,LLMJudgeRetry,1,final,True,False,success,True,False,False,1.0,False,0,36f3ccab6ec2,"{""decision"": ""success"", ""reason"": ""target state is satisfied and no unrelated state changed"", ""residue"": false, ""target_satisfied"": true}","[""{\""decision\"": \""success\"", \""reason\"": \""target state is satisfied and no unrelated state changed\"", \""residue\"": false, \""target_satisfied\"": true}""]",c8b196b3a961,judge-json-v5.1,2026-07-11T14:46:13.481923+00:00,1619.236,api.deepseek.com,0.2,disabled,semantic-state-v2
v4_file_04,file,deepseek-v4-flash,LLMJudgeStep,0,step,True,False,success,True,False,False,1.0,False,0,36f3ccab6ec2,"{""decision"": ""success"", ""reason"": ""target state is satisfied and no unrelated state changed"", ""residue"": false, ""target_satisfied"": true}","[""{\""decision\"": \""success\"", \""reason\"": \""target state is satisfied and no unrelated state changed\"", \""residue\"": false, \""target_satisfied\"": true}""]",23f66e3d4822,judge-json-v5.1,2026-07-11T14:46:10.191504+00:00,1770.492,api.deepseek.com,0.2,disabled,semantic-state-v2
v4_file_04,file,deepseek-v4-flash,LLMJudgeStep,1,step,True,False,success,True,False,False,1.0,False,0,36f3ccab6ec2,"{""decision"": ""success"", ""reason"": ""target state is satisfied and no unrelated state changed"", ""residue"": false, ""target_satisfied"": true}","[""{\""decision\"": \""success\"", \""reason\"": \""target state is satisfied and no unrelated state changed\"", \""residue\"": false, \""target_satisfied\"": true}""]",23f66e3d4822,judge-json-v5.1,2026-07-11T14:46:10.792017+00:00,1975.151,api.deepseek.com,0.2,disabled,semantic-state-v2
v4_file_05,file,deepseek-v4-flash,LLMJudgeFinal,0,final,True,False,success,True,False,False,1.0,False,0,36f3ccab6ec2,"{""decision"": ""success"", ""reason"": ""target state is satisfied and no unrelated state changed"", ""residue"": false, ""target_satisfied"": true}","[""{\""decision\"": \""success\"", \""reason\"": \""target state is satisfied and no unrelated state changed\"", \""residue\"": false, \""target_satisfied\"": true}""]",444bf8b597fe,judge-json-v5.1,2026-07-11T14:46:17.258725+00:00,1846.569,api.deepseek.com,0.2,disabled,semantic-state-v2
v4_file_05,file,deepseek-v4-flash,LLMJudgeFinal,1,final,True,False,success,True,False,False,1.0,False,0,36f3ccab6ec2,"{""decision"": ""success"", ""reason"": ""target state is satisfied and no unrelated state changed"", ""residue"": false, ""target_satisfied"": true}","[""{\""decision\"": \""success\"", \""reason\"": \""target state is satisfied and no unrelated state changed\"", \""residue\"": false, \""target_satisfied\"": true}""]",444bf8b597fe,judge-json-v5.1,2026-07-11T14:46:18.108915+00:00,1987.414,api.deepseek.com,0.2,disabled,semantic-state-v2
v4_file_05,file,deepseek-v4-flash,LLMJudgeRetry,0,final,True,False,success,True,False,False,1.0,False,0,36f3ccab6ec2,"{""decision"": ""success"", ""reason"": ""target state is satisfied and no unrelated state changed"", ""residue"": false, ""target_satisfied"": true}","[""{\""decision\"": \""success\"", \""reason\"": \""target state is satisfied and no unrelated state changed\"", \""residue\"": false, \""target_satisfied\"": true}""]",444bf8b597fe,judge-json-v5.1,2026-07-11T14:46:20.446725+00:00,1625.973,api.deepseek.com,0.2,disabled,semantic-state-v2
v4_file_05,file,deepseek-v4-flash,LLMJudgeRetry,1,final,True,False,success,True,False,False,1.0,False,0,36f3ccab6ec2,"{""decision"": ""success"", ""reason"": ""target state is satisfied and no unrelated state changed"", ""residue"": false, ""target_satisfied"": true}","[""{\""decision\"": \""success\"", \""reason\"": \""target state is satisfied and no unrelated state changed\"", \""residue\"": false, \""target_satisfied\"": true}""]",444bf8b597fe,judge-json-v5.1,2026-07-11T14:46:22.749189+00:00,2940.054,api.deepseek.com,0.2,disabled,semantic-state-v2
v4_file_05,file,deepseek-v4-flash,LLMJudgeStep,0,step,True,False,success,True,False,False,1.0,False,0,36f3ccab6ec2,"{""decision"": ""success"", ""reason"": ""target state is satisfied and no unrelated state changed"", ""residue"": false, ""target_satisfied"": true}","[""{\""decision\"": \""success\"", \""reason\"": \""target state is satisfied and no unrelated state changed\"", \""residue\"": false, \""target_satisfied\"": true}""]",3e1ad9dc0d35,judge-json-v5.1,2026-07-11T14:46:18.323253+00:00,2167.054,api.deepseek.com,0.2,disabled,semantic-state-v2
v4_file_05,file,deepseek-v4-flash,LLMJudgeStep,1,step,True,False,success,True,False,False,1.0,False,0,36f3ccab6ec2,"{""decision"": ""success"", ""reason"": ""target state is satisfied and no unrelated state changed"", ""residue"": false, ""target_satisfied"": true}","[""{\""decision\"": \""success\"", \""reason\"": \""target state is satisfied and no unrelated state changed\"", \""residue\"": false, \""target_satisfied\"": true}""]",3e1ad9dc0d35,judge-json-v5.1,2026-07-11T14:46:18.891308+00:00,1628.269,api.deepseek.com,0.2,disabled,semantic-state-v2
v4_file_06,file,deepseek-v4-flash,LLMJudgeFinal,0,final,True,False,success,True,False,False,1.0,False,0,36f3ccab6ec2,"{""decision"": ""success"", ""reason"": ""target state is satisfied and no unrelated state changed"", ""residue"": false, ""target_satisfied"": true}","[""{\""decision\"": \""success\"", \""reason\"": \""target state is satisfied and no unrelated state changed\"", \""residue\"": false, \""target_satisfied\"": true}""]",5ce436995204,judge-json-v5.1,2026-07-11T14:46:25.769709+00:00,3085.769,api.deepseek.com,0.2,disabled,semantic-state-v2
v4_file_06,file,deepseek-v4-flash,LLMJudgeFinal,1,final,True,False,success,True,False,False,1.0,False,0,36f3ccab6ec2,"{""decision"": ""success"", ""reason"": ""target state is satisfied and no unrelated state changed"", ""residue"": false, ""target_satisfied"": true}","[""{\""decision\"": \""success\"", \""reason\"": \""target state is satisfied and no unrelated state changed\"", \""residue\"": false, \""target_satisfied\"": true}""]",5ce436995204,judge-json-v5.1,2026-07-11T14:46:27.047718+00:00,2096.802,api.deepseek.com,0.2,disabled,semantic-state-v2
v4_file_06,file,deepseek-v4-flash,LLMJudgeRetry,0,final,True,False,success,True,False,False,1.0,False,0,36f3ccab6ec2,"{""decision"": ""success"", ""reason"": ""target state is satisfied and no unrelated state changed"", ""residue"": false, ""target_satisfied"": true}","[""{\""decision\"": \""success\"", \""reason\"": \""target state is satisfied and no unrelated state changed\"", \""residue\"": false, \""target_satisfied\"": true}""]",5ce436995204,judge-json-v5.1,2026-07-11T14:46:30.586234+00:00,2223.292,api.deepseek.com,0.2,disabled,semantic-state-v2
v4_file_06,file,deepseek-v4-flash,LLMJudgeRetry,1,final,True,False,success,True,False,False,1.0,False,0,36f3ccab6ec2,"{""decision"": ""success"", ""reason"": ""target state is satisfied and no unrelated state changed"", ""residue"": false, ""target_satisfied"": true}","[""{\""decision\"": \""success\"", \""reason\"": \""target state is satisfied and no unrelated state changed\"", \""residue\"": false, \""target_satisfied\"": true}""]",5ce436995204,judge-json-v5.1,2026-07-11T14:46:31.136332+00:00,1989.264,api.deepseek.com,0.2,disabled,semantic-state-v2
v4_file_06,file,deepseek-v4-flash,LLMJudgeStep,0,step,True,False,success,True,False,False,1.0,False,0,36f3ccab6ec2,"{""decision"": ""success"", ""reason"": ""target state is satisfied and no unrelated state changed"", ""residue"": false, ""target_satisfied"": true}","[""{\""decision\"": \""success\"", \""reason\"": \""target state is satisfied and no unrelated state changed\"", \""residue\"": false, \""target_satisfied\"": true}""]",1c8e6ea823fc,judge-json-v5.1,2026-07-11T14:46:27.811867+00:00,2167.916,api.deepseek.com,0.2,disabled,semantic-state-v2
v4_file_06,file,deepseek-v4-flash,LLMJudgeStep,1,step,True,False,success,True,False,False,1.0,False,0,36f3ccab6ec2,"{""decision"": ""success"", ""reason"": ""target state is satisfied and no unrelated state changed"", ""residue"": false, ""target_satisfied"": true}","[""{\""decision\"": \""success\"", \""reason\"": \""target state is satisfied and no unrelated state changed\"", \""residue\"": false, \""target_satisfied\"": true}""]",1c8e6ea823fc,judge-json-v5.1,2026-07-11T14:46:27.530922+00:00,1720.175,api.deepseek.com,0.2,disabled,semantic-state-v2
v4_file_07,file,deepseek-v4-flash,LLMJudgeFinal,0,final,True,False,success,True,False,False,1.0,False,0,36f3ccab6ec2,"{""decision"": ""success"", ""reason"": ""target state is satisfied and no unrelated state changed"", ""residue"": false, ""target_satisfied"": true}","[""{\""decision\"": \""success\"", \""reason\"": \""target state is satisfied and no unrelated state changed\"", \""residue\"": false, \""target_satisfied\"": true}""]",454714db00ea,judge-json-v5.1,2026-07-11T14:46:34.989270+00:00,1623.763,api.deepseek.com,0.2,disabled,semantic-state-v2
v4_file_07,file,deepseek-v4-flash,LLMJudgeFinal,1,final,True,False,success,True,False,False,1.0,False,0,36f3ccab6ec2,"{""decision"": ""success"", ""reason"": ""target state is satisfied and no unrelated state changed"", ""residue"": false, ""target_satisfied"": true}","[""{\""decision\"": \""success\"", \""reason\"": \""target state is satisfied and no unrelated state changed\"", \""residue\"": false, \""target_satisfied\"": true}""]",454714db00ea,judge-json-v5.1,2026-07-11T14:46:37.934518+00:00,2075.272,api.deepseek.com,0.2,disabled,semantic-state-v2
v4_file_07,file,deepseek-v4-flash,LLMJudgeRetry,0,final,True,False,success,True,False,False,1.0,False,0,36f3ccab6ec2,"{""decision"": ""success"", ""reason"": ""target state is satisfied and no unrelated state changed"", ""residue"": false, ""target_satisfied"": true}","[""{\""decision\"": \""success\"", \""reason\"": \""target state is satisfied and no unrelated state changed\"", \""residue\"": false, \""target_satisfied\"": true}""]",454714db00ea,judge-json-v5.1,2026-07-11T14:46:38.473283+00:00,1679.614,api.deepseek.com,0.2,disabled,semantic-state-v2
v4_file_07,file,deepseek-v4-flash,LLMJudgeRetry,1,final,True,False,success,True,False,False,1.0,False,0,36f3ccab6ec2,"{""decision"": ""success"", ""reason"": ""target state is satisfied and no unrelated state changed"", ""residue"": false, ""target_satisfied"": true}","[""{\""decision\"": \""success\"", \""reason\"": \""target state is satisfied and no unrelated state changed\"", \""residue\"": false, \""target_satisfied\"": true}""]",454714db00ea,judge-json-v5.1,2026-07-11T14:46:39.450399+00:00,1583.951,api.deepseek.com,0.2,disabled,semantic-state-v2
v4_file_07,file,deepseek-v4-flash,LLMJudgeStep,0,step,True,False,success,True,False,False,1.0,False,0,36f3ccab6ec2,"{""decision"": ""success"", ""reason"": ""target state is satisfied and no unrelated state changed"", ""residue"": false, ""target_satisfied"": true}","[""{\""decision\"": \""success\"", \""reason\"": \""target state is satisfied and no unrelated state changed\"", \""residue\"": false, \""target_satisfied\"": true}""]",f9da42c7b585,judge-json-v5.1,2026-07-11T14:46:36.287536+00:00,1746.345,api.deepseek.com,0.2,disabled,semantic-state-v2
v4_file_07,file,deepseek-v4-flash,LLMJudgeStep,1,step,True,False,success,True,False,False,1.0,False,0,36f3ccab6ec2,"{""decision"": ""success"", ""reason"": ""target state is satisfied and no unrelated state changed"", ""residue"": false, ""target_satisfied"": true}","[""{\""decision\"": \""success\"", \""reason\"": \""target state is satisfied and no unrelated state changed\"", \""residue\"": false, \""target_satisfied\"": true}""]",f9da42c7b585,judge-json-v5.1,2026-07-11T14:46:36.222197+00:00,1708.208,api.deepseek.com,0.2,disabled,semantic-state-v2
v4_file_08,file,deepseek-v4-flash,LLMJudgeFinal,0,final,True,False,success,True,False,False,1.0,False,0,36f3ccab6ec2,"{""decision"": ""success"", ""reason"": ""target state is satisfied and no unrelated state changed"", ""residue"": false, ""target_satisfied"": true}","[""{\""decision\"": \""success\"", \""reason\"": \""target state is satisfied and no unrelated state changed\"", \""residue\"": false, \""target_satisfied\"": true}""]",812dfd2fb8bb,judge-json-v5.1,2026-07-11T14:46:44.440788+00:00,1910.867,api.deepseek.com,0.2,disabled,semantic-state-v2
v4_file_08,file,deepseek-v4-flash,LLMJudgeFinal,1,final,True,False,success,True,False,False,1.0,False,0,36f3ccab6ec2,"{""decision"": ""success"", ""reason"": ""target state is satisfied and no unrelated state changed"", ""residue"": false, ""target_satisfied"": true}","[""{\""decision\"": \""success\"", \""reason\"": \""target state is satisfied and no unrelated state changed\"", \""residue\"": false, \""target_satisfied\"": true}""]",812dfd2fb8bb,judge-json-v5.1,2026-07-11T14:46:44.357611+00:00,2515.581,api.deepseek.com,0.2,disabled,semantic-state-v2
v4_file_08,file,deepseek-v4-flash,LLMJudgeRetry,0,final,True,False,success,True,False,False,1.0,False,0,36f3ccab6ec2,"{""decision"": ""success"", ""reason"": ""target state is satisfied and no unrelated state changed"", ""residue"": false, ""target_satisfied"": true}","[""{\""decision\"": \""success\"", \""reason\"": \""target state is satisfied and no unrelated state changed\"", \""residue\"": false, \""target_satisfied\"": true}""]",812dfd2fb8bb,judge-json-v5.1,2026-07-11T14:46:47.497292+00:00,1843.749,api.deepseek.com,0.2,disabled,semantic-state-v2
v4_file_08,file,deepseek-v4-flash,LLMJudgeRetry,1,final,True,False,success,True,False,False,1.0,False,0,36f3ccab6ec2,"{""decision"": ""success"", ""reason"": ""target state is satisfied and no unrelated state changed"", ""residue"": false, ""target_satisfied"": true}","[""{\""decision\"": \""success\"", \""reason\"": \""target state is satisfied and no unrelated state changed\"", \""residue\"": false, \""target_satisfied\"": true}""]",812dfd2fb8bb,judge-json-v5.1,2026-07-11T14:46:47.760925+00:00,1825.347,api.deepseek.com,0.2,disabled,semantic-state-v2
v4_file_08,file,deepseek-v4-flash,LLMJudgeStep,0,step,True,False,success,True,False,False,1.0,False,0,36f3ccab6ec2,"{""decision"": ""success"", ""reason"": ""target state is satisfied and no unrelated state changed"", ""residue"": false, ""target_satisfied"": true}","[""{\""decision\"": \""success\"", \""reason\"": \""target state is satisfied and no unrelated state changed\"", \""residue\"": false, \""target_satisfied\"": true}""]",7403e6c20b38,judge-json-v5.1,2026-07-11T14:46:44.386630+00:00,1470.255,api.deepseek.com,0.2,disabled,semantic-state-v2
v4_file_08,file,deepseek-v4-flash,LLMJudgeStep,1,step,True,False,success,True,False,False,1.0,False,0,36f3ccab6ec2,"{""decision"": ""success"", ""reason"": ""target state is satisfied and no unrelated state changed"", ""residue"": false, ""target_satisfied"": true}","[""{\""decision\"": \""success\"", \""reason\"": \""target state is satisfied and no unrelated state changed\"", \""residue\"": false, \""target_satisfied\"": true}""]",7403e6c20b38,judge-json-v5.1,2026-07-11T14:46:44.466286+00:00,1542.555,api.deepseek.com,0.2,disabled,semantic-state-v2
v4_file_09,file,deepseek-v4-flash,LLMJudgeFinal,0,final,True,False,success,True,False,False,1.0,False,0,36f3ccab6ec2,"{""decision"": ""success"", ""reason"": ""target state is satisfied and no unrelated state changed"", ""residue"": false, ""target_satisfied"": true}","[""{\""decision\"": \""success\"", \""reason\"": \""target state is satisfied and no unrelated state changed\"", \""residue\"": false, \""target_satisfied\"": true}""]",1944b3877386,judge-json-v5.1,2026-07-11T14:46:52.187694+00:00,1821.989,api.deepseek.com,0.2,disabled,semantic-state-v2
v4_file_09,file,deepseek-v4-flash,LLMJudgeFinal,1,final,True,False,success,True,False,False,1.0,False,0,36f3ccab6ec2,"{""decision"": ""success"", ""reason"": ""target state is satisfied and no unrelated state changed"", ""residue"": false, ""target_satisfied"": true}","[""{\""decision\"": \""success\"", \""reason\"": \""target state is satisfied and no unrelated state changed\"", \""residue\"": false, \""target_satisfied\"": true}""]",1944b3877386,judge-json-v5.1,2026-07-11T14:46:52.877743+00:00,2443.090,api.deepseek.com,0.2,disabled,semantic-state-v2
v4_file_09,file,deepseek-v4-flash,LLMJudgeRetry,0,final,True,False,success,True,False,False,1.0,False,0,36f3ccab6ec2,"{""decision"": ""success"", ""reason"": ""target state is satisfied and no unrelated state changed"", ""residue"": false, ""target_satisfied"": true}","[""{\""decision\"": \""success\"", \""reason\"": \""target state is satisfied and no unrelated state changed\"", \""residue\"": false, \""target_satisfied\"": true}""]",1944b3877386,judge-json-v5.1,2026-07-11T14:46:55.760796+00:00,1878.394,api.deepseek.com,0.2,disabled,semantic-state-v2
v4_file_09,file,deepseek-v4-flash,LLMJudgeRetry,1,final,True,False,success,True,False,False,1.0,False,0,36f3ccab6ec2,"{""decision"": ""success"", ""reason"": ""target state is satisfied and no unrelated state changed"", ""residue"": false, ""target_satisfied"": true}","[""{\""decision\"": \""success\"", \""reason\"": \""target state is satisfied and no unrelated state changed\"", \""residue\"": false, \""target_satisfied\"": true}""]",1944b3877386,judge-json-v5.1,2026-07-11T14:46:55.940022+00:00,1614.557,api.deepseek.com,0.2,disabled,semantic-state-v2
v4_file_09,file,deepseek-v4-flash,LLMJudgeStep,0,step,True,False,success,True,False,False,1.0,False,0,36f3ccab6ec2,"{""decision"": ""success"", ""reason"": ""target state is satisfied and no unrelated state changed"", ""residue"": false, ""target_satisfied"": true}","[""{\""decision\"": \""success\"", \""reason\"": \""target state is satisfied and no unrelated state changed\"", \""residue\"": false, \""target_satisfied\"": true}""]",5755102404d1,judge-json-v5.1,2026-07-11T14:46:53.724729+00:00,2799.675,api.deepseek.com,0.2,disabled,semantic-state-v2
v4_file_09,file,deepseek-v4-flash,LLMJudgeStep,1,step,True,False,success,True,False,False,1.0,False,0,36f3ccab6ec2,"{""decision"": ""success"", ""reason"": ""target state is satisfied and no unrelated state changed"", ""residue"": false, ""target_satisfied"": true}","[""{\""decision\"": \""success\"", \""reason\"": \""target state is satisfied and no unrelated state changed\"", \""residue\"": false, \""target_satisfied\"": true}""]",5755102404d1,judge-json-v5.1,2026-07-11T14:46:52.714255+00:00,1453.164,api.deepseek.com,0.2,disabled,semantic-state-v2
v4_file_10,file,deepseek-v4-flash,LLMJudgeFinal,0,final,True,False,success,True,False,False,1.0,False,0,36f3ccab6ec2,"{""decision"": ""success"", ""reason"": ""target state is satisfied and no unrelated state changed"", ""residue"": false, ""target_satisfied"": true}","[""{\""decision\"": \""success\"", \""reason\"": \""target state is satisfied and no unrelated state changed\"", \""residue\"": false, \""target_satisfied\"": true}""]",5ef5154b3bf9,judge-json-v5.1,2026-07-11T14:47:00.869812+00:00,2026.701,api.deepseek.com,0.2,disabled,semantic-state-v2
v4_file_10,file,deepseek-v4-flash,LLMJudgeFinal,1,final,True,False,success,True,False,False,1.0,False,0,36f3ccab6ec2,"{""decision"": ""success"", ""reason"": ""target state is satisfied and no unrelated state changed"", ""residue"": false, ""target_satisfied"": true}","[""{\""decision\"": \""success\"", \""reason\"": \""target state is satisfied and no unrelated state changed\"", \""residue\"": false, \""target_satisfied\"": true}""]",5ef5154b3bf9,judge-json-v5.1,2026-07-11T14:47:01.552155+00:00,2211.833,api.deepseek.com,0.2,disabled,semantic-state-v2
v4_file_10,file,deepseek-v4-flash,LLMJudgeRetry,0,final,True,False,success,True,False,False,1.0,False,0,36f3ccab6ec2,"{""decision"": ""success"", ""reason"": ""target state is satisfied and no unrelated state changed"", ""residue"": false, ""target_satisfied"": true}","[""{\""decision\"": \""success\"", \""reason\"": \""target state is satisfied and no unrelated state changed\"", \""residue\"": false, \""target_satisfied\"": true}""]",5ef5154b3bf9,judge-json-v5.1,2026-07-11T14:47:04.721554+00:00,1501.151,api.deepseek.com,0.2,disabled,semantic-state-v2
v4_file_10,file,deepseek-v4-flash,LLMJudgeRetry,1,final,True,False,success,True,False,False,1.0,False,0,36f3ccab6ec2,"{""decision"": ""success"", ""reason"": ""target state is satisfied and no unrelated state changed"", ""residue"": false, ""target_satisfied"": true}","[""{\""decision\"": \""success\"", \""reason\"": \""target state is satisfied and no unrelated state changed\"", \""residue\"": false, \""target_satisfied\"": true}""]",5ef5154b3bf9,judge-json-v5.1,2026-07-11T14:47:06.229256+00:00,2899.995,api.deepseek.com,0.2,disabled,semantic-state-v2
v4_file_10,file,deepseek-v4-flash,LLMJudgeStep,0,step,True,False,success,True,False,False,1.0,False,0,36f3ccab6ec2,"{""decision"": ""success"", ""reason"": ""target state is satisfied and no unrelated state changed"", ""residue"": false, ""target_satisfied"": true}","[""{\""decision\"": \""success\"", \""reason\"": \""target state is satisfied and no unrelated state changed\"", \""residue\"": false, \""target_satisfied\"": true}""]",87ba0a747553,judge-json-v5.1,2026-07-11T14:47:01.787182+00:00,2264.176,api.deepseek.com,0.2,disabled,semantic-state-v2
v4_file_10,file,deepseek-v4-flash,LLMJudgeStep,1,step,True,False,success,True,False,False,1.0,False,0,36f3ccab6ec2,"{""decision"": ""success"", ""reason"": ""target state is satisfied and no unrelated state changed"", ""residue"": false, ""target_satisfied"": true}","[""{\""decision\"": \""success\"", \""reason\"": \""target state is satisfied and no unrelated state changed\"", \""residue\"": false, \""target_satisfied\"": true}""]",87ba0a747553,judge-json-v5.1,2026-07-11T14:47:04.320236+00:00,2449.524,api.deepseek.com,0.2,disabled,semantic-state-v2
v4_file_11,file,deepseek-v4-flash,LLMJudgeFinal,0,final,True,False,success,True,False,False,1.0,False,0,36f3ccab6ec2,"{""decision"": ""success"", ""reason"": ""target state is satisfied and no unrelated state changed"", ""residue"": false, ""target_satisfied"": true}","[""{\""decision\"": \""success\"", \""reason\"": \""target state is satisfied and no unrelated state changed\"", \""residue\"": false, \""target_satisfied\"": true}""]",6245a0629bae,judge-json-v5.1,2026-07-11T14:47:10.692195+00:00,2230.761,api.deepseek.com,0.2,disabled,semantic-state-v2
v4_file_11,file,deepseek-v4-flash,LLMJudgeFinal,1,final,True,False,success,True,False,False,1.0,False,0,36f3ccab6ec2,"{""decision"": ""success"", ""reason"": ""target state is satisfied and no unrelated state changed"", ""residue"": false, ""target_satisfied"": true}","[""{\""decision\"": \""success\"", \""reason\"": \""target state is satisfied and no unrelated state changed\"", \""residue\"": false, \""target_satisfied\"": true}""]",6245a0629bae,judge-json-v5.1,2026-07-11T14:47:11.523524+00:00,2396.953,api.deepseek.com,0.2,disabled,semantic-state-v2
v4_file_11,file,deepseek-v4-flash,LLMJudgeRetry,0,final,True,False,success,True,False,False,1.0,False,0,36f3ccab6ec2,"{""decision"": ""success"", ""reason"": ""target state is satisfied and no unrelated state changed"", ""residue"": false, ""target_satisfied"": true}","[""{\""decision\"": \""success\"", \""reason\"": \""target state is satisfied and no unrelated state changed\"", \""residue\"": false, \""target_satisfied\"": true}""]",6245a0629bae,judge-json-v5.1,2026-07-11T14:47:14.274625+00:00,1718.865,api.deepseek.com,0.2,disabled,semantic-state-v2
v4_file_11,file,deepseek-v4-flash,LLMJudgeRetry,1,final,True,False,success,True,False,False,1.0,False,0,36f3ccab6ec2,"{""decision"": ""success"", ""reason"": ""target state is satisfied and no unrelated state changed"", ""residue"": false, ""target_satisfied"": true}","[""{\""decision\"": \""success\"", \""reason\"": \""target state is satisfied and no unrelated state changed\"", \""residue\"": false, \""target_satisfied\"": true}""]",6245a0629bae,judge-json-v5.1,2026-07-11T14:47:14.811067+00:00,1973.452,api.deepseek.com,0.2,disabled,semantic-state-v2
v4_file_11,file,deepseek-v4-flash,LLMJudgeStep,0,step,True,False,success,True,False,False,1.0,False,0,36f3ccab6ec2,"{""decision"": ""success"", ""reason"": ""target state is satisfied and no unrelated state changed"", ""residue"": false, ""target_satisfied"": true}","[""{\""decision\"": \""success\"", \""reason\"": \""target state is satisfied and no unrelated state changed\"", \""residue\"": false, \""target_satisfied\"": true}""]",a302553d6773,judge-json-v5.1,2026-07-11T14:47:11.205521+00:00,1545.911,api.deepseek.com,0.2,disabled,semantic-state-v2
v4_file_11,file,deepseek-v4-flash,LLMJudgeStep,1,step,True,False,success,True,False,False,1.0,False,0,36f3ccab6ec2,"{""decision"": ""success"", ""reason"": ""target state is satisfied and no unrelated state changed"", ""residue"": false, ""target_satisfied"": true}","[""{\""decision\"": \""success\"", \""reason\"": \""target state is satisfied and no unrelated state changed\"", \""residue\"": false, \""target_satisfied\"": true}""]",a302553d6773,judge-json-v5.1,2026-07-11T14:47:11.677608+00:00,1921.419,api.deepseek.com,0.2,disabled,semantic-state-v2
v4_file_12,file,deepseek-v4-flash,LLMJudgeFinal,0,final,True,False,success,True,False,False,1.0,False,0,36f3ccab6ec2,"{""decision"": ""success"", ""reason"": ""target state is satisfied and no unrelated state changed"", ""residue"": false, ""target_satisfied"": true}","[""{\""decision\"": \""success\"", \""reason\"": \""target state is satisfied and no unrelated state changed\"", \""residue\"": false, \""target_satisfied\"": true}""]",d378d2305304,judge-json-v5.1,2026-07-11T14:47:20.569137+00:00,2048.751,api.deepseek.com,0.2,disabled,semantic-state-v2
v4_file_12,file,deepseek-v4-flash,LLMJudgeFinal,1,final,True,False,success,True,False,False,1.0,False,0,36f3ccab6ec2,"{""decision"": ""success"", ""reason"": ""target state is satisfied and no unrelated state changed"", ""residue"": false, ""target_satisfied"": true}","[""{\""decision\"": \""success\"", \""reason\"": \""target state is satisfied and no unrelated state changed\"", \""residue\"": false, \""target_satisfied\"": true}""]",d378d2305304,judge-json-v5.1,2026-07-11T14:47:19.269946+00:00,1470.497,api.deepseek.com,0.2,disabled,semantic-state-v2
v4_file_12,file,deepseek-v4-flash,LLMJudgeRetry,0,final,True,False,success,True,False,False,1.0,False,0,36f3ccab6ec2,"{""decision"": ""success"", ""reason"": ""target state is satisfied and no unrelated state changed"", ""residue"": false, ""target_satisfied"": true}","[""{\""decision\"": \""success\"", \""reason\"": \""target state is satisfied and no unrelated state changed\"", \""residue\"": false, \""target_satisfied\"": true}""]",d378d2305304,judge-json-v5.1,2026-07-11T14:47:22.703703+00:00,1748.815,api.deepseek.com,0.2,disabled,semantic-state-v2
v4_file_12,file,deepseek-v4-flash,LLMJudgeRetry,1,final,True,False,success,True,False,False,1.0,False,0,36f3ccab6ec2,"{""decision"": ""success"", ""reason"": ""target state is satisfied and no unrelated state changed"", ""residue"": false, ""target_satisfied"": true}","[""{\""decision\"": \""success\"", \""reason\"": \""target state is satisfied and no unrelated state changed\"", \""residue\"": false, \""target_satisfied\"": true}""]",d378d2305304,judge-json-v5.1,2026-07-11T14:47:23.841512+00:00,2332.825,api.deepseek.com,0.2,disabled,semantic-state-v2
v4_file_12,file,deepseek-v4-flash,LLMJudgeStep,0,step,True,False,success,True,False,False,1.0,False,0,36f3ccab6ec2,"{""decision"": ""success"", ""reason"": ""target state is satisfied and no unrelated state changed"", ""residue"": false, ""target_satisfied"": true}","[""{\""decision\"": \""success\"", \""reason\"": \""target state is satisfied and no unrelated state changed\"", \""residue\"": false, \""target_satisfied\"": true}""]",28d65ebfe908,judge-json-v5.1,2026-07-11T14:47:20.477271+00:00,1588.898,api.deepseek.com,0.2,disabled,semantic-state-v2
v4_file_12,file,deepseek-v4-flash,LLMJudgeStep,1,step,True,False,success,True,False,False,1.0,False,0,36f3ccab6ec2,"{""decision"": ""success"", ""reason"": ""target state is satisfied and no unrelated state changed"", ""residue"": false, ""target_satisfied"": true}","[""{\""decision\"": \""success\"", \""reason\"": \""target state is satisfied and no unrelated state changed\"", \""residue\"": false, \""target_satisfied\"": true}""]",28d65ebfe908,judge-json-v5.1,2026-07-11T14:47:21.360686+00:00,2349.047,api.deepseek.com,0.2,disabled,semantic-state-v2
v4_file_13,file,deepseek-v4-flash,LLMJudgeFinal,0,final,True,False,success,True,False,False,1.0,False,0,36f3ccab6ec2,"{""decision"": ""success"", ""reason"": ""target state is satisfied and no unrelated state changed"", ""residue"": false, ""target_satisfied"": true}","[""{\""decision\"": \""success\"", \""reason\"": \""target state is satisfied and no unrelated state changed\"", \""residue\"": false, \""target_satisfied\"": true}""]",2602b662143f,judge-json-v5.1,2026-07-11T14:47:27.817143+00:00,1577.411,api.deepseek.com,0.2,disabled,semantic-state-v2
v4_file_13,file,deepseek-v4-flash,LLMJudgeFinal,1,final,True,False,success,True,False,False,1.0,False,0,36f3ccab6ec2,"{""decision"": ""success"", ""reason"": ""target state is satisfied and no unrelated state changed"", ""residue"": false, ""target_satisfied"": true}","[""{\""decision\"": \""success\"", \""reason\"": \""target state is satisfied and no unrelated state changed\"", \""residue\"": false, \""target_satisfied\"": true}""]",2602b662143f,judge-json-v5.1,2026-07-11T14:47:28.612461+00:00,2728.046,api.deepseek.com,0.2,disabled,semantic-state-v2
v4_file_13,file,deepseek-v4-flash,LLMJudgeRetry,0,final,True,False,success,True,False,False,1.0,False,0,36f3ccab6ec2,"{""decision"": ""success"", ""reason"": ""target state is satisfied and no unrelated state changed"", ""residue"": false, ""target_satisfied"": true}","[""{\""decision\"": \""success\"", \""reason\"": \""target state is satisfied and no unrelated state changed\"", \""residue\"": false, \""target_satisfied\"": true}""]",2602b662143f,judge-json-v5.1,2026-07-11T14:47:31.125412+00:00,1812.099,api.deepseek.com,0.2,disabled,semantic-state-v2
v4_file_13,file,deepseek-v4-flash,LLMJudgeRetry,1,final,True,False,success,True,False,False,1.0,False,0,36f3ccab6ec2,"{""decision"": ""success"", ""reason"": ""target state is satisfied and no unrelated state changed"", ""residue"": false, ""target_satisfied"": true}","[""{\""decision\"": \""success\"", \""reason\"": \""target state is satisfied and no unrelated state changed\"", \""residue\"": false, \""target_satisfied\"": true}""]",2602b662143f,judge-json-v5.1,2026-07-11T14:47:33.189596+00:00,2036.934,api.deepseek.com,0.2,disabled,semantic-state-v2
v4_file_13,file,deepseek-v4-flash,LLMJudgeStep,0,step,True,False,success,True,False,False,1.0,False,0,36f3ccab6ec2,"{""decision"": ""success"", ""reason"": ""target state is satisfied and no unrelated state changed"", ""residue"": false, ""target_satisfied"": true}","[""{\""decision\"": \""success\"", \""reason\"": \""target state is satisfied and no unrelated state changed\"", \""residue\"": false, \""target_satisfied\"": true}""]",8915c772bc8c,judge-json-v5.1,2026-07-11T14:47:30.290625+00:00,2727.941,api.deepseek.com,0.2,disabled,semantic-state-v2
v4_file_13,file,deepseek-v4-flash,LLMJudgeStep,1,step,True,False,success,True,False,False,1.0,False,0,36f3ccab6ec2,"{""decision"": ""success"", ""reason"": ""target state is satisfied and no unrelated state changed"", ""residue"": false, ""target_satisfied"": true}","[""{\""decision\"": \""success\"", \""reason\"": \""target state is satisfied and no unrelated state changed\"", \""residue\"": false, \""target_satisfied\"": true}""]",8915c772bc8c,judge-json-v5.1,2026-07-11T14:47:30.408061+00:00,2032.438,api.deepseek.com,0.2,disabled,semantic-state-v2
v4_form_00,web_form,deepseek-v4-flash,LLMJudgeFinal,0,final,True,False,success,True,False,False,1.0,False,0,36f3ccab6ec2,"{""decision"": ""success"", ""reason"": ""target state is satisfied and no unrelated state changed"", ""residue"": false, ""target_satisfied"": true}","[""{\""decision\"": \""success\"", \""reason\"": \""target state is satisfied and no unrelated state changed\"", \""residue\"": false, \""target_satisfied\"": true}""]",8ce4aa566771,judge-json-v5.1,2026-07-11T14:47:38.272735+00:00,2381.020,api.deepseek.com,0.2,disabled,semantic-state-v2
v4_form_00,web_form,deepseek-v4-flash,LLMJudgeFinal,1,final,True,False,success,True,False,False,1.0,False,0,36f3ccab6ec2,"{""decision"": ""success"", ""reason"": ""target state is satisfied and no unrelated state changed"", ""residue"": false, ""target_satisfied"": true}","[""{\""decision\"": \""success\"", \""reason\"": \""target state is satisfied and no unrelated state changed\"", \""residue\"": false, \""target_satisfied\"": true}""]",8ce4aa566771,judge-json-v5.1,2026-07-11T14:47:38.399631+00:00,1811.478,api.deepseek.com,0.2,disabled,semantic-state-v2
v4_form_00,web_form,deepseek-v4-flash,LLMJudgeRetry,0,final,True,False,success,True,False,False,1.0,False,0,36f3ccab6ec2,"{""decision"": ""success"", ""reason"": ""target state is satisfied and no unrelated state changed"", ""residue"": false, ""target_satisfied"": true}","[""{\""decision\"": \""success\"", \""reason\"": \""target state is satisfied and no unrelated state changed\"", \""residue\"": false, \""target_satisfied\"": true}""]",8ce4aa566771,judge-json-v5.1,2026-07-11T14:47:41.922660+00:00,1607.890,api.deepseek.com,0.2,disabled,semantic-state-v2
v4_form_00,web_form,deepseek-v4-flash,LLMJudgeRetry,1,final,True,False,success,True,False,False,1.0,False,0,36f3ccab6ec2,"{""decision"": ""success"", ""reason"": ""target state is satisfied and no unrelated state changed"", ""residue"": false, ""target_satisfied"": true}","[""{\""decision\"": \""success\"", \""reason\"": \""target state is satisfied and no unrelated state changed\"", \""residue\"": false, \""target_satisfied\"": true}""]",8ce4aa566771,judge-json-v5.1,2026-07-11T14:47:42.170871+00:00,2409.279,api.deepseek.com,0.2,disabled,semantic-state-v2
v4_form_00,web_form,deepseek-v4-flash,LLMJudgeStep,0,step,True,False,success,True,False,False,1.0,False,0,36f3ccab6ec2,"{""decision"": ""success"", ""reason"": ""target state is satisfied and no unrelated state changed"", ""residue"": false, ""target_satisfied"": true}","[""{\""decision\"": \""success\"", \""reason\"": \""target state is satisfied and no unrelated state changed\"", \""residue\"": false, \""target_satisfied\"": true}""]",3a8ecc83ae34,judge-json-v5.1,2026-07-11T14:47:38.613461+00:00,1549.418,api.deepseek.com,0.2,disabled,semantic-state-v2
v4_form_00,web_form,deepseek-v4-flash,LLMJudgeStep,1,step,True,False,success,True,False,False,1.0,False,0,36f3ccab6ec2,"{""decision"": ""success"", ""reason"": ""target state is satisfied and no unrelated state changed"", ""residue"": false, ""target_satisfied"": true}","[""{\""decision\"": \""success\"", \""reason\"": \""target state is satisfied and no unrelated state changed\"", \""residue\"": false, \""target_satisfied\"": true}""]",3a8ecc83ae34,judge-json-v5.1,2026-07-11T14:47:39.136113+00:00,3028.794,api.deepseek.com,0.2,disabled,semantic-state-v2
v4_form_01,web_form,deepseek-v4-flash,LLMJudgeFinal,0,final,True,False,success,True,False,False,1.0,False,0,36f3ccab6ec2,"{""decision"": ""success"", ""reason"": ""target state is satisfied and no unrelated state changed"", ""residue"": false, ""target_satisfied"": true}","[""{\""decision\"": \""success\"", \""reason\"": \""target state is satisfied and no unrelated state changed\"", \""residue\"": false, \""target_satisfied\"": true}""]",e66dbaf0c119,judge-json-v5.1,2026-07-11T14:47:47.148426+00:00,2358.305,api.deepseek.com,0.2,disabled,semantic-state-v2
v4_form_01,web_form,deepseek-v4-flash,LLMJudgeFinal,1,final,True,False,success,True,False,False,1.0,False,0,36f3ccab6ec2,"{""decision"": ""success"", ""reason"": ""target state is satisfied and no unrelated state changed"", ""residue"": false, ""target_satisfied"": true}","[""{\""decision\"": \""success\"", \""reason\"": \""target state is satisfied and no unrelated state changed\"", \""residue\"": false, \""target_satisfied\"": true}""]",e66dbaf0c119,judge-json-v5.1,2026-07-11T14:47:46.786776+00:00,1673.016,api.deepseek.com,0.2,disabled,semantic-state-v2
v4_form_01,web_form,deepseek-v4-flash,LLMJudgeRetry,0,final,True,False,success,True,False,False,1.0,False,0,36f3ccab6ec2,"{""decision"": ""success"", ""reason"": ""target state is satisfied and no unrelated state changed"", ""residue"": false, ""target_satisfied"": true}","[""{\""decision\"": \""success\"", \""reason\"": \""target state is satisfied and no unrelated state changed\"", \""residue\"": false, \""target_satisfied\"": true}""]",e66dbaf0c119,judge-json-v5.1,2026-07-11T14:47:49.995288+00:00,2382.793,api.deepseek.com,0.2,disabled,semantic-state-v2
v4_form_01,web_form,deepseek-v4-flash,LLMJudgeRetry,1,final,True,False,success,True,False,False,1.0,False,0,36f3ccab6ec2,"{""decision"": ""success"", ""reason"": ""target state is satisfied and no unrelated state changed"", ""residue"": false, ""target_satisfied"": true}","[""{\""decision\"": \""success\"", \""reason\"": \""target state is satisfied and no unrelated state changed\"", \""residue\"": false, \""target_satisfied\"": true}""]",e66dbaf0c119,judge-json-v5.1,2026-07-11T14:47:51.796063+00:00,2113.853,api.deepseek.com,0.2,disabled,semantic-state-v2
v4_form_01,web_form,deepseek-v4-flash,LLMJudgeStep,0,step,True,False,success,True,False,False,1.0,False,0,36f3ccab6ec2,"{""decision"": ""success"", ""reason"": ""target state is satisfied and no unrelated state changed"", ""residue"": false, ""target_satisfied"": true}","[""{\""decision\"": \""success\"", \""reason\"": \""target state is satisfied and no unrelated state changed\"", \""residue\"": false, \""target_satisfied\"": true}""]",d2f898e18344,judge-json-v5.1,2026-07-11T14:47:47.631458+00:00,2035.141,api.deepseek.com,0.2,disabled,semantic-state-v2
v4_form_01,web_form,deepseek-v4-flash,LLMJudgeStep,1,step,True,False,success,True,False,False,1.0,False,0,36f3ccab6ec2,"{""decision"": ""success"", ""reason"": ""target state is satisfied and no unrelated state changed"", ""residue"": false, ""target_satisfied"": true}","[""{\""decision\"": \""success\"", \""reason\"": \""target state is satisfied and no unrelated state changed\"", \""residue\"": false, \""target_satisfied\"": true}""]",d2f898e18344,judge-json-v5.1,2026-07-11T14:47:48.275880+00:00,1773.996,api.deepseek.com,0.2,disabled,semantic-state-v2
v4_form_02,web_form,deepseek-v4-flash,LLMJudgeFinal,0,final,True,False,success,True,False,False,1.0,False,0,36f3ccab6ec2,"{""decision"": ""success"", ""reason"": ""target state is satisfied and no unrelated state changed"", ""residue"": false, ""target_satisfied"": true}","[""{\""decision\"": \""success\"", \""reason\"": \""target state is satisfied and no unrelated state changed\"", \""residue\"": false, \""target_satisfied\"": true}""]",84b1a86ba361,judge-json-v5.1,2026-07-11T14:47:55.931436+00:00,2578.421,api.deepseek.com,0.2,disabled,semantic-state-v2
v4_form_02,web_form,deepseek-v4-flash,LLMJudgeFinal,1,final,True,False,success,True,False,False,1.0,False,0,36f3ccab6ec2,"{""decision"": ""success"", ""reason"": ""target state is satisfied and no unrelated state changed"", ""residue"": false, ""target_satisfied"": true}","[""{\""decision\"": \""success\"", \""reason\"": \""target state is satisfied and no unrelated state changed\"", \""residue\"": false, \""target_satisfied\"": true}""]",84b1a86ba361,judge-json-v5.1,2026-07-11T14:47:56.505537+00:00,2721.418,api.deepseek.com,0.2,disabled,semantic-state-v2
v4_form_02,web_form,deepseek-v4-flash,LLMJudgeRetry,0,final,True,False,success,True,False,False,1.0,False,0,36f3ccab6ec2,"{""decision"": ""success"", ""reason"": ""target state is satisfied and no unrelated state changed"", ""residue"": false, ""target_satisfied"": true}","[""{\""decision\"": \""success\"", \""reason\"": \""target state is satisfied and no unrelated state changed\"", \""residue\"": false, \""target_satisfied\"": true}""]",84b1a86ba361,judge-json-v5.1,2026-07-11T14:48:00.170946+00:00,1873.616,api.deepseek.com,0.2,disabled,semantic-state-v2
v4_form_02,web_form,deepseek-v4-flash,LLMJudgeRetry,1,final,True,False,success,True,False,False,1.0,False,0,36f3ccab6ec2,"{""decision"": ""success"", ""reason"": ""target state is satisfied and no unrelated state changed"", ""residue"": false, ""target_satisfied"": true}","[""{\""decision\"": \""success\"", \""reason\"": \""target state is satisfied and no unrelated state changed\"", \""residue\"": false, \""target_satisfied\"": true}""]",84b1a86ba361,judge-json-v5.1,2026-07-11T14:48:00.505132+00:00,1920.055,api.deepseek.com,0.2,disabled,semantic-state-v2
v4_form_02,web_form,deepseek-v4-flash,LLMJudgeStep,0,step,True,False,success,True,False,False,1.0,False,0,36f3ccab6ec2,"{""decision"": ""success"", ""reason"": ""target state is satisfied and no unrelated state changed"", ""residue"": false, ""target_satisfied"": true}","[""{\""decision\"": \""success\"", \""reason\"": \""target state is satisfied and no unrelated state changed\"", \""residue\"": false, \""target_satisfied\"": true}""]",662f9ae2355a,judge-json-v5.1,2026-07-11T14:47:56.443343+00:00,1832.489,api.deepseek.com,0.2,disabled,semantic-state-v2
v4_form_02,web_form,deepseek-v4-flash,LLMJudgeStep,1,step,True,False,success,True,False,False,1.0,False,0,36f3ccab6ec2,"{""decision"": ""success"", ""reason"": ""target state is satisfied and no unrelated state changed"", ""residue"": false, ""target_satisfied"": true}","[""{\""decision\"": \""success\"", \""reason\"": \""target state is satisfied and no unrelated state changed\"", \""residue\"": false, \""target_satisfied\"": true}""]",662f9ae2355a,judge-json-v5.1,2026-07-11T14:47:58.608916+00:00,2854.767,api.deepseek.com,0.2,disabled,semantic-state-v2
v4_form_03,web_form,deepseek-v4-flash,LLMJudgeFinal,0,final,True,False,success,True,False,False,1.0,False,0,36f3ccab6ec2,"{""decision"": ""success"", ""reason"": ""target state is satisfied and no unrelated state changed"", ""residue"": false, ""target_satisfied"": true}","[""{\""decision\"": \""success\"", \""reason\"": \""target state is satisfied and no unrelated state changed\"", \""residue\"": false, \""target_satisfied\"": true}""]",92ec75768887,judge-json-v5.1,2026-07-11T14:48:05.274733+00:00,1629.592,api.deepseek.com,0.2,disabled,semantic-state-v2
v4_form_03,web_form,deepseek-v4-flash,LLMJudgeFinal,1,final,True,False,success,True,False,False,1.0,False,0,36f3ccab6ec2,"{""decision"": ""success"", ""reason"": ""target state is satisfied and no unrelated state changed"", ""residue"": false, ""target_satisfied"": true}","[""{\""decision\"": \""success\"", \""reason\"": \""target state is satisfied and no unrelated state changed\"", \""residue\"": false, \""target_satisfied\"": true}""]",92ec75768887,judge-json-v5.1,2026-07-11T14:48:05.872346+00:00,2051.409,api.deepseek.com,0.2,disabled,semantic-state-v2
v4_form_03,web_form,deepseek-v4-flash,LLMJudgeRetry,0,final,True,False,success,True,False,False,1.0,False,0,36f3ccab6ec2,"{""decision"": ""success"", ""reason"": ""target state is satisfied and no unrelated state changed"", ""residue"": false, ""target_satisfied"": true}","[""{\""decision\"": \""success\"", \""reason\"": \""target state is satisfied and no unrelated state changed\"", \""residue\"": false, \""target_satisfied\"": true}""]",92ec75768887,judge-json-v5.1,2026-07-11T14:48:08.751001+00:00,2304.104,api.deepseek.com,0.2,disabled,semantic-state-v2
v4_form_03,web_form,deepseek-v4-flash,LLMJudgeRetry,1,final,True,False,success,True,False,False,1.0,False,0,36f3ccab6ec2,"{""decision"": ""success"", ""reason"": ""target state is satisfied and no unrelated state changed"", ""residue"": false, ""target_satisfied"": true}","[""{\""decision\"": \""success\"", \""reason\"": \""target state is satisfied and no unrelated state changed\"", \""residue\"": false, \""target_satisfied\"": true}""]",92ec75768887,judge-json-v5.1,2026-07-11T14:48:09.765321+00:00,3138.961,api.deepseek.com,0.2,disabled,semantic-state-v2
v4_form_03,web_form,deepseek-v4-flash,LLMJudgeStep,0,step,True,False,success,True,False,False,1.0,False,0,36f3ccab6ec2,"{""decision"": ""success"", ""reason"": ""target state is satisfied and no unrelated state changed"", ""residue"": false, ""target_satisfied"": true}","[""{\""decision\"": \""success\"", \""reason\"": \""target state is satisfied and no unrelated state changed\"", \""residue\"": false, \""target_satisfied\"": true}""]",e543320812eb,judge-json-v5.1,2026-07-11T14:48:05.992594+00:00,1839.450,api.deepseek.com,0.2,disabled,semantic-state-v2
v4_form_03,web_form,deepseek-v4-flash,LLMJudgeStep,1,step,True,False,success,True,False,False,1.0,False,0,955d7af01ef3,"{""decision"": ""success"", ""reason"": ""The action deleted del_3, which was stale, and del_3_backup remains unchanged. Target satisfied, no side effects."", ""residue"": false, ""target_satisfied"": true}","[""{\""decision\"": \""success\"", \""reason\"": \""The action deleted del_3, which was stale, and del_3_backup remains unchanged. Target satisfied, no side effects.\"", \""residue\"": false, \""target_satisfied\"": true}""]",e543320812eb,judge-json-v5.1,2026-07-11T14:48:07.814423+00:00,2044.481,api.deepseek.com,0.2,disabled,semantic-state-v2
v4_form_04,web_form,deepseek-v4-flash,LLMJudgeFinal,0,final,True,False,success,True,False,False,1.0,False,0,36f3ccab6ec2,"{""decision"": ""success"", ""reason"": ""target state is satisfied and no unrelated state changed"", ""residue"": false, ""target_satisfied"": true}","[""{\""decision\"": \""success\"", \""reason\"": \""target state is satisfied and no unrelated state changed\"", \""residue\"": false, \""target_satisfied\"": true}""]",feabe684eaaa,judge-json-v5.1,2026-07-11T14:48:15.427855+00:00,2621.366,api.deepseek.com,0.2,disabled,semantic-state-v2
v4_form_04,web_form,deepseek-v4-flash,LLMJudgeFinal,1,final,True,False,success,True,False,False,1.0,False,0,36f3ccab6ec2,"{""decision"": ""success"", ""reason"": ""target state is satisfied and no unrelated state changed"", ""residue"": false, ""target_satisfied"": true}","[""{\""decision\"": \""success\"", \""reason\"": \""target state is satisfied and no unrelated state changed\"", \""residue\"": false, \""target_satisfied\"": true}""]",feabe684eaaa,judge-json-v5.1,2026-07-11T14:48:15.436079+00:00,2021.737,api.deepseek.com,0.2,disabled,semantic-state-v2
v4_form_04,web_form,deepseek-v4-flash,LLMJudgeRetry,0,final,True,False,success,True,False,False,1.0,False,0,36f3ccab6ec2,"{""decision"": ""success"", ""reason"": ""target state is satisfied and no unrelated state changed"", ""residue"": false, ""target_satisfied"": true}","[""{\""decision\"": \""success\"", \""reason\"": \""target state is satisfied and no unrelated state changed\"", \""residue\"": false, \""target_satisfied\"": true}""]",feabe684eaaa,judge-json-v5.1,2026-07-11T14:48:18.953398+00:00,1557.517,api.deepseek.com,0.2,disabled,semantic-state-v2
v4_form_04,web_form,deepseek-v4-flash,LLMJudgeRetry,1,final,True,False,success,True,False,False,1.0,False,0,36f3ccab6ec2,"{""decision"": ""success"", ""reason"": ""target state is satisfied and no unrelated state changed"", ""residue"": false, ""target_satisfied"": true}","[""{\""decision\"": \""success\"", \""reason\"": \""target state is satisfied and no unrelated state changed\"", \""residue\"": false, \""target_satisfied\"": true}""]",feabe684eaaa,judge-json-v5.1,2026-07-11T14:48:19.385866+00:00,1818.581,api.deepseek.com,0.2,disabled,semantic-state-v2
v4_form_04,web_form,deepseek-v4-flash,LLMJudgeStep,0,step,True,False,success,True,False,False,1.0,False,0,36f3ccab6ec2,"{""decision"": ""success"", ""reason"": ""target state is satisfied and no unrelated state changed"", ""residue"": false, ""target_satisfied"": true}","[""{\""decision\"": \""success\"", \""reason\"": \""target state is satisfied and no unrelated state changed\"", \""residue\"": false, \""target_satisfied\"": true}""]",42706637326c,judge-json-v5.1,2026-07-11T14:48:15.422914+00:00,1767.620,api.deepseek.com,0.2,disabled,semantic-state-v2
v4_form_04,web_form,deepseek-v4-flash,LLMJudgeStep,1,step,True,False,success,True,False,False,1.0,False,0,36f3ccab6ec2,"{""decision"": ""success"", ""reason"": ""target state is satisfied and no unrelated state changed"", ""residue"": false, ""target_satisfied"": true}","[""{\""decision\"": \""success\"", \""reason\"": \""target state is satisfied and no unrelated state changed\"", \""residue\"": false, \""target_satisfied\"": true}""]",42706637326c,judge-json-v5.1,2026-07-11T14:48:16.891988+00:00,2404.742,api.deepseek.com,0.2,disabled,semantic-state-v2
v4_form_05,web_form,deepseek-v4-flash,LLMJudgeFinal,0,final,True,False,success,True,False,False,1.0,False,0,36f3ccab6ec2,"{""decision"": ""success"", ""reason"": ""target state is satisfied and no unrelated state changed"", ""residue"": false, ""target_satisfied"": true}","[""{\""decision\"": \""success\"", \""reason\"": \""target state is satisfied and no unrelated state changed\"", \""residue\"": false, \""target_satisfied\"": true}""]",06923b308e52,judge-json-v5.1,2026-07-11T14:48:23.704022+00:00,1701.792,api.deepseek.com,0.2,disabled,semantic-state-v2
v4_form_05,web_form,deepseek-v4-flash,LLMJudgeFinal,1,final,True,False,success,True,False,False,1.0,False,0,36f3ccab6ec2,"{""decision"": ""success"", ""reason"": ""target state is satisfied and no unrelated state changed"", ""residue"": false, ""target_satisfied"": true}","[""{\""decision\"": \""success\"", \""reason\"": \""target state is satisfied and no unrelated state changed\"", \""residue\"": false, \""target_satisfied\"": true}""]",06923b308e52,judge-json-v5.1,2026-07-11T14:48:23.872711+00:00,1689.735,api.deepseek.com,0.2,disabled,semantic-state-v2
v4_form_05,web_form,deepseek-v4-flash,LLMJudgeRetry,0,final,True,False,success,True,False,False,1.0,False,0,36f3ccab6ec2,"{""decision"": ""success"", ""reason"": ""target state is satisfied and no unrelated state changed"", ""residue"": false, ""target_satisfied"": true}","[""{\""decision\"": \""success\"", \""reason\"": \""target state is satisfied and no unrelated state changed\"", \""residue\"": false, \""target_satisfied\"": true}""]",06923b308e52,judge-json-v5.1,2026-07-11T14:48:28.265080+00:00,1789.906,api.deepseek.com,0.2,disabled,semantic-state-v2
v4_form_05,web_form,deepseek-v4-flash,LLMJudgeRetry,1,final,True,False,success,True,False,False,1.0,False,0,36f3ccab6ec2,"{""decision"": ""success"", ""reason"": ""target state is satisfied and no unrelated state changed"", ""residue"": false, ""target_satisfied"": true}","[""{\""decision\"": \""success\"", \""reason\"": \""target state is satisfied and no unrelated state changed\"", \""residue\"": false, \""target_satisfied\"": true}""]",06923b308e52,judge-json-v5.1,2026-07-11T14:48:27.323541+00:00,1884.502,api.deepseek.com,0.2,disabled,semantic-state-v2
v4_form_05,web_form,deepseek-v4-flash,LLMJudgeStep,0,step,True,False,success,True,False,False,1.0,False,0,36f3ccab6ec2,"{""decision"": ""success"", ""reason"": ""target state is satisfied and no unrelated state changed"", ""residue"": false, ""target_satisfied"": true}","[""{\""decision\"": \""success\"", \""reason\"": \""target state is satisfied and no unrelated state changed\"", \""residue\"": false, \""target_satisfied\"": true}""]",4ed040d23337,judge-json-v5.1,2026-07-11T14:48:24.641143+00:00,1567.217,api.deepseek.com,0.2,disabled,semantic-state-v2
v4_form_05,web_form,deepseek-v4-flash,LLMJudgeStep,1,step,True,False,success,True,False,False,1.0,False,0,36f3ccab6ec2,"{""decision"": ""success"", ""reason"": ""target state is satisfied and no unrelated state changed"", ""residue"": false, ""target_satisfied"": true}","[""{\""decision\"": \""success\"", \""reason\"": \""target state is satisfied and no unrelated state changed\"", \""residue\"": false, \""target_satisfied\"": true}""]",4ed040d23337,judge-json-v5.1,2026-07-11T14:48:25.242999+00:00,2067.916,api.deepseek.com,0.2,disabled,semantic-state-v2
v4_form_06,web_form,deepseek-v4-flash,LLMJudgeFinal,0,final,True,False,success,True,False,False,1.0,False,0,36f3ccab6ec2,"{""decision"": ""success"", ""reason"": ""target state is satisfied and no unrelated state changed"", ""residue"": false, ""target_satisfied"": true}","[""{\""decision\"": \""success\"", \""reason\"": \""target state is satisfied and no unrelated state changed\"", \""residue\"": false, \""target_satisfied\"": true}""]",5c78fe1cec84,judge-json-v5.1,2026-07-11T14:48:34.975484+00:00,2117.745,api.deepseek.com,0.2,disabled,semantic-state-v2
v4_form_06,web_form,deepseek-v4-flash,LLMJudgeFinal,1,final,True,False,success,True,False,False,1.0,False,0,36f3ccab6ec2,"{""decision"": ""success"", ""reason"": ""target state is satisfied and no unrelated state changed"", ""residue"": false, ""target_satisfied"": true}","[""{\""decision\"": \""success\"", \""reason\"": \""target state is satisfied and no unrelated state changed\"", \""residue\"": false, \""target_satisfied\"": true}""]",5c78fe1cec84,judge-json-v5.1,2026-07-11T14:48:32.706861+00:00,1842.437,api.deepseek.com,0.2,disabled,semantic-state-v2
v4_form_06,web_form,deepseek-v4-flash,LLMJudgeRetry,0,final,True,False,success,True,False,False,1.0,False,0,36f3ccab6ec2,"{""decision"": ""success"", ""reason"": ""target state is satisfied and no unrelated state changed"", ""residue"": false, ""target_satisfied"": true}","[""{\""decision\"": \""success\"", \""reason\"": \""target state is satisfied and no unrelated state changed\"", \""residue\"": false, \""target_satisfied\"": true}""]",5c78fe1cec84,judge-json-v5.1,2026-07-11T14:48:36.391801+00:00,2560.851,api.deepseek.com,0.2,disabled,semantic-state-v2
v4_form_06,web_form,deepseek-v4-flash,LLMJudgeRetry,1,final,True,False,success,True,False,False,1.0,False,0,36f3ccab6ec2,"{""decision"": ""success"", ""reason"": ""target state is satisfied and no unrelated state changed"", ""residue"": false, ""target_satisfied"": true}","[""{\""decision\"": \""success\"", \""reason\"": \""target state is satisfied and no unrelated state changed\"", \""residue\"": false, \""target_satisfied\"": true}""]",5c78fe1cec84,judge-json-v5.1,2026-07-11T14:48:36.849883+00:00,1706.475,api.deepseek.com,0.2,disabled,semantic-state-v2
v4_form_06,web_form,deepseek-v4-flash,LLMJudgeStep,0,step,True,False,success,True,False,False,1.0,False,0,36f3ccab6ec2,"{""decision"": ""success"", ""reason"": ""target state is satisfied and no unrelated state changed"", ""residue"": false, ""target_satisfied"": true}","[""{\""decision\"": \""success\"", \""reason\"": \""target state is satisfied and no unrelated state changed\"", \""residue\"": false, \""target_satisfied\"": true}""]",02357a86b14b,judge-json-v5.1,2026-07-11T14:48:33.658776+00:00,1527.227,api.deepseek.com,0.2,disabled,semantic-state-v2
v4_form_06,web_form,deepseek-v4-flash,LLMJudgeStep,1,step,True,False,success,True,False,False,1.0,False,0,36f3ccab6ec2,"{""decision"": ""success"", ""reason"": ""target state is satisfied and no unrelated state changed"", ""residue"": false, ""target_satisfied"": true}","[""{\""decision\"": \""success\"", \""reason\"": \""target state is satisfied and no unrelated state changed\"", \""residue\"": false, \""target_satisfied\"": true}""]",02357a86b14b,judge-json-v5.1,2026-07-11T14:48:34.921081+00:00,2031.589,api.deepseek.com,0.2,disabled,semantic-state-v2
v4_form_07,web_form,deepseek-v4-flash,LLMJudgeFinal,0,final,True,False,success,True,False,False,1.0,False,0,36f3ccab6ec2,"{""decision"": ""success"", ""reason"": ""target state is satisfied and no unrelated state changed"", ""residue"": false, ""target_satisfied"": true}","[""{\""decision\"": \""success\"", \""reason\"": \""target state is satisfied and no unrelated state changed\"", \""residue\"": false, \""target_satisfied\"": true}""]",b566118604f8,judge-json-v5.1,2026-07-11T14:48:42.021428+00:00,1700.388,api.deepseek.com,0.2,disabled,semantic-state-v2
v4_form_07,web_form,deepseek-v4-flash,LLMJudgeFinal,1,final,True,False,success,True,False,False,1.0,False,0,36f3ccab6ec2,"{""decision"": ""success"", ""reason"": ""target state is satisfied and no unrelated state changed"", ""residue"": false, ""target_satisfied"": true}","[""{\""decision\"": \""success\"", \""reason\"": \""target state is satisfied and no unrelated state changed\"", \""residue\"": false, \""target_satisfied\"": true}""]",b566118604f8,judge-json-v5.1,2026-07-11T14:48:43.047929+00:00,2028.590,api.deepseek.com,0.2,disabled,semantic-state-v2
v4_form_07,web_form,deepseek-v4-flash,LLMJudgeRetry,0,final,True,False,success,True,False,False,1.0,False,0,36f3ccab6ec2,"{""decision"": ""success"", ""reason"": ""target state is satisfied and no unrelated state changed"", ""residue"": false, ""target_satisfied"": true}","[""{\""decision\"": \""success\"", \""reason\"": \""target state is satisfied and no unrelated state changed\"", \""residue\"": false, \""target_satisfied\"": true}""]",b566118604f8,judge-json-v5.1,2026-07-11T14:48:45.381469+00:00,1966.692,api.deepseek.com,0.2,disabled,semantic-state-v2
v4_form_07,web_form,deepseek-v4-flash,LLMJudgeRetry,1,final,True,False,success,True,False,False,1.0,False,0,36f3ccab6ec2,"{""decision"": ""success"", ""reason"": ""target state is satisfied and no unrelated state changed"", ""residue"": false, ""target_satisfied"": true}","[""{\""decision\"": \""success\"", \""reason\"": \""target state is satisfied and no unrelated state changed\"", \""residue\"": false, \""target_satisfied\"": true}""]",b566118604f8,judge-json-v5.1,2026-07-11T14:48:46.934898+00:00,1917.452,api.deepseek.com,0.2,disabled,semantic-state-v2
v4_form_07,web_form,deepseek-v4-flash,LLMJudgeStep,0,step,True,False,success,True,False,False,1.0,False,0,36f3ccab6ec2,"{""decision"": ""success"", ""reason"": ""target state is satisfied and no unrelated state changed"", ""residue"": false, ""target_satisfied"": true}","[""{\""decision\"": \""success\"", \""reason\"": \""target state is satisfied and no unrelated state changed\"", \""residue\"": false, \""target_satisfied\"": true}""]",d05e65507d81,judge-json-v5.1,2026-07-11T14:48:43.542475+00:00,1841.417,api.deepseek.com,0.2,disabled,semantic-state-v2
v4_form_07,web_form,deepseek-v4-flash,LLMJudgeStep,1,step,True,False,success,True,False,False,1.0,False,0,36f3ccab6ec2,"{""decision"": ""success"", ""reason"": ""target state is satisfied and no unrelated state changed"", ""residue"": false, ""target_satisfied"": true}","[""{\""decision\"": \""success\"", \""reason\"": \""target state is satisfied and no unrelated state changed\"", \""residue\"": false, \""target_satisfied\"": true}""]",d05e65507d81,judge-json-v5.1,2026-07-11T14:48:44.030642+00:00,2279.983,api.deepseek.com,0.2,disabled,semantic-state-v2
v4_form_08,web_form,deepseek-v4-flash,LLMJudgeFinal,0,final,True,False,success,True,False,False,1.0,False,0,36f3ccab6ec2,"{""decision"": ""success"", ""reason"": ""target state is satisfied and no unrelated state changed"", ""residue"": false, ""target_satisfied"": true}","[""{\""decision\"": \""success\"", \""reason\"": \""target state is satisfied and no unrelated state changed\"", \""residue\"": false, \""target_satisfied\"": true}""]",20f5bdb3ff07,judge-json-v5.1,2026-07-11T14:48:50.724764+00:00,2300.674,api.deepseek.com,0.2,disabled,semantic-state-v2
v4_form_08,web_form,deepseek-v4-flash,LLMJudgeFinal,1,final,True,False,success,True,False,False,1.0,False,0,36f3ccab6ec2,"{""decision"": ""success"", ""reason"": ""target state is satisfied and no unrelated state changed"", ""residue"": false, ""target_satisfied"": true}","[""{\""decision\"": \""success\"", \""reason\"": \""target state is satisfied and no unrelated state changed\"", \""residue\"": false, \""target_satisfied\"": true}""]",20f5bdb3ff07,judge-json-v5.1,2026-07-11T14:48:51.676327+00:00,1638.057,api.deepseek.com,0.2,disabled,semantic-state-v2
v4_form_08,web_form,deepseek-v4-flash,LLMJudgeRetry,0,final,True,False,success,True,False,False,1.0,False,0,36f3ccab6ec2,"{""decision"": ""success"", ""reason"": ""target state is satisfied and no unrelated state changed"", ""residue"": false, ""target_satisfied"": true}","[""{\""decision\"": \""success\"", \""reason\"": \""target state is satisfied and no unrelated state changed\"", \""residue\"": false, \""target_satisfied\"": true}""]",20f5bdb3ff07,judge-json-v5.1,2026-07-11T14:48:54.758971+00:00,1898.704,api.deepseek.com,0.2,disabled,semantic-state-v2
v4_form_08,web_form,deepseek-v4-flash,LLMJudgeRetry,1,final,True,False,success,True,False,False,1.0,False,0,36f3ccab6ec2,"{""decision"": ""success"", ""reason"": ""target state is satisfied and no unrelated state changed"", ""residue"": false, ""target_satisfied"": true}","[""{\""decision\"": \""success\"", \""reason\"": \""target state is satisfied and no unrelated state changed\"", \""residue\"": false, \""target_satisfied\"": true}""]",20f5bdb3ff07,judge-json-v5.1,2026-07-11T14:48:55.003350+00:00,1939.277,api.deepseek.com,0.2,disabled,semantic-state-v2
v4_form_08,web_form,deepseek-v4-flash,LLMJudgeStep,0,step,True,False,success,True,False,False,1.0,False,0,36f3ccab6ec2,"{""decision"": ""success"", ""reason"": ""target state is satisfied and no unrelated state changed"", ""residue"": false, ""target_satisfied"": true}","[""{\""decision\"": \""success\"", \""reason\"": \""target state is satisfied and no unrelated state changed\"", \""residue\"": false, \""target_satisfied\"": true}""]",67dd6a4feb49,judge-json-v5.1,2026-07-11T14:48:52.937256+00:00,1911.979,api.deepseek.com,0.2,disabled,semantic-state-v2
v4_form_08,web_form,deepseek-v4-flash,LLMJudgeStep,1,step,True,False,success,True,False,False,1.0,False,0,36f3ccab6ec2,"{""decision"": ""success"", ""reason"": ""target state is satisfied and no unrelated state changed"", ""residue"": false, ""target_satisfied"": true}","[""{\""decision\"": \""success\"", \""reason\"": \""target state is satisfied and no unrelated state changed\"", \""residue\"": false, \""target_satisfied\"": true}""]",67dd6a4feb49,judge-json-v5.1,2026-07-11T14:48:53.826211+00:00,2645.489,api.deepseek.com,0.2,disabled,semantic-state-v2
v4_form_09,web_form,deepseek-v4-flash,LLMJudgeFinal,0,final,True,False,success,True,False,False,1.0,False,0,36f3ccab6ec2,"{""decision"": ""success"", ""reason"": ""target state is satisfied and no unrelated state changed"", ""residue"": false, ""target_satisfied"": true}","[""{\""decision\"": \""success\"", \""reason\"": \""target state is satisfied and no unrelated state changed\"", \""residue\"": false, \""target_satisfied\"": true}""]",44b7417b0b60,judge-json-v5.1,2026-07-11T14:49:00.612078+00:00,1993.012,api.deepseek.com,0.2,disabled,semantic-state-v2
v4_form_09,web_form,deepseek-v4-flash,LLMJudgeFinal,1,final,True,False,success,True,False,False,1.0,False,0,36f3ccab6ec2,"{""decision"": ""success"", ""reason"": ""target state is satisfied and no unrelated state changed"", ""residue"": false, ""target_satisfied"": true}","[""{\""decision\"": \""success\"", \""reason\"": \""target state is satisfied and no unrelated state changed\"", \""residue\"": false, \""target_satisfied\"": true}""]",44b7417b0b60,judge-json-v5.1,2026-07-11T14:49:00.734019+00:00,1817.292,api.deepseek.com,0.2,disabled,semantic-state-v2
v4_form_09,web_form,deepseek-v4-flash,LLMJudgeRetry,0,final,True,False,success,True,False,False,1.0,False,0,36f3ccab6ec2,"{""decision"": ""success"", ""reason"": ""target state is satisfied and no unrelated state changed"", ""residue"": false, ""target_satisfied"": true}","[""{\""decision\"": \""success\"", \""reason\"": \""target state is satisfied and no unrelated state changed\"", \""residue\"": false, \""target_satisfied\"": true}""]",44b7417b0b60,judge-json-v5.1,2026-07-11T14:49:04.449821+00:00,2461.764,api.deepseek.com,0.2,disabled,semantic-state-v2
v4_form_09,web_form,deepseek-v4-flash,LLMJudgeRetry,1,final,True,False,success,True,False,False,1.0,False,0,36f3ccab6ec2,"{""decision"": ""success"", ""reason"": ""target state is satisfied and no unrelated state changed"", ""residue"": false, ""target_satisfied"": true}","[""{\""decision\"": \""success\"", \""reason\"": \""target state is satisfied and no unrelated state changed\"", \""residue\"": false, \""target_satisfied\"": true}""]",44b7417b0b60,judge-json-v5.1,2026-07-11T14:49:04.780230+00:00,3795.936,api.deepseek.com,0.2,disabled,semantic-state-v2
v4_form_09,web_form,deepseek-v4-flash,LLMJudgeStep,0,step,True,False,success,True,False,False,1.0,False,0,36f3ccab6ec2,"{""decision"": ""success"", ""reason"": ""target state is satisfied and no unrelated state changed"", ""residue"": false, ""target_satisfied"": true}","[""{\""decision\"": \""success\"", \""reason\"": \""target state is satisfied and no unrelated state changed\"", \""residue\"": false, \""target_satisfied\"": true}""]",e7e079f5c828,judge-json-v5.1,2026-07-11T14:49:00.718076+00:00,2608.722,api.deepseek.com,0.2,disabled,semantic-state-v2
v4_form_09,web_form,deepseek-v4-flash,LLMJudgeStep,1,step,True,False,success,True,False,False,1.0,False,0,36f3ccab6ec2,"{""decision"": ""success"", ""reason"": ""target state is satisfied and no unrelated state changed"", ""residue"": false, ""target_satisfied"": true}","[""{\""decision\"": \""success\"", \""reason\"": \""target state is satisfied and no unrelated state changed\"", \""residue\"": false, \""target_satisfied\"": true}""]",e7e079f5c828,judge-json-v5.1,2026-07-11T14:49:01.598470+00:00,1680.316,api.deepseek.com,0.2,disabled,semantic-state-v2
v4_form_10,web_form,deepseek-v4-flash,LLMJudgeFinal,0,final,True,False,success,True,False,False,1.0,False,0,36f3ccab6ec2,"{""decision"": ""success"", ""reason"": ""target state is satisfied and no unrelated state changed"", ""residue"": false, ""target_satisfied"": true}","[""{\""decision\"": \""success\"", \""reason\"": \""target state is satisfied and no unrelated state changed\"", \""residue\"": false, \""target_satisfied\"": true}""]",5e0ed89713a6,judge-json-v5.1,2026-07-11T14:49:09.006109+00:00,1847.873,api.deepseek.com,0.2,disabled,semantic-state-v2
v4_form_10,web_form,deepseek-v4-flash,LLMJudgeFinal,1,final,True,False,success,True,False,False,1.0,False,0,36f3ccab6ec2,"{""decision"": ""success"", ""reason"": ""target state is satisfied and no unrelated state changed"", ""residue"": false, ""target_satisfied"": true}","[""{\""decision\"": \""success\"", \""reason\"": \""target state is satisfied and no unrelated state changed\"", \""residue\"": false, \""target_satisfied\"": true}""]",5e0ed89713a6,judge-json-v5.1,2026-07-11T14:49:10.956410+00:00,2275.391,api.deepseek.com,0.2,disabled,semantic-state-v2
v4_form_10,web_form,deepseek-v4-flash,LLMJudgeRetry,0,final,True,False,success,True,False,False,1.0,False,0,36f3ccab6ec2,"{""decision"": ""success"", ""reason"": ""target state is satisfied and no unrelated state changed"", ""residue"": false, ""target_satisfied"": true}","[""{\""decision\"": \""success\"", \""reason\"": \""target state is satisfied and no unrelated state changed\"", \""residue\"": false, \""target_satisfied\"": true}""]",5e0ed89713a6,judge-json-v5.1,2026-07-11T14:49:12.612149+00:00,1676.266,api.deepseek.com,0.2,disabled,semantic-state-v2
v4_form_10,web_form,deepseek-v4-flash,LLMJudgeRetry,1,final,True,False,success,True,False,False,1.0,False,0,36f3ccab6ec2,"{""decision"": ""success"", ""reason"": ""target state is satisfied and no unrelated state changed"", ""residue"": false, ""target_satisfied"": true}","[""{\""decision\"": \""success\"", \""reason\"": \""target state is satisfied and no unrelated state changed\"", \""residue\"": false, \""target_satisfied\"": true}""]",5e0ed89713a6,judge-json-v5.1,2026-07-11T14:49:15.356165+00:00,2132.410,api.deepseek.com,0.2,disabled,semantic-state-v2
v4_form_10,web_form,deepseek-v4-flash,LLMJudgeStep,0,step,True,False,success,True,False,False,1.0,False,0,36f3ccab6ec2,"{""decision"": ""success"", ""reason"": ""target state is satisfied and no unrelated state changed"", ""residue"": false, ""target_satisfied"": true}","[""{\""decision\"": \""success\"", \""reason\"": \""target state is satisfied and no unrelated state changed\"", \""residue\"": false, \""target_satisfied\"": true}""]",8adc1390f250,judge-json-v5.1,2026-07-11T14:49:10.852380+00:00,2384.499,api.deepseek.com,0.2,disabled,semantic-state-v2
v4_form_10,web_form,deepseek-v4-flash,LLMJudgeStep,1,step,True,False,success,True,False,False,1.0,False,0,36f3ccab6ec2,"{""decision"": ""success"", ""reason"": ""target state is satisfied and no unrelated state changed"", ""residue"": false, ""target_satisfied"": true}","[""{\""decision\"": \""success\"", \""reason\"": \""target state is satisfied and no unrelated state changed\"", \""residue\"": false, \""target_satisfied\"": true}""]",8adc1390f250,judge-json-v5.1,2026-07-11T14:49:12.124646+00:00,1916.277,api.deepseek.com,0.2,disabled,semantic-state-v2
v4_form_11,web_form,deepseek-v4-flash,LLMJudgeFinal,0,final,True,False,success,True,False,False,1.0,False,0,36f3ccab6ec2,"{""decision"": ""success"", ""reason"": ""target state is satisfied and no unrelated state changed"", ""residue"": false, ""target_satisfied"": true}","[""{\""decision\"": \""success\"", \""reason\"": \""target state is satisfied and no unrelated state changed\"", \""residue\"": false, \""target_satisfied\"": true}""]",3df17dd57cea,judge-json-v5.1,2026-07-11T14:49:18.590279+00:00,2674.946,api.deepseek.com,0.2,disabled,semantic-state-v2
v4_form_11,web_form,deepseek-v4-flash,LLMJudgeFinal,1,final,True,False,success,True,False,False,1.0,False,0,36f3ccab6ec2,"{""decision"": ""success"", ""reason"": ""target state is satisfied and no unrelated state changed"", ""residue"": false, ""target_satisfied"": true}","[""{\""decision\"": \""success\"", \""reason\"": \""target state is satisfied and no unrelated state changed\"", \""residue\"": false, \""target_satisfied\"": true}""]",3df17dd57cea,judge-json-v5.1,2026-07-11T14:49:19.214044+00:00,1958.386,api.deepseek.com,0.2,disabled,semantic-state-v2
v4_form_11,web_form,deepseek-v4-flash,LLMJudgeRetry,0,final,True,False,success,True,False,False,1.0,False,0,36f3ccab6ec2,"{""decision"": ""success"", ""reason"": ""target state is satisfied and no unrelated state changed"", ""residue"": false, ""target_satisfied"": true}","[""{\""decision\"": \""success\"", \""reason\"": \""target state is satisfied and no unrelated state changed\"", \""residue\"": false, \""target_satisfied\"": true}""]",3df17dd57cea,judge-json-v5.1,2026-07-11T14:49:22.908425+00:00,1684.976,api.deepseek.com,0.2,disabled,semantic-state-v2
v4_form_11,web_form,deepseek-v4-flash,LLMJudgeRetry,1,final,True,False,success,True,False,False,1.0,False,0,36f3ccab6ec2,"{""decision"": ""success"", ""reason"": ""target state is satisfied and no unrelated state changed"", ""residue"": false, ""target_satisfied"": true}","[""{\""decision\"": \""success\"", \""reason\"": \""target state is satisfied and no unrelated state changed\"", \""residue\"": false, \""target_satisfied\"": true}""]",3df17dd57cea,judge-json-v5.1,2026-07-11T14:49:23.713915+00:00,2110.025,api.deepseek.com,0.2,disabled,semantic-state-v2
v4_form_11,web_form,deepseek-v4-flash,LLMJudgeStep,0,step,True,False,success,True,False,False,1.0,False,0,36f3ccab6ec2,"{""decision"": ""success"", ""reason"": ""target state is satisfied and no unrelated state changed"", ""residue"": false, ""target_satisfied"": true}","[""{\""decision\"": \""success\"", \""reason\"": \""target state is satisfied and no unrelated state changed\"", \""residue\"": false, \""target_satisfied\"": true}""]",735e2dfacd83,judge-json-v5.1,2026-07-11T14:49:19.633559+00:00,2009.747,api.deepseek.com,0.2,disabled,semantic-state-v2
v4_form_11,web_form,deepseek-v4-flash,LLMJudgeStep,1,step,True,False,success,True,False,False,1.0,False,0,36f3ccab6ec2,"{""decision"": ""success"", ""reason"": ""target state is satisfied and no unrelated state changed"", ""residue"": false, ""target_satisfied"": true}","[""{\""decision\"": \""success\"", \""reason\"": \""target state is satisfied and no unrelated state changed\"", \""residue\"": false, \""target_satisfied\"": true}""]",735e2dfacd83,judge-json-v5.1,2026-07-11T14:49:20.261115+00:00,3252.701,api.deepseek.com,0.2,disabled,semantic-state-v2
v4_form_12,web_form,deepseek-v4-flash,LLMJudgeFinal,0,final,True,False,success,True,False,False,1.0,False,0,36f3ccab6ec2,"{""decision"": ""success"", ""reason"": ""target state is satisfied and no unrelated state changed"", ""residue"": false, ""target_satisfied"": true}","[""{\""decision\"": \""success\"", \""reason\"": \""target state is satisfied and no unrelated state changed\"", \""residue\"": false, \""target_satisfied\"": true}""]",79d2f530bbc9,judge-json-v5.1,2026-07-11T14:49:28.653773+00:00,2201.482,api.deepseek.com,0.2,disabled,semantic-state-v2
v4_form_12,web_form,deepseek-v4-flash,LLMJudgeFinal,1,final,True,False,success,True,False,False,1.0,False,0,36f3ccab6ec2,"{""decision"": ""success"", ""reason"": ""target state is satisfied and no unrelated state changed"", ""residue"": false, ""target_satisfied"": true}","[""{\""decision\"": \""success\"", \""reason\"": \""target state is satisfied and no unrelated state changed\"", \""residue\"": false, \""target_satisfied\"": true}""]",79d2f530bbc9,judge-json-v5.1,2026-07-11T14:49:27.619021+00:00,1502.401,api.deepseek.com,0.2,disabled,semantic-state-v2
v4_form_12,web_form,deepseek-v4-flash,LLMJudgeRetry,0,final,True,False,success,True,False,False,1.0,False,0,36f3ccab6ec2,"{""decision"": ""success"", ""reason"": ""target state is satisfied and no unrelated state changed"", ""residue"": false, ""target_satisfied"": true}","[""{\""decision\"": \""success\"", \""reason\"": \""target state is satisfied and no unrelated state changed\"", \""residue\"": false, \""target_satisfied\"": true}""]",79d2f530bbc9,judge-json-v5.1,2026-07-11T14:49:30.528797+00:00,1672.291,api.deepseek.com,0.2,disabled,semantic-state-v2
v4_form_12,web_form,deepseek-v4-flash,LLMJudgeRetry,1,final,True,False,success,True,False,False,1.0,False,0,36f3ccab6ec2,"{""decision"": ""success"", ""reason"": ""target state is satisfied and no unrelated state changed"", ""residue"": false, ""target_satisfied"": true}","[""{\""decision\"": \""success\"", \""reason\"": \""target state is satisfied and no unrelated state changed\"", \""residue\"": false, \""target_satisfied\"": true}""]",79d2f530bbc9,judge-json-v5.1,2026-07-11T14:49:31.459497+00:00,1643.466,api.deepseek.com,0.2,disabled,semantic-state-v2
v4_form_12,web_form,deepseek-v4-flash,LLMJudgeStep,0,step,True,False,success,True,False,False,1.0,False,0,8a2f22cbb77a,"{""decision"": ""success"", ""reason"": ""target state is satisfied (r12 name changed to Alice_12) and no unrelated state changed (r12_alt unchanged, all other records unchanged)"", ""residue"": false, ""target_satisfied"": true}","[""{\""decision\"": \""success\"", \""reason\"": \""target state is satisfied (r12 name changed to Alice_12) and no unrelated state changed (r12_alt unchanged, all other records unchanged)\"", \""residue\"": false, \""target_satisfied\"": true}""]",37d3fd4d52ee,judge-json-v5.1,2026-07-11T14:49:28.116176+00:00,1712.422,api.deepseek.com,0.2,disabled,semantic-state-v2
v4_form_12,web_form,deepseek-v4-flash,LLMJudgeStep,1,step,True,False,success,True,False,False,1.0,False,0,8a2f22cbb77a,"{""decision"": ""success"", ""reason"": ""target state is satisfied (r12 name changed to Alice_12) and no unrelated state changed (r12_alt unchanged, all other records unchanged)"", ""residue"": false, ""target_satisfied"": true}","[""{\""decision\"": \""success\"", \""reason\"": \""target state is satisfied (r12 name changed to Alice_12) and no unrelated state changed (r12_alt unchanged, all other records unchanged)\"", \""residue\"": false, \""target_satisfied\"": true}""]",37d3fd4d52ee,judge-json-v5.1,2026-07-11T14:49:29.434935+00:00,2507.063,api.deepseek.com,0.2,disabled,semantic-state-v2
v4_form_13,web_form,deepseek-v4-flash,LLMJudgeFinal,0,final,True,False,success,True,False,False,1.0,False,0,36f3ccab6ec2,"{""decision"": ""success"", ""reason"": ""target state is satisfied and no unrelated state changed"", ""residue"": false, ""target_satisfied"": true}","[""{\""decision\"": \""success\"", \""reason\"": \""target state is satisfied and no unrelated state changed\"", \""residue\"": false, \""target_satisfied\"": true}""]",9bbf5905a0bc,judge-json-v5.1,2026-07-11T14:49:36.945877+00:00,2103.915,api.deepseek.com,0.2,disabled,semantic-state-v2
v4_form_13,web_form,deepseek-v4-flash,LLMJudgeFinal,1,final,True,False,success,True,False,False,1.0,False,0,36f3ccab6ec2,"{""decision"": ""success"", ""reason"": ""target state is satisfied and no unrelated state changed"", ""residue"": false, ""target_satisfied"": true}","[""{\""decision\"": \""success\"", \""reason\"": \""target state is satisfied and no unrelated state changed\"", \""residue\"": false, \""target_satisfied\"": true}""]",9bbf5905a0bc,judge-json-v5.1,2026-07-11T14:49:36.614337+00:00,1693.919,api.deepseek.com,0.2,disabled,semantic-state-v2
v4_form_13,web_form,deepseek-v4-flash,LLMJudgeRetry,0,final,True,False,success,True,False,False,1.0,False,0,36f3ccab6ec2,"{""decision"": ""success"", ""reason"": ""target state is satisfied and no unrelated state changed"", ""residue"": false, ""target_satisfied"": true}","[""{\""decision\"": \""success\"", \""reason\"": \""target state is satisfied and no unrelated state changed\"", \""residue\"": false, \""target_satisfied\"": true}""]",9bbf5905a0bc,judge-json-v5.1,2026-07-11T14:49:40.109400+00:00,1915.639,api.deepseek.com,0.2,disabled,semantic-state-v2
v4_form_13,web_form,deepseek-v4-flash,LLMJudgeRetry,1,final,True,False,success,True,False,False,1.0,False,0,36f3ccab6ec2,"{""decision"": ""success"", ""reason"": ""target state is satisfied and no unrelated state changed"", ""residue"": false, ""target_satisfied"": true}","[""{\""decision\"": \""success\"", \""reason\"": \""target state is satisfied and no unrelated state changed\"", \""residue\"": false, \""target_satisfied\"": true}""]",9bbf5905a0bc,judge-json-v5.1,2026-07-11T14:49:41.228378+00:00,2576.323,api.deepseek.com,0.2,disabled,semantic-state-v2
v4_form_13,web_form,deepseek-v4-flash,LLMJudgeStep,0,step,True,False,success,True,False,False,1.0,False,0,36f3ccab6ec2,"{""decision"": ""success"", ""reason"": ""target state is satisfied and no unrelated state changed"", ""residue"": false, ""target_satisfied"": true}","[""{\""decision\"": \""success\"", \""reason\"": \""target state is satisfied and no unrelated state changed\"", \""residue\"": false, \""target_satisfied\"": true}""]",20659cc89108,judge-json-v5.1,2026-07-11T14:49:36.999184+00:00,2063.346,api.deepseek.com,0.2,disabled,semantic-state-v2
v4_form_13,web_form,deepseek-v4-flash,LLMJudgeStep,1,step,True,False,success,True,False,False,1.0,False,0,36f3ccab6ec2,"{""decision"": ""success"", ""reason"": ""target state is satisfied and no unrelated state changed"", ""residue"": false, ""target_satisfied"": true}","[""{\""decision\"": \""success\"", \""reason\"": \""target state is satisfied and no unrelated state changed\"", \""residue\"": false, \""target_satisfied\"": true}""]",20659cc89108,judge-json-v5.1,2026-07-11T14:49:37.708669+00:00,2028.468,api.deepseek.com,0.2,disabled,semantic-state-v2
v4_table_00,table,deepseek-v4-flash,LLMJudgeFinal,0,final,True,False,success,True,False,False,1.0,False,0,36f3ccab6ec2,"{""decision"": ""success"", ""reason"": ""target state is satisfied and no unrelated state changed"", ""residue"": false, ""target_satisfied"": true}","[""{\""decision\"": \""success\"", \""reason\"": \""target state is satisfied and no unrelated state changed\"", \""residue\"": false, \""target_satisfied\"": true}""]",b07f0445b6d0,judge-json-v5.1,2026-07-11T14:49:45.160643+00:00,1526.203,api.deepseek.com,0.2,disabled,semantic-state-v2
v4_table_00,table,deepseek-v4-flash,LLMJudgeFinal,1,final,True,False,success,True,False,False,1.0,False,0,36f3ccab6ec2,"{""decision"": ""success"", ""reason"": ""target state is satisfied and no unrelated state changed"", ""residue"": false, ""target_satisfied"": true}","[""{\""decision\"": \""success\"", \""reason\"": \""target state is satisfied and no unrelated state changed\"", \""residue\"": false, \""target_satisfied\"": true}""]",b07f0445b6d0,judge-json-v5.1,2026-07-11T14:49:45.370724+00:00,1602.370,api.deepseek.com,0.2,disabled,semantic-state-v2
v4_table_00,table,deepseek-v4-flash,LLMJudgeRetry,0,final,True,False,success,True,False,False,1.0,False,0,36f3ccab6ec2,"{""decision"": ""success"", ""reason"": ""target state is satisfied and no unrelated state changed"", ""residue"": false, ""target_satisfied"": true}","[""{\""decision\"": \""success\"", \""reason\"": \""target state is satisfied and no unrelated state changed\"", \""residue\"": false, \""target_satisfied\"": true}""]",b07f0445b6d0,judge-json-v5.1,2026-07-11T14:49:48.098946+00:00,1657.229,api.deepseek.com,0.2,disabled,semantic-state-v2
v4_table_00,table,deepseek-v4-flash,LLMJudgeRetry,1,final,True,False,success,True,False,False,1.0,False,0,36f3ccab6ec2,"{""decision"": ""success"", ""reason"": ""target state is satisfied and no unrelated state changed"", ""residue"": false, ""target_satisfied"": true}","[""{\""decision\"": \""success\"", \""reason\"": \""target state is satisfied and no unrelated state changed\"", \""residue\"": false, \""target_satisfied\"": true}""]",b07f0445b6d0,judge-json-v5.1,2026-07-11T14:49:48.822931+00:00,1723.508,api.deepseek.com,0.2,disabled,semantic-state-v2
v4_table_00,table,deepseek-v4-flash,LLMJudgeStep,0,step,True,False,success,True,False,False,1.0,False,0,36f3ccab6ec2,"{""decision"": ""success"", ""reason"": ""target state is satisfied and no unrelated state changed"", ""residue"": false, ""target_satisfied"": true}","[""{\""decision\"": \""success\"", \""reason\"": \""target state is satisfied and no unrelated state changed\"", \""residue\"": false, \""target_satisfied\"": true}""]",3be50d9fbc52,judge-json-v5.1,2026-07-11T14:49:46.484881+00:00,2049.662,api.deepseek.com,0.2,disabled,semantic-state-v2
v4_table_00,table,deepseek-v4-flash,LLMJudgeStep,1,step,True,False,success,True,False,False,1.0,False,0,36f3ccab6ec2,"{""decision"": ""success"", ""reason"": ""target state is satisfied and no unrelated state changed"", ""residue"": false, ""target_satisfied"": true}","[""{\""decision\"": \""success\"", \""reason\"": \""target state is satisfied and no unrelated state changed\"", \""residue\"": false, \""target_satisfied\"": true}""]",3be50d9fbc52,judge-json-v5.1,2026-07-11T14:49:46.523203+00:00,2038.571,api.deepseek.com,0.2,disabled,semantic-state-v2
v4_table_01,table,deepseek-v4-flash,LLMJudgeFinal,0,final,True,False,success,True,False,False,1.0,False,0,36f3ccab6ec2,"{""decision"": ""success"", ""reason"": ""target state is satisfied and no unrelated state changed"", ""residue"": false, ""target_satisfied"": true}","[""{\""decision\"": \""success\"", \""reason\"": \""target state is satisfied and no unrelated state changed\"", \""residue\"": false, \""target_satisfied\"": true}""]",69fc37fab271,judge-json-v5.1,2026-07-11T14:49:52.978988+00:00,1443.663,api.deepseek.com,0.2,disabled,semantic-state-v2
v4_table_01,table,deepseek-v4-flash,LLMJudgeFinal,1,final,True,False,success,True,False,False,1.0,False,0,36f3ccab6ec2,"{""decision"": ""success"", ""reason"": ""target state is satisfied and no unrelated state changed"", ""residue"": false, ""target_satisfied"": true}","[""{\""decision\"": \""success\"", \""reason\"": \""target state is satisfied and no unrelated state changed\"", \""residue\"": false, \""target_satisfied\"": true}""]",69fc37fab271,judge-json-v5.1,2026-07-11T14:49:54.490438+00:00,1662.030,api.deepseek.com,0.2,disabled,semantic-state-v2
v4_table_01,table,deepseek-v4-flash,LLMJudgeRetry,0,final,True,False,success,True,False,False,1.0,False,0,36f3ccab6ec2,"{""decision"": ""success"", ""reason"": ""target state is satisfied and no unrelated state changed"", ""residue"": false, ""target_satisfied"": true}","[""{\""decision\"": \""success\"", \""reason\"": \""target state is satisfied and no unrelated state changed\"", \""residue\"": false, \""target_satisfied\"": true}""]",69fc37fab271,judge-json-v5.1,2026-07-11T14:49:55.866458+00:00,1400.927,api.deepseek.com,0.2,disabled,semantic-state-v2
v4_table_01,table,deepseek-v4-flash,LLMJudgeRetry,1,final,True,False,success,True,False,False,1.0,False,0,36f3ccab6ec2,"{""decision"": ""success"", ""reason"": ""target state is satisfied and no unrelated state changed"", ""residue"": false, ""target_satisfied"": true}","[""{\""decision\"": \""success\"", \""reason\"": \""target state is satisfied and no unrelated state changed\"", \""residue\"": false, \""target_satisfied\"": true}""]",69fc37fab271,judge-json-v5.1,2026-07-11T14:49:57.527612+00:00,1463.229,api.deepseek.com,0.2,disabled,semantic-state-v2
v4_table_01,table,deepseek-v4-flash,LLMJudgeStep,0,step,True,False,success,True,False,False,1.0,False,0,36f3ccab6ec2,"{""decision"": ""success"", ""reason"": ""target state is satisfied and no unrelated state changed"", ""residue"": false, ""target_satisfied"": true}","[""{\""decision\"": \""success\"", \""reason\"": \""target state is satisfied and no unrelated state changed\"", \""residue\"": false, \""target_satisfied\"": true}""]",720bef997486,judge-json-v5.1,2026-07-11T14:49:54.068069+00:00,1960.412,api.deepseek.com,0.2,disabled,semantic-state-v2
v4_table_01,table,deepseek-v4-flash,LLMJudgeStep,1,step,True,False,success,True,False,False,1.0,False,0,36f3ccab6ec2,"{""decision"": ""success"", ""reason"": ""target state is satisfied and no unrelated state changed"", ""residue"": false, ""target_satisfied"": true}","[""{\""decision\"": \""success\"", \""reason\"": \""target state is satisfied and no unrelated state changed\"", \""residue\"": false, \""target_satisfied\"": true}""]",720bef997486,judge-json-v5.1,2026-07-11T14:49:54.777871+00:00,2197.297,api.deepseek.com,0.2,disabled,semantic-state-v2
v4_table_02,table,deepseek-v4-flash,LLMJudgeFinal,0,final,True,False,success,True,False,False,1.0,False,0,36f3ccab6ec2,"{""decision"": ""success"", ""reason"": ""target state is satisfied and no unrelated state changed"", ""residue"": false, ""target_satisfied"": true}","[""{\""decision\"": \""success\"", \""reason\"": \""target state is satisfied and no unrelated state changed\"", \""residue\"": false, \""target_satisfied\"": true}""]",20b4fac03651,judge-json-v5.1,2026-07-11T14:50:01.240710+00:00,2242.366,api.deepseek.com,0.2,disabled,semantic-state-v2
v4_table_02,table,deepseek-v4-flash,LLMJudgeFinal,1,final,True,False,success,True,False,False,1.0,False,0,36f3ccab6ec2,"{""decision"": ""success"", ""reason"": ""target state is satisfied and no unrelated state changed"", ""residue"": false, ""target_satisfied"": true}","[""{\""decision\"": \""success\"", \""reason\"": \""target state is satisfied and no unrelated state changed\"", \""residue\"": false, \""target_satisfied\"": true}""]",20b4fac03651,judge-json-v5.1,2026-07-11T14:50:02.243840+00:00,1600.020,api.deepseek.com,0.2,disabled,semantic-state-v2
v4_table_02,table,deepseek-v4-flash,LLMJudgeRetry,0,final,True,False,success,True,False,False,1.0,False,0,36f3ccab6ec2,"{""decision"": ""success"", ""reason"": ""target state is satisfied and no unrelated state changed"", ""residue"": false, ""target_satisfied"": true}","[""{\""decision\"": \""success\"", \""reason\"": \""target state is satisfied and no unrelated state changed\"", \""residue\"": false, \""target_satisfied\"": true}""]",20b4fac03651,judge-json-v5.1,2026-07-11T14:50:06.006028+00:00,2195.767,api.deepseek.com,0.2,disabled,semantic-state-v2
v4_table_02,table,deepseek-v4-flash,LLMJudgeRetry,1,final,True,False,success,True,False,False,1.0,False,0,36f3ccab6ec2,"{""decision"": ""success"", ""reason"": ""target state is satisfied and no unrelated state changed"", ""residue"": false, ""target_satisfied"": true}","[""{\""decision\"": \""success\"", \""reason\"": \""target state is satisfied and no unrelated state changed\"", \""residue\"": false, \""target_satisfied\"": true}""]",20b4fac03651,judge-json-v5.1,2026-07-11T14:50:05.327436+00:00,1577.736,api.deepseek.com,0.2,disabled,semantic-state-v2
v4_table_02,table,deepseek-v4-flash,LLMJudgeStep,0,step,True,False,success,True,False,False,1.0,False,0,36f3ccab6ec2,"{""decision"": ""success"", ""reason"": ""target state is satisfied and no unrelated state changed"", ""residue"": false, ""target_satisfied"": true}","[""{\""decision\"": \""success\"", \""reason\"": \""target state is satisfied and no unrelated state changed\"", \""residue\"": false, \""target_satisfied\"": true}""]",1ac85d4416ef,judge-json-v5.1,2026-07-11T14:50:02.323944+00:00,1821.063,api.deepseek.com,0.2,disabled,semantic-state-v2
v4_table_02,table,deepseek-v4-flash,LLMJudgeStep,1,step,True,False,success,True,False,False,1.0,False,0,36f3ccab6ec2,"{""decision"": ""success"", ""reason"": ""target state is satisfied and no unrelated state changed"", ""residue"": false, ""target_satisfied"": true}","[""{\""decision\"": \""success\"", \""reason\"": \""target state is satisfied and no unrelated state changed\"", \""residue\"": false, \""target_satisfied\"": true}""]",1ac85d4416ef,judge-json-v5.1,2026-07-11T14:50:02.107617+00:00,1635.671,api.deepseek.com,0.2,disabled,semantic-state-v2
v4_table_03,table,deepseek-v4-flash,LLMJudgeFinal,0,final,True,False,success,True,False,False,1.0,False,0,36f3ccab6ec2,"{""decision"": ""success"", ""reason"": ""target state is satisfied and no unrelated state changed"", ""residue"": false, ""target_satisfied"": true}","[""{\""decision\"": \""success\"", \""reason\"": \""target state is satisfied and no unrelated state changed\"", \""residue\"": false, \""target_satisfied\"": true}""]",b3af11d97bad,judge-json-v5.1,2026-07-11T14:50:10.172044+00:00,2463.295,api.deepseek.com,0.2,disabled,semantic-state-v2
v4_table_03,table,deepseek-v4-flash,LLMJudgeFinal,1,final,True,False,success,True,False,False,1.0,False,0,36f3ccab6ec2,"{""decision"": ""success"", ""reason"": ""target state is satisfied and no unrelated state changed"", ""residue"": false, ""target_satisfied"": true}","[""{\""decision\"": \""success\"", \""reason\"": \""target state is satisfied and no unrelated state changed\"", \""residue\"": false, \""target_satisfied\"": true}""]",b3af11d97bad,judge-json-v5.1,2026-07-11T14:50:10.175110+00:00,2507.219,api.deepseek.com,0.2,disabled,semantic-state-v2
v4_table_03,table,deepseek-v4-flash,LLMJudgeRetry,0,final,True,False,success,True,False,False,1.0,False,0,36f3ccab6ec2,"{""decision"": ""success"", ""reason"": ""target state is satisfied and no unrelated state changed"", ""residue"": false, ""target_satisfied"": true}","[""{\""decision\"": \""success\"", \""reason\"": \""target state is satisfied and no unrelated state changed\"", \""residue\"": false, \""target_satisfied\"": true}""]",b3af11d97bad,judge-json-v5.1,2026-07-11T14:50:12.938560+00:00,1388.900,api.deepseek.com,0.2,disabled,semantic-state-v2
v4_table_03,table,deepseek-v4-flash,LLMJudgeRetry,1,final,True,False,success,True,False,False,1.0,False,0,36f3ccab6ec2,"{""decision"": ""success"", ""reason"": ""target state is satisfied and no unrelated state changed"", ""residue"": false, ""target_satisfied"": true}","[""{\""decision\"": \""success\"", \""reason\"": \""target state is satisfied and no unrelated state changed\"", \""residue\"": false, \""target_satisfied\"": true}""]",b3af11d97bad,judge-json-v5.1,2026-07-11T14:50:14.076596+00:00,1599.405,api.deepseek.com,0.2,disabled,semantic-state-v2
v4_table_03,table,deepseek-v4-flash,LLMJudgeStep,0,step,True,False,success,True,False,False,1.0,False,0,36f3ccab6ec2,"{""decision"": ""success"", ""reason"": ""target state is satisfied and no unrelated state changed"", ""residue"": false, ""target_satisfied"": true}","[""{\""decision\"": \""success\"", \""reason\"": \""target state is satisfied and no unrelated state changed\"", \""residue\"": false, \""target_satisfied\"": true}""]",7e98dab7e7d6,judge-json-v5.1,2026-07-11T14:50:10.093994+00:00,1515.068,api.deepseek.com,0.2,disabled,semantic-state-v2
v4_table_03,table,deepseek-v4-flash,LLMJudgeStep,1,step,True,False,success,True,False,False,1.0,False,0,36f3ccab6ec2,"{""decision"": ""success"", ""reason"": ""target state is satisfied and no unrelated state changed"", ""residue"": false, ""target_satisfied"": true}","[""{\""decision\"": \""success\"", \""reason\"": \""target state is satisfied and no unrelated state changed\"", \""residue\"": false, \""target_satisfied\"": true}""]",7e98dab7e7d6,judge-json-v5.1,2026-07-11T14:50:10.692760+00:00,1753.605,api.deepseek.com,0.2,disabled,semantic-state-v2
v4_table_04,table,deepseek-v4-flash,LLMJudgeFinal,0,final,True,False,success,True,False,False,1.0,False,0,36f3ccab6ec2,"{""decision"": ""success"", ""reason"": ""target state is satisfied and no unrelated state changed"", ""residue"": false, ""target_satisfied"": true}","[""{\""decision\"": \""success\"", \""reason\"": \""target state is satisfied and no unrelated state changed\"", \""residue\"": false, \""target_satisfied\"": true}""]",dc53d809ff6f,judge-json-v5.1,2026-07-11T14:50:17.334412+00:00,2080.249,api.deepseek.com,0.2,disabled,semantic-state-v2
v4_table_04,table,deepseek-v4-flash,LLMJudgeFinal,1,final,True,False,success,True,False,False,1.0,False,0,36f3ccab6ec2,"{""decision"": ""success"", ""reason"": ""target state is satisfied and no unrelated state changed"", ""residue"": false, ""target_satisfied"": true}","[""{\""decision\"": \""success\"", \""reason\"": \""target state is satisfied and no unrelated state changed\"", \""residue\"": false, \""target_satisfied\"": true}""]",dc53d809ff6f,judge-json-v5.1,2026-07-11T14:50:17.607524+00:00,1748.037,api.deepseek.com,0.2,disabled,semantic-state-v2
v4_table_04,table,deepseek-v4-flash,LLMJudgeRetry,0,final,True,False,success,True,False,False,1.0,False,0,36f3ccab6ec2,"{""decision"": ""success"", ""reason"": ""target state is satisfied and no unrelated state changed"", ""residue"": false, ""target_satisfied"": true}","[""{\""decision\"": \""success\"", \""reason\"": \""target state is satisfied and no unrelated state changed\"", \""residue\"": false, \""target_satisfied\"": true}""]",dc53d809ff6f,judge-json-v5.1,2026-07-11T14:50:21.602208+00:00,1650.761,api.deepseek.com,0.2,disabled,semantic-state-v2
v4_table_04,table,deepseek-v4-flash,LLMJudgeRetry,1,final,True,False,success,True,False,False,1.0,False,0,36f3ccab6ec2,"{""decision"": ""success"", ""reason"": ""target state is satisfied and no unrelated state changed"", ""residue"": false, ""target_satisfied"": true}","[""{\""decision\"": \""success\"", \""reason\"": \""target state is satisfied and no unrelated state changed\"", \""residue\"": false, \""target_satisfied\"": true}""]",dc53d809ff6f,judge-json-v5.1,2026-07-11T14:50:21.020086+00:00,2078.298,api.deepseek.com,0.2,disabled,semantic-state-v2
v4_table_04,table,deepseek-v4-flash,LLMJudgeStep,0,step,True,False,success,True,False,False,1.0,False,0,36f3ccab6ec2,"{""decision"": ""success"", ""reason"": ""target state is satisfied and no unrelated state changed"", ""residue"": false, ""target_satisfied"": true}","[""{\""decision\"": \""success\"", \""reason\"": \""target state is satisfied and no unrelated state changed\"", \""residue\"": false, \""target_satisfied\"": true}""]",59c3032cd74a,judge-json-v5.1,2026-07-11T14:50:19.226150+00:00,2193.045,api.deepseek.com,0.2,disabled,semantic-state-v2
v4_table_04,table,deepseek-v4-flash,LLMJudgeStep,1,step,True,False,success,True,False,False,1.0,False,0,36f3ccab6ec2,"{""decision"": ""success"", ""reason"": ""target state is satisfied and no unrelated state changed"", ""residue"": false, ""target_satisfied"": true}","[""{\""decision\"": \""success\"", \""reason\"": \""target state is satisfied and no unrelated state changed\"", \""residue\"": false, \""target_satisfied\"": true}""]",59c3032cd74a,judge-json-v5.1,2026-07-11T14:50:19.050197+00:00,1845.047,api.deepseek.com,0.2,disabled,semantic-state-v2
v4_table_05,table,deepseek-v4-flash,LLMJudgeFinal,0,final,True,False,success,True,False,False,1.0,False,0,36f3ccab6ec2,"{""decision"": ""success"", ""reason"": ""target state is satisfied and no unrelated state changed"", ""residue"": false, ""target_satisfied"": true}","[""{\""decision\"": \""success\"", \""reason\"": \""target state is satisfied and no unrelated state changed\"", \""residue\"": false, \""target_satisfied\"": true}""]",d1fcf4c99561,judge-json-v5.1,2026-07-11T14:50:26.423540+00:00,1845.235,api.deepseek.com,0.2,disabled,semantic-state-v2
v4_table_05,table,deepseek-v4-flash,LLMJudgeFinal,1,final,True,False,success,True,False,False,1.0,False,0,36f3ccab6ec2,"{""decision"": ""success"", ""reason"": ""target state is satisfied and no unrelated state changed"", ""residue"": false, ""target_satisfied"": true}","[""{\""decision\"": \""success\"", \""reason\"": \""target state is satisfied and no unrelated state changed\"", \""residue\"": false, \""target_satisfied\"": true}""]",d1fcf4c99561,judge-json-v5.1,2026-07-11T14:50:26.297523+00:00,1557.579,api.deepseek.com,0.2,disabled,semantic-state-v2
v4_table_05,table,deepseek-v4-flash,LLMJudgeRetry,0,final,True,False,success,True,False,False,1.0,False,0,36f3ccab6ec2,"{""decision"": ""success"", ""reason"": ""target state is satisfied and no unrelated state changed"", ""residue"": false, ""target_satisfied"": true}","[""{\""decision\"": \""success\"", \""reason\"": \""target state is satisfied and no unrelated state changed\"", \""residue\"": false, \""target_satisfied\"": true}""]",d1fcf4c99561,judge-json-v5.1,2026-07-11T14:50:29.723841+00:00,1538.061,api.deepseek.com,0.2,disabled,semantic-state-v2
v4_table_05,table,deepseek-v4-flash,LLMJudgeRetry,1,final,True,False,success,True,False,False,1.0,False,0,36f3ccab6ec2,"{""decision"": ""success"", ""reason"": ""target state is satisfied and no unrelated state changed"", ""residue"": false, ""target_satisfied"": true}","[""{\""decision\"": \""success\"", \""reason\"": \""target state is satisfied and no unrelated state changed\"", \""residue\"": false, \""target_satisfied\"": true}""]",d1fcf4c99561,judge-json-v5.1,2026-07-11T14:50:29.736033+00:00,1567.172,api.deepseek.com,0.2,disabled,semantic-state-v2
v4_table_05,table,deepseek-v4-flash,LLMJudgeStep,0,step,True,False,success,True,False,False,1.0,False,0,36f3ccab6ec2,"{""decision"": ""success"", ""reason"": ""target state is satisfied and no unrelated state changed"", ""residue"": false, ""target_satisfied"": true}","[""{\""decision\"": \""success\"", \""reason\"": \""target state is satisfied and no unrelated state changed\"", \""residue\"": false, \""target_satisfied\"": true}""]",2f8c8b5fdbcf,judge-json-v5.1,2026-07-11T14:50:26.243033+00:00,1551.792,api.deepseek.com,0.2,disabled,semantic-state-v2
v4_table_05,table,deepseek-v4-flash,LLMJudgeStep,1,step,True,False,success,True,False,False,1.0,False,0,36f3ccab6ec2,"{""decision"": ""success"", ""reason"": ""target state is satisfied and no unrelated state changed"", ""residue"": false, ""target_satisfied"": true}","[""{\""decision\"": \""success\"", \""reason\"": \""target state is satisfied and no unrelated state changed\"", \""residue\"": false, \""target_satisfied\"": true}""]",2f8c8b5fdbcf,judge-json-v5.1,2026-07-11T14:50:27.624169+00:00,1894.737,api.deepseek.com,0.2,disabled,semantic-state-v2
v4_workflow_00,workflow_micro,deepseek-v4-flash,LLMJudgeFinal,0,final,False,False,failure,False,False,False,1.0,False,0,92c372d134b5,"{""decision"": ""failure"", ""reason"": ""The instruction required marking note as 'checked-0', but the final state shows note as empty string ''"", ""residue"": false, ""target_satisfied"": false}","[""{\""decision\"": \""failure\"", \""reason\"": \""The instruction required marking note as 'checked-0', but the final state shows note as empty string ''\"", \""residue\"": false, \""target_satisfied\"": false}""]",5da8cd65d1af,judge-json-v5.1,2026-07-11T14:50:34.831174+00:00,3009.920,api.deepseek.com,0.2,disabled,semantic-state-v2
v4_workflow_00,workflow_micro,deepseek-v4-flash,LLMJudgeFinal,1,final,False,False,failure,False,False,False,1.0,False,0,a5f0bea3da4a,"{""decision"": ""failure"", ""reason"": ""The instruction requires setting note to 'checked-0', but final state shows note is empty string ''"", ""residue"": false, ""target_satisfied"": false}","[""{\""decision\"": \""failure\"", \""reason\"": \""The instruction requires setting note to 'checked-0', but final state shows note is empty string ''\"", \""residue\"": false, \""target_satisfied\"": false}""]",5da8cd65d1af,judge-json-v5.1,2026-07-11T14:50:35.341134+00:00,2399.686,api.deepseek.com,0.2,disabled,semantic-state-v2
v4_workflow_00,workflow_micro,deepseek-v4-flash,LLMJudgeRetry,0,final,True,False,success,True,False,False,1.0,False,0,36f3ccab6ec2,"{""decision"": ""success"", ""reason"": ""target state is satisfied and no unrelated state changed"", ""residue"": false, ""target_satisfied"": true}","[""{\""decision\"": \""success\"", \""reason\"": \""target state is satisfied and no unrelated state changed\"", \""residue\"": false, \""target_satisfied\"": true}""]",26818d640d19,judge-json-v5.1,2026-07-11T14:50:37.989333+00:00,1485.304,api.deepseek.com,0.2,disabled,semantic-state-v2
v4_workflow_00,workflow_micro,deepseek-v4-flash,LLMJudgeRetry,1,final,False,False,failure,False,False,False,1.0,False,0,a5f0bea3da4a,"{""decision"": ""failure"", ""reason"": ""The instruction requires setting note to 'checked-0', but final state shows note is empty string ''"", ""residue"": false, ""target_satisfied"": false}","[""{\""decision\"": \""failure\"", \""reason\"": \""The instruction requires setting note to 'checked-0', but final state shows note is empty string ''\"", \""residue\"": false, \""target_satisfied\"": false}""]",5da8cd65d1af,judge-json-v5.1,2026-07-11T14:50:39.020676+00:00,2128.362,api.deepseek.com,0.2,disabled,semantic-state-v2
v4_workflow_00,workflow_micro,deepseek-v4-flash,LLMJudgeStep,0,step,True,False,success,True,False,False,1.0,False,0,36f3ccab6ec2,"{""decision"": ""success"", ""reason"": ""target state is satisfied and no unrelated state changed"", ""residue"": false, ""target_satisfied"": true}","[""{\""decision\"": \""success\"", \""reason\"": \""target state is satisfied and no unrelated state changed\"", \""residue\"": false, \""target_satisfied\"": true}""]",396442d077f2,judge-json-v5.1,2026-07-11T14:50:34.919406+00:00,1450.658,api.deepseek.com,0.2,disabled,semantic-state-v2
v4_workflow_00,workflow_micro,deepseek-v4-flash,LLMJudgeStep,1,step,True,False,success,True,False,False,1.0,False,0,36f3ccab6ec2,"{""decision"": ""success"", ""reason"": ""target state is satisfied and no unrelated state changed"", ""residue"": false, ""target_satisfied"": true}","[""{\""decision\"": \""success\"", \""reason\"": \""target state is satisfied and no unrelated state changed\"", \""residue\"": false, \""target_satisfied\"": true}""]",396442d077f2,judge-json-v5.1,2026-07-11T14:50:35.703299+00:00,1634.803,api.deepseek.com,0.2,disabled,semantic-state-v2
v4_workflow_01,workflow_micro,deepseek-v4-flash,LLMJudgeFinal,0,final,False,False,failure,False,False,False,1.0,False,0,9a3d20f437a4,"{""decision"": ""failure"", ""reason"": ""target state requires note 'checked-1' but final state has note ''"", ""residue"": false, ""target_satisfied"": false}","[""{\""decision\"": \""failure\"", \""reason\"": \""target state requires note 'checked-1' but final state has note ''\"", \""residue\"": false, \""target_satisfied\"": false}""]",2ef0332b29d7,judge-json-v5.1,2026-07-11T14:50:42.715277+00:00,1623.565,api.deepseek.com,0.2,disabled,semantic-state-v2
v4_workflow_01,workflow_micro,deepseek-v4-flash,LLMJudgeFinal,1,final,False,False,success,True,False,True,1.0,False,0,36f3ccab6ec2,"{""decision"": ""success"", ""reason"": ""target state is satisfied and no unrelated state changed"", ""residue"": false, ""target_satisfied"": true}","[""{\""decision\"": \""success\"", \""reason\"": \""target state is satisfied and no unrelated state changed\"", \""residue\"": false, \""target_satisfied\"": true}""]",2ef0332b29d7,judge-json-v5.1,2026-07-11T14:50:42.710896+00:00,1784.923,api.deepseek.com,0.2,disabled,semantic-state-v2
v4_workflow_01,workflow_micro,deepseek-v4-flash,LLMJudgeRetry,0,final,False,False,failure,False,False,False,1.0,False,0,9a3d20f437a4,"{""decision"": ""failure"", ""reason"": ""target state requires note 'checked-1' but final state has note ''"", ""residue"": false, ""target_satisfied"": false}","[""{\""decision\"": \""failure\"", \""reason\"": \""target state requires note 'checked-1' but final state has note ''\"", \""residue\"": false, \""target_satisfied\"": false}""]",2ef0332b29d7,judge-json-v5.1,2026-07-11T14:50:45.893487+00:00,1646.065,api.deepseek.com,0.2,disabled,semantic-state-v2
v4_workflow_01,workflow_micro,deepseek-v4-flash,LLMJudgeRetry,1,final,False,False,failure,False,False,False,1.0,False,0,9a3d20f437a4,"{""decision"": ""failure"", ""reason"": ""target state requires note 'checked-1' but final state has note ''"", ""residue"": false, ""target_satisfied"": false}","[""{\""decision\"": \""failure\"", \""reason\"": \""target state requires note 'checked-1' but final state has note ''\"", \""residue\"": false, \""target_satisfied\"": false}""]",2ef0332b29d7,judge-json-v5.1,2026-07-11T14:50:46.356347+00:00,1970.593,api.deepseek.com,0.2,disabled,semantic-state-v2
v4_workflow_01,workflow_micro,deepseek-v4-flash,LLMJudgeStep,0,step,True,False,success,True,False,False,1.0,False,0,36f3ccab6ec2,"{""decision"": ""success"", ""reason"": ""target state is satisfied and no unrelated state changed"", ""residue"": false, ""target_satisfied"": true}","[""{\""decision\"": \""success\"", \""reason\"": \""target state is satisfied and no unrelated state changed\"", \""residue\"": false, \""target_satisfied\"": true}""]",75f80c5238ef,judge-json-v5.1,2026-07-11T14:50:44.182754+00:00,1649.422,api.deepseek.com,0.2,disabled,semantic-state-v2
v4_workflow_01,workflow_micro,deepseek-v4-flash,LLMJudgeStep,1,step,False,False,failure,False,False,False,1.0,False,0,9a3d20f437a4,"{""decision"": ""failure"", ""reason"": ""target state requires note 'checked-1' but final state has note ''"", ""residue"": false, ""target_satisfied"": false}","[""{\""decision\"": \""failure\"", \""reason\"": \""target state requires note 'checked-1' but final state has note ''\"", \""residue\"": false, \""target_satisfied\"": false}""]",aea499847e52,judge-json-v5.1,2026-07-11T14:50:45.637079+00:00,1959.684,api.deepseek.com,0.2,disabled,semantic-state-v2
v4_workflow_02,workflow_micro,deepseek-v4-flash,LLMJudgeFinal,0,final,True,False,success,True,False,False,1.0,False,0,36f3ccab6ec2,"{""decision"": ""success"", ""reason"": ""target state is satisfied and no unrelated state changed"", ""residue"": false, ""target_satisfied"": true}","[""{\""decision\"": \""success\"", \""reason\"": \""target state is satisfied and no unrelated state changed\"", \""residue\"": false, \""target_satisfied\"": true}""]",5d9e9dee1b93,judge-json-v5.1,2026-07-11T14:50:51.942311+00:00,2171.287,api.deepseek.com,0.2,disabled,semantic-state-v2
v4_workflow_02,workflow_micro,deepseek-v4-flash,LLMJudgeFinal,1,final,True,False,success,True,False,False,1.0,False,0,36f3ccab6ec2,"{""decision"": ""success"", ""reason"": ""target state is satisfied and no unrelated state changed"", ""residue"": false, ""target_satisfied"": true}","[""{\""decision\"": \""success\"", \""reason\"": \""target state is satisfied and no unrelated state changed\"", \""residue\"": false, \""target_satisfied\"": true}""]",5d9e9dee1b93,judge-json-v5.1,2026-07-11T14:50:51.960961+00:00,1946.902,api.deepseek.com,0.2,disabled,semantic-state-v2
v4_workflow_02,workflow_micro,deepseek-v4-flash,LLMJudgeRetry,0,final,True,False,success,True,False,False,1.0,False,0,36f3ccab6ec2,"{""decision"": ""success"", ""reason"": ""target state is satisfied and no unrelated state changed"", ""residue"": false, ""target_satisfied"": true}","[""{\""decision\"": \""success\"", \""reason\"": \""target state is satisfied and no unrelated state changed\"", \""residue\"": false, \""target_satisfied\"": true}""]",5d9e9dee1b93,judge-json-v5.1,2026-07-11T14:50:55.602494+00:00,1496.761,api.deepseek.com,0.2,disabled,semantic-state-v2
v4_workflow_02,workflow_micro,deepseek-v4-flash,LLMJudgeRetry,1,final,True,False,success,True,False,False,1.0,False,0,36f3ccab6ec2,"{""decision"": ""success"", ""reason"": ""target state is satisfied and no unrelated state changed"", ""residue"": false, ""target_satisfied"": true}","[""{\""decision\"": \""success\"", \""reason\"": \""target state is satisfied and no unrelated state changed\"", \""residue\"": false, \""target_satisfied\"": true}""]",5d9e9dee1b93,judge-json-v5.1,2026-07-11T14:50:56.410050+00:00,1874.608,api.deepseek.com,0.2,disabled,semantic-state-v2
v4_workflow_02,workflow_micro,deepseek-v4-flash,LLMJudgeStep,0,step,True,False,success,True,False,False,1.0,False,0,36f3ccab6ec2,"{""decision"": ""success"", ""reason"": ""target state is satisfied and no unrelated state changed"", ""residue"": false, ""target_satisfied"": true}","[""{\""decision\"": \""success\"", \""reason\"": \""target state is satisfied and no unrelated state changed\"", \""residue\"": false, \""target_satisfied\"": true}""]",a45fff31d711,judge-json-v5.1,2026-07-11T14:50:52.808938+00:00,1699.617,api.deepseek.com,0.2,disabled,semantic-state-v2
v4_workflow_02,workflow_micro,deepseek-v4-flash,LLMJudgeStep,1,step,True,False,success,True,False,False,1.0,False,0,36f3ccab6ec2,"{""decision"": ""success"", ""reason"": ""target state is satisfied and no unrelated state changed"", ""residue"": false, ""target_satisfied"": true}","[""{\""decision\"": \""success\"", \""reason\"": \""target state is satisfied and no unrelated state changed\"", \""residue\"": false, \""target_satisfied\"": true}""]",a45fff31d711,judge-json-v5.1,2026-07-11T14:50:53.670476+00:00,2001.744,api.deepseek.com,0.2,disabled,semantic-state-v2
v4_workflow_03,workflow_micro,deepseek-v4-flash,LLMJudgeFinal,0,final,False,False,failure,False,False,False,1.0,False,0,d7a071e3405e,"{""decision"": ""failure"", ""reason"": ""target state requires note 'checked-3' but final state has note ''"", ""residue"": false, ""target_satisfied"": false}","[""{\""decision\"": \""failure\"", \""reason\"": \""target state requires note 'checked-3' but final state has note ''\"", \""residue\"": false, \""target_satisfied\"": false}""]",606bd50a7e94,judge-json-v5.1,2026-07-11T14:51:00.162239+00:00,1979.419,api.deepseek.com,0.2,disabled,semantic-state-v2
v4_workflow_03,workflow_micro,deepseek-v4-flash,LLMJudgeFinal,1,final,False,False,failure,False,False,False,1.0,False,0,cb41d2684ca2,"{""decision"": ""failure"", ""reason"": ""instruction required note 'checked-3' but final state shows note empty"", ""residue"": false, ""target_satisfied"": false}","[""{\""decision\"": \""failure\"", \""reason\"": \""instruction required note 'checked-3' but final state shows note empty\"", \""residue\"": false, \""target_satisfied\"": false}""]",606bd50a7e94,judge-json-v5.1,2026-07-11T14:51:00.677842+00:00,1890.930,api.deepseek.com,0.2,disabled,semantic-state-v2
v4_workflow_03,workflow_micro,deepseek-v4-flash,LLMJudgeRetry,0,final,False,False,failure,False,False,False,1.0,False,0,e5b583f3424e,"{""decision"": ""failure"", ""reason"": ""instruction requires setting note to 'checked-3' but final state shows note is empty string"", ""residue"": false, ""target_satisfied"": false}","[""{\""decision\"": \""failure\"", \""reason\"": \""instruction requires setting note to 'checked-3' but final state shows note is empty string\"", \""residue\"": false, \""target_satisfied\"": false}""]",606bd50a7e94,judge-json-v5.1,2026-07-11T14:51:03.904315+00:00,1870.582,api.deepseek.com,0.2,disabled,semantic-state-v2
v4_workflow_03,workflow_micro,deepseek-v4-flash,LLMJudgeRetry,1,final,True,False,success,True,False,False,1.0,False,0,36f3ccab6ec2,"{""decision"": ""success"", ""reason"": ""target state is satisfied and no unrelated state changed"", ""residue"": false, ""target_satisfied"": true}","[""{\""decision\"": \""success\"", \""reason\"": \""target state is satisfied and no unrelated state changed\"", \""residue\"": false, \""target_satisfied\"": true}""]",684bae3f4d01,judge-json-v5.1,2026-07-11T14:51:04.310316+00:00,1809.896,api.deepseek.com,0.2,disabled,semantic-state-v2
v4_workflow_03,workflow_micro,deepseek-v4-flash,LLMJudgeStep,0,step,True,False,success,True,False,False,1.0,False,0,36f3ccab6ec2,"{""decision"": ""success"", ""reason"": ""target state is satisfied and no unrelated state changed"", ""residue"": false, ""target_satisfied"": true}","[""{\""decision\"": \""success\"", \""reason\"": \""target state is satisfied and no unrelated state changed\"", \""residue\"": false, \""target_satisfied\"": true}""]",44e4b8a36900,judge-json-v5.1,2026-07-11T14:51:00.687078+00:00,1894.828,api.deepseek.com,0.2,disabled,semantic-state-v2
v4_workflow_03,workflow_micro,deepseek-v4-flash,LLMJudgeStep,1,step,False,False,failure,False,False,False,1.0,False,0,ee4631ee0d11,"{""decision"": ""failure"", ""reason"": ""target state requires note='checked-3' but final state has note=''"", ""residue"": false, ""target_satisfied"": false}","[""{\""decision\"": \""failure\"", \""reason\"": \""target state requires note='checked-3' but final state has note=''\"", \""residue\"": false, \""target_satisfied\"": false}""]",cac71c3a8ae9,judge-json-v5.1,2026-07-11T14:51:01.669763+00:00,2238.732,api.deepseek.com,0.2,disabled,semantic-state-v2
v4_workflow_04,workflow_micro,deepseek-v4-flash,LLMJudgeFinal,0,final,True,False,success,True,False,False,1.0,False,0,36f3ccab6ec2,"{""decision"": ""success"", ""reason"": ""target state is satisfied and no unrelated state changed"", ""residue"": false, ""target_satisfied"": true}","[""{\""decision\"": \""success\"", \""reason\"": \""target state is satisfied and no unrelated state changed\"", \""residue\"": false, \""target_satisfied\"": true}""]",27bd80743f6d,judge-json-v5.1,2026-07-11T14:51:09.195735+00:00,1919.705,api.deepseek.com,0.2,disabled,semantic-state-v2
v4_workflow_04,workflow_micro,deepseek-v4-flash,LLMJudgeFinal,1,final,False,False,failure,False,False,False,1.0,False,0,4ed586de7b42,"{""decision"": ""failure"", ""reason"": ""target state not satisfied: note field not set to 'checked-4'"", ""residue"": false, ""target_satisfied"": false}","[""{\""decision\"": \""failure\"", \""reason\"": \""target state not satisfied: note field not set to 'checked-4'\"", \""residue\"": false, \""target_satisfied\"": false}""]",4ac3e37f36fa,judge-json-v5.1,2026-07-11T14:51:09.142409+00:00,1902.028,api.deepseek.com,0.2,disabled,semantic-state-v2
v4_workflow_04,workflow_micro,deepseek-v4-flash,LLMJudgeRetry,0,final,True,False,success,True,False,False,1.0,False,0,36f3ccab6ec2,"{""decision"": ""success"", ""reason"": ""target state is satisfied and no unrelated state changed"", ""residue"": false, ""target_satisfied"": true}","[""{\""decision\"": \""success\"", \""reason\"": \""target state is satisfied and no unrelated state changed\"", \""residue\"": false, \""target_satisfied\"": true}""]",27bd80743f6d,judge-json-v5.1,2026-07-11T14:51:12.637042+00:00,1581.557,api.deepseek.com,0.2,disabled,semantic-state-v2
v4_workflow_04,workflow_micro,deepseek-v4-flash,LLMJudgeRetry,1,final,True,False,success,True,False,False,1.0,False,0,36f3ccab6ec2,"{""decision"": ""success"", ""reason"": ""target state is satisfied and no unrelated state changed"", ""residue"": false, ""target_satisfied"": true}","[""{\""decision\"": \""success\"", \""reason\"": \""target state is satisfied and no unrelated state changed\"", \""residue\"": false, \""target_satisfied\"": true}""]",27bd80743f6d,judge-json-v5.1,2026-07-11T14:51:12.721564+00:00,1778.561,api.deepseek.com,0.2,disabled,semantic-state-v2
v4_workflow_04,workflow_micro,deepseek-v4-flash,LLMJudgeStep,0,step,True,False,success,True,False,False,1.0,False,0,36f3ccab6ec2,"{""decision"": ""success"", ""reason"": ""target state is satisfied and no unrelated state changed"", ""residue"": false, ""target_satisfied"": true}","[""{\""decision\"": \""success\"", \""reason\"": \""target state is satisfied and no unrelated state changed\"", \""residue\"": false, \""target_satisfied\"": true}""]",e3d3ddd1284e,judge-json-v5.1,2026-07-11T14:51:09.981736+00:00,1903.380,api.deepseek.com,0.2,disabled,semantic-state-v2
v4_workflow_04,workflow_micro,deepseek-v4-flash,LLMJudgeStep,1,step,True,False,success,True,False,False,1.0,False,0,36f3ccab6ec2,"{""decision"": ""success"", ""reason"": ""target state is satisfied and no unrelated state changed"", ""residue"": false, ""target_satisfied"": true}","[""{\""decision\"": \""success\"", \""reason\"": \""target state is satisfied and no unrelated state changed\"", \""residue\"": false, \""target_satisfied\"": true}""]",e3d3ddd1284e,judge-json-v5.1,2026-07-11T14:51:09.877657+00:00,1618.482,api.deepseek.com,0.2,disabled,semantic-state-v2
v4_workflow_05,workflow_micro,deepseek-v4-flash,LLMJudgeFinal,0,final,False,False,failure,False,False,False,1.0,False,0,e7c09a542a57,"{""decision"": ""failure"", ""reason"": ""target state requires note='checked-5' but final state has note=''"", ""residue"": false, ""target_satisfied"": false}","[""{\""decision\"": \""failure\"", \""reason\"": \""target state requires note='checked-5' but final state has note=''\"", \""residue\"": false, \""target_satisfied\"": false}""]",d452ca060ce2,judge-json-v5.1,2026-07-11T14:51:16.342151+00:00,1470.264,api.deepseek.com,0.2,disabled,semantic-state-v2
v4_workflow_05,workflow_micro,deepseek-v4-flash,LLMJudgeFinal,1,final,False,False,failure,False,False,False,1.0,False,0,ab34473f21ad,"{""decision"": ""failure"", ""reason"": ""target state requires note 'checked-5' but final state has note ''"", ""residue"": false, ""target_satisfied"": false}","[""{\""decision\"": \""failure\"", \""reason\"": \""target state requires note 'checked-5' but final state has note ''\"", \""residue\"": false, \""target_satisfied\"": false}""]",d452ca060ce2,judge-json-v5.1,2026-07-11T14:51:17.597049+00:00,2211.775,api.deepseek.com,0.2,disabled,semantic-state-v2
v4_workflow_05,workflow_micro,deepseek-v4-flash,LLMJudgeRetry,0,final,False,False,success,True,False,True,1.0,False,0,36f3ccab6ec2,"{""decision"": ""success"", ""reason"": ""target state is satisfied and no unrelated state changed"", ""residue"": false, ""target_satisfied"": true}","[""{\""decision\"": \""success\"", \""reason\"": \""target state is satisfied and no unrelated state changed\"", \""residue\"": false, \""target_satisfied\"": true}""]",d452ca060ce2,judge-json-v5.1,2026-07-11T14:51:19.414088+00:00,1856.512,api.deepseek.com,0.2,disabled,semantic-state-v2
v4_workflow_05,workflow_micro,deepseek-v4-flash,LLMJudgeRetry,1,final,True,False,success,True,False,False,1.0,False,0,36f3ccab6ec2,"{""decision"": ""success"", ""reason"": ""target state is satisfied and no unrelated state changed"", ""residue"": false, ""target_satisfied"": true}","[""{\""decision\"": \""success\"", \""reason\"": \""target state is satisfied and no unrelated state changed\"", \""residue\"": false, \""target_satisfied\"": true}""]",239c7a9a9cb3,judge-json-v5.1,2026-07-11T14:51:21.184982+00:00,2043.611,api.deepseek.com,0.2,disabled,semantic-state-v2
v4_workflow_05,workflow_micro,deepseek-v4-flash,LLMJudgeStep,0,step,True,False,success,True,False,False,1.0,False,0,36f3ccab6ec2,"{""decision"": ""success"", ""reason"": ""target state is satisfied and no unrelated state changed"", ""residue"": false, ""target_satisfied"": true}","[""{\""decision\"": \""success\"", \""reason\"": \""target state is satisfied and no unrelated state changed\"", \""residue\"": false, \""target_satisfied\"": true}""]",45077805ce68,judge-json-v5.1,2026-07-11T14:51:17.803632+00:00,1566.931,api.deepseek.com,0.2,disabled,semantic-state-v2
v4_workflow_05,workflow_micro,deepseek-v4-flash,LLMJudgeStep,1,step,True,False,success,True,False,False,1.0,False,0,36f3ccab6ec2,"{""decision"": ""success"", ""reason"": ""target state is satisfied and no unrelated state changed"", ""residue"": false, ""target_satisfied"": true}","[""{\""decision\"": \""success\"", \""reason\"": \""target state is satisfied and no unrelated state changed\"", \""residue\"": false, \""target_satisfied\"": true}""]",45077805ce68,judge-json-v5.1,2026-07-11T14:51:18.243382+00:00,1866.170,api.deepseek.com,0.2,disabled,semantic-state-v2
v4_file_00,file,deepseek-v4-pro,LLMJudgeFinal,0,final,True,False,success,True,False,False,1.0,False,0,36f3ccab6ec2,"{""decision"": ""success"", ""reason"": ""target state is satisfied and no unrelated state changed"", ""residue"": false, ""target_satisfied"": true}","[""{\""decision\"": \""success\"", \""reason\"": \""target state is satisfied and no unrelated state changed\"", \""residue\"": false, \""target_satisfied\"": true}""]",d88b15629736,judge-json-v5.1,2026-07-11T14:38:50.309618+00:00,2034.786,api.deepseek.com,0.2,disabled,semantic-state-v2
v4_file_00,file,deepseek-v4-pro,LLMJudgeFinal,1,final,True,False,success,True,False,False,1.0,False,0,36f3ccab6ec2,"{""decision"": ""success"", ""reason"": ""target state is satisfied and no unrelated state changed"", ""residue"": false, ""target_satisfied"": true}","[""{\""decision\"": \""success\"", \""reason\"": \""target state is satisfied and no unrelated state changed\"", \""residue\"": false, \""target_satisfied\"": true}""]",d88b15629736,judge-json-v5.1,2026-07-11T14:38:51.609174+00:00,2039.386,api.deepseek.com,0.2,disabled,semantic-state-v2
v4_file_00,file,deepseek-v4-pro,LLMJudgeRetry,0,final,True,False,success,True,False,False,1.0,False,0,36f3ccab6ec2,"{""decision"": ""success"", ""reason"": ""target state is satisfied and no unrelated state changed"", ""residue"": false, ""target_satisfied"": true}","[""{\""decision\"": \""success\"", \""reason\"": \""target state is satisfied and no unrelated state changed\"", \""residue\"": false, \""target_satisfied\"": true}""]",d88b15629736,judge-json-v5.1,2026-07-11T14:38:54.292601+00:00,2312.489,api.deepseek.com,0.2,disabled,semantic-state-v2
v4_file_00,file,deepseek-v4-pro,LLMJudgeRetry,1,final,True,False,success,True,False,False,1.0,False,0,36f3ccab6ec2,"{""decision"": ""success"", ""reason"": ""target state is satisfied and no unrelated state changed"", ""residue"": false, ""target_satisfied"": true}","[""{\""decision\"": \""success\"", \""reason\"": \""target state is satisfied and no unrelated state changed\"", \""residue\"": false, \""target_satisfied\"": true}""]",d88b15629736,judge-json-v5.1,2026-07-11T14:38:56.230548+00:00,2045.229,api.deepseek.com,0.2,disabled,semantic-state-v2
v4_file_00,file,deepseek-v4-pro,LLMJudgeStep,0,step,True,False,success,True,False,False,1.0,False,0,36f3ccab6ec2,"{""decision"": ""success"", ""reason"": ""target state is satisfied and no unrelated state changed"", ""residue"": false, ""target_satisfied"": true}","[""{\""decision\"": \""success\"", \""reason\"": \""target state is satisfied and no unrelated state changed\"", \""residue\"": false, \""target_satisfied\"": true}""]",9f5491cb8c8c,judge-json-v5.1,2026-07-11T14:38:52.736119+00:00,2272.614,api.deepseek.com,0.2,disabled,semantic-state-v2
v4_file_00,file,deepseek-v4-pro,LLMJudgeStep,1,step,True,False,success,True,False,False,1.0,False,0,36f3ccab6ec2,"{""decision"": ""success"", ""reason"": ""target state is satisfied and no unrelated state changed"", ""residue"": false, ""target_satisfied"": true}","[""{\""decision\"": \""success\"", \""reason\"": \""target state is satisfied and no unrelated state changed\"", \""residue\"": false, \""target_satisfied\"": true}""]",f9b22c83c2fc,judge-json-v5.1,2026-07-11T14:38:54.721433+00:00,2518.855,api.deepseek.com,0.2,disabled,semantic-state-v2
v4_file_01,file,deepseek-v4-pro,LLMJudgeFinal,0,final,True,False,success,True,False,False,1.0,False,0,36f3ccab6ec2,"{""decision"": ""success"", ""reason"": ""target state is satisfied and no unrelated state changed"", ""residue"": false, ""target_satisfied"": true}","[""{\""decision\"": \""success\"", \""reason\"": \""target state is satisfied and no unrelated state changed\"", \""residue\"": false, \""target_satisfied\"": true}""]",cf6c3533133e,judge-json-v5.1,2026-07-11T14:39:00.623000+00:00,1926.825,api.deepseek.com,0.2,disabled,semantic-state-v2
v4_file_01,file,deepseek-v4-pro,LLMJudgeFinal,1,final,True,False,success,True,False,False,1.0,False,0,36f3ccab6ec2,"{""decision"": ""success"", ""reason"": ""target state is satisfied and no unrelated state changed"", ""residue"": false, ""target_satisfied"": true}","[""{\""decision\"": \""success\"", \""reason\"": \""target state is satisfied and no unrelated state changed\"", \""residue\"": false, \""target_satisfied\"": true}""]",cf6c3533133e,judge-json-v5.1,2026-07-11T14:39:02.040455+00:00,3599.831,api.deepseek.com,0.2,disabled,semantic-state-v2
v4_file_01,file,deepseek-v4-pro,LLMJudgeRetry,0,final,True,False,success,True,False,False,1.0,False,0,36f3ccab6ec2,"{""decision"": ""success"", ""reason"": ""target state is satisfied and no unrelated state changed"", ""residue"": false, ""target_satisfied"": true}","[""{\""decision\"": \""success\"", \""reason\"": \""target state is satisfied and no unrelated state changed\"", \""residue\"": false, \""target_satisfied\"": true}""]",cf6c3533133e,judge-json-v5.1,2026-07-11T14:39:04.856382+00:00,2260.750,api.deepseek.com,0.2,disabled,semantic-state-v2
v4_file_01,file,deepseek-v4-pro,LLMJudgeRetry,1,final,True,False,success,True,False,False,1.0,False,0,36f3ccab6ec2,"{""decision"": ""success"", ""reason"": ""target state is satisfied and no unrelated state changed"", ""residue"": false, ""target_satisfied"": true}","[""{\""decision\"": \""success\"", \""reason\"": \""target state is satisfied and no unrelated state changed\"", \""residue\"": false, \""target_satisfied\"": true}""]",cf6c3533133e,judge-json-v5.1,2026-07-11T14:39:05.548797+00:00,1783.433,api.deepseek.com,0.2,disabled,semantic-state-v2
v4_file_01,file,deepseek-v4-pro,LLMJudgeStep,0,step,True,False,success,True,False,False,1.0,False,0,36f3ccab6ec2,"{""decision"": ""success"", ""reason"": ""target state is satisfied and no unrelated state changed"", ""residue"": false, ""target_satisfied"": true}","[""{\""decision\"": \""success\"", \""reason\"": \""target state is satisfied and no unrelated state changed\"", \""residue\"": false, \""target_satisfied\"": true}""]",8270a47a9111,judge-json-v5.1,2026-07-11T14:39:01.715823+00:00,1821.997,api.deepseek.com,0.2,disabled,semantic-state-v2
v4_file_01,file,deepseek-v4-pro,LLMJudgeStep,1,step,True,False,success,True,False,False,1.0,False,0,36f3ccab6ec2,"{""decision"": ""success"", ""reason"": ""target state is satisfied and no unrelated state changed"", ""residue"": false, ""target_satisfied"": true}","[""{\""decision\"": \""success\"", \""reason\"": \""target state is satisfied and no unrelated state changed\"", \""residue\"": false, \""target_satisfied\"": true}""]",8270a47a9111,judge-json-v5.1,2026-07-11T14:39:02.967463+00:00,2342.299,api.deepseek.com,0.2,disabled,semantic-state-v2
v4_file_02,file,deepseek-v4-pro,LLMJudgeFinal,0,final,True,False,success,True,False,False,1.0,False,0,36f3ccab6ec2,"{""decision"": ""success"", ""reason"": ""target state is satisfied and no unrelated state changed"", ""residue"": false, ""target_satisfied"": true}","[""{\""decision\"": \""success\"", \""reason\"": \""target state is satisfied and no unrelated state changed\"", \""residue\"": false, \""target_satisfied\"": true}""]",f3d3a0063760,judge-json-v5.1,2026-07-11T14:39:10.838398+00:00,2115.264,api.deepseek.com,0.2,disabled,semantic-state-v2
v4_file_02,file,deepseek-v4-pro,LLMJudgeFinal,1,final,True,False,success,True,False,False,1.0,False,0,36f3ccab6ec2,"{""decision"": ""success"", ""reason"": ""target state is satisfied and no unrelated state changed"", ""residue"": false, ""target_satisfied"": true}","[""{\""decision\"": \""success\"", \""reason\"": \""target state is satisfied and no unrelated state changed\"", \""residue\"": false, \""target_satisfied\"": true}""]",f3d3a0063760,judge-json-v5.1,2026-07-11T14:39:10.797799+00:00,2157.871,api.deepseek.com,0.2,disabled,semantic-state-v2
v4_file_02,file,deepseek-v4-pro,LLMJudgeRetry,0,final,True,False,success,True,False,False,1.0,False,0,36f3ccab6ec2,"{""decision"": ""success"", ""reason"": ""target state is satisfied and no unrelated state changed"", ""residue"": false, ""target_satisfied"": true}","[""{\""decision\"": \""success\"", \""reason\"": \""target state is satisfied and no unrelated state changed\"", \""residue\"": false, \""target_satisfied\"": true}""]",f3d3a0063760,judge-json-v5.1,2026-07-11T14:39:14.924626+00:00,2444.703,api.deepseek.com,0.2,disabled,semantic-state-v2
v4_file_02,file,deepseek-v4-pro,LLMJudgeRetry,1,final,True,False,success,True,False,False,1.0,False,0,36f3ccab6ec2,"{""decision"": ""success"", ""reason"": ""target state is satisfied and no unrelated state changed"", ""residue"": false, ""target_satisfied"": true}","[""{\""decision\"": \""success\"", \""reason\"": \""target state is satisfied and no unrelated state changed\"", \""residue\"": false, \""target_satisfied\"": true}""]",f3d3a0063760,judge-json-v5.1,2026-07-11T14:39:15.083418+00:00,2016.624,api.deepseek.com,0.2,disabled,semantic-state-v2
v4_file_02,file,deepseek-v4-pro,LLMJudgeStep,0,step,True,False,success,True,False,False,1.0,False,0,36f3ccab6ec2,"{""decision"": ""success"", ""reason"": ""target state is satisfied and no unrelated state changed"", ""residue"": false, ""target_satisfied"": true}","[""{\""decision\"": \""success\"", \""reason\"": \""target state is satisfied and no unrelated state changed\"", \""residue\"": false, \""target_satisfied\"": true}""]",0fdad56b9b5a,judge-json-v5.1,2026-07-11T14:39:11.651941+00:00,2091.573,api.deepseek.com,0.2,disabled,semantic-state-v2
v4_file_02,file,deepseek-v4-pro,LLMJudgeStep,1,step,True,False,success,True,False,False,1.0,False,0,36f3ccab6ec2,"{""decision"": ""success"", ""reason"": ""target state is satisfied and no unrelated state changed"", ""residue"": false, ""target_satisfied"": true}","[""{\""decision\"": \""success\"", \""reason\"": \""target state is satisfied and no unrelated state changed\"", \""residue\"": false, \""target_satisfied\"": true}""]",0fdad56b9b5a,judge-json-v5.1,2026-07-11T14:39:14.872491+00:00,4359.616,api.deepseek.com,0.2,disabled,semantic-state-v2
v4_file_03,file,deepseek-v4-pro,LLMJudgeFinal,0,final,True,False,success,True,False,False,1.0,False,0,36f3ccab6ec2,"{""decision"": ""success"", ""reason"": ""target state is satisfied and no unrelated state changed"", ""residue"": false, ""target_satisfied"": true}","[""{\""decision\"": \""success\"", \""reason\"": \""target state is satisfied and no unrelated state changed\"", \""residue\"": false, \""target_satisfied\"": true}""]",6c22029a1661,judge-json-v5.1,2026-07-11T14:39:22.141907+00:00,2471.563,api.deepseek.com,0.2,disabled,semantic-state-v2
v4_file_03,file,deepseek-v4-pro,LLMJudgeFinal,1,final,True,False,success,True,False,False,1.0,False,0,36f3ccab6ec2,"{""decision"": ""success"", ""reason"": ""target state is satisfied and no unrelated state changed"", ""residue"": false, ""target_satisfied"": true}","[""{\""decision\"": \""success\"", \""reason\"": \""target state is satisfied and no unrelated state changed\"", \""residue\"": false, \""target_satisfied\"": true}""]",6c22029a1661,judge-json-v5.1,2026-07-11T14:39:21.226842+00:00,2146.633,api.deepseek.com,0.2,disabled,semantic-state-v2
v4_file_03,file,deepseek-v4-pro,LLMJudgeRetry,0,final,True,False,success,True,False,False,1.0,False,0,36f3ccab6ec2,"{""decision"": ""success"", ""reason"": ""target state is satisfied and no unrelated state changed"", ""residue"": false, ""target_satisfied"": true}","[""{\""decision\"": \""success\"", \""reason\"": \""target state is satisfied and no unrelated state changed\"", \""residue\"": false, \""target_satisfied\"": true}""]",6c22029a1661,judge-json-v5.1,2026-07-11T14:39:25.558291+00:00,2695.113,api.deepseek.com,0.2,disabled,semantic-state-v2
v4_file_03,file,deepseek-v4-pro,LLMJudgeRetry,1,final,True,False,success,True,False,False,1.0,False,0,36f3ccab6ec2,"{""decision"": ""success"", ""reason"": ""target state is satisfied and no unrelated state changed"", ""residue"": false, ""target_satisfied"": true}","[""{\""decision\"": \""success\"", \""reason\"": \""target state is satisfied and no unrelated state changed\"", \""residue\"": false, \""target_satisfied\"": true}""]",6c22029a1661,judge-json-v5.1,2026-07-11T14:39:27.593354+00:00,2225.022,api.deepseek.com,0.2,disabled,semantic-state-v2
v4_file_03,file,deepseek-v4-pro,LLMJudgeStep,0,step,True,False,success,True,False,False,1.0,False,0,36f3ccab6ec2,"{""decision"": ""success"", ""reason"": ""target state is satisfied and no unrelated state changed"", ""residue"": false, ""target_satisfied"": true}","[""{\""decision\"": \""success\"", \""reason\"": \""target state is satisfied and no unrelated state changed\"", \""residue\"": false, \""target_satisfied\"": true}""]",f8c5cecc8721,judge-json-v5.1,2026-07-11T14:39:22.600876+00:00,1917.667,api.deepseek.com,0.2,disabled,semantic-state-v2
v4_file_03,file,deepseek-v4-pro,LLMJudgeStep,1,step,True,False,success,True,False,False,1.0,False,0,36f3ccab6ec2,"{""decision"": ""success"", ""reason"": ""target state is satisfied and no unrelated state changed"", ""residue"": false, ""target_satisfied"": true}","[""{\""decision\"": \""success\"", \""reason\"": \""target state is satisfied and no unrelated state changed\"", \""residue\"": false, \""target_satisfied\"": true}""]",f8c5cecc8721,judge-json-v5.1,2026-07-11T14:39:22.663232+00:00,1991.665,api.deepseek.com,0.2,disabled,semantic-state-v2
v4_file_04,file,deepseek-v4-pro,LLMJudgeFinal,0,final,True,False,success,True,False,False,1.0,False,0,36f3ccab6ec2,"{""decision"": ""success"", ""reason"": ""target state is satisfied and no unrelated state changed"", ""residue"": false, ""target_satisfied"": true}","[""{\""decision\"": \""success\"", \""reason\"": \""target state is satisfied and no unrelated state changed\"", \""residue\"": false, \""target_satisfied\"": true}""]",c8b196b3a961,judge-json-v5.1,2026-07-11T14:39:31.991165+00:00,2101.932,api.deepseek.com,0.2,disabled,semantic-state-v2
v4_file_04,file,deepseek-v4-pro,LLMJudgeFinal,1,final,True,False,success,True,False,False,1.0,False,0,36f3ccab6ec2,"{""decision"": ""success"", ""reason"": ""target state is satisfied and no unrelated state changed"", ""residue"": false, ""target_satisfied"": true}","[""{\""decision\"": \""success\"", \""reason\"": \""target state is satisfied and no unrelated state changed\"", \""residue\"": false, \""target_satisfied\"": true}""]",c8b196b3a961,judge-json-v5.1,2026-07-11T14:39:31.744342+00:00,2483.881,api.deepseek.com,0.2,disabled,semantic-state-v2
v4_file_04,file,deepseek-v4-pro,LLMJudgeRetry,0,final,True,False,success,True,False,False,1.0,False,0,36f3ccab6ec2,"{""decision"": ""success"", ""reason"": ""target state is satisfied and no unrelated state changed"", ""residue"": false, ""target_satisfied"": true}","[""{\""decision\"": \""success\"", \""reason\"": \""target state is satisfied and no unrelated state changed\"", \""residue\"": false, \""target_satisfied\"": true}""]",c8b196b3a961,judge-json-v5.1,2026-07-11T14:39:36.378067+00:00,2363.780,api.deepseek.com,0.2,disabled,semantic-state-v2
v4_file_04,file,deepseek-v4-pro,LLMJudgeRetry,1,final,True,False,success,True,False,False,1.0,False,0,36f3ccab6ec2,"{""decision"": ""success"", ""reason"": ""target state is satisfied and no unrelated state changed"", ""residue"": false, ""target_satisfied"": true}","[""{\""decision\"": \""success\"", \""reason\"": \""target state is satisfied and no unrelated state changed\"", \""residue\"": false, \""target_satisfied\"": true}""]",8fec47330bfe,judge-json-v5.1,2026-07-11T14:39:36.173929+00:00,2587.166,api.deepseek.com,0.2,disabled,semantic-state-v2
v4_file_04,file,deepseek-v4-pro,LLMJudgeStep,0,step,True,False,success,True,False,False,1.0,False,0,a5e84aefebea,"{""decision"": ""success"", ""reason"": ""target file deleted, no residue"", ""residue"": false, ""target_satisfied"": true}","[""{\""decision\"": \""success\"", \""reason\"": \""target file deleted, no residue\"", \""residue\"": false, \""target_satisfied\"": true}""]",23f66e3d4822,judge-json-v5.1,2026-07-11T14:39:32.194623+00:00,2547.523,api.deepseek.com,0.2,disabled,semantic-state-v2
v4_file_04,file,deepseek-v4-pro,LLMJudgeStep,1,step,True,False,success,True,False,False,1.0,False,0,36f3ccab6ec2,"{""decision"": ""success"", ""reason"": ""target state is satisfied and no unrelated state changed"", ""residue"": false, ""target_satisfied"": true}","[""{\""decision\"": \""success\"", \""reason\"": \""target state is satisfied and no unrelated state changed\"", \""residue\"": false, \""target_satisfied\"": true}""]",1c26164f72e4,judge-json-v5.1,2026-07-11T14:39:32.824408+00:00,1971.096,api.deepseek.com,0.2,disabled,semantic-state-v2
v4_file_05,file,deepseek-v4-pro,LLMJudgeFinal,0,final,True,False,success,True,False,False,1.0,False,0,36f3ccab6ec2,"{""decision"": ""success"", ""reason"": ""target state is satisfied and no unrelated state changed"", ""residue"": false, ""target_satisfied"": true}","[""{\""decision\"": \""success\"", \""reason\"": \""target state is satisfied and no unrelated state changed\"", \""residue\"": false, \""target_satisfied\"": true}""]",8b13d6bcdc15,judge-json-v5.1,2026-07-11T14:39:40.974006+00:00,2870.626,api.deepseek.com,0.2,disabled,semantic-state-v2
v4_file_05,file,deepseek-v4-pro,LLMJudgeFinal,1,final,True,False,success,True,False,False,1.0,False,0,36f3ccab6ec2,"{""decision"": ""success"", ""reason"": ""target state is satisfied and no unrelated state changed"", ""residue"": false, ""target_satisfied"": true}","[""{\""decision\"": \""success\"", \""reason\"": \""target state is satisfied and no unrelated state changed\"", \""residue\"": false, \""target_satisfied\"": true}""]",8b13d6bcdc15,judge-json-v5.1,2026-07-11T14:39:42.180795+00:00,2275.640,api.deepseek.com,0.2,disabled,semantic-state-v2
v4_file_05,file,deepseek-v4-pro,LLMJudgeRetry,0,final,True,False,success,True,False,False,1.0,False,0,36f3ccab6ec2,"{""decision"": ""success"", ""reason"": ""target state is satisfied and no unrelated state changed"", ""residue"": false, ""target_satisfied"": true}","[""{\""decision\"": \""success\"", \""reason\"": \""target state is satisfied and no unrelated state changed\"", \""residue\"": false, \""target_satisfied\"": true}""]",8b13d6bcdc15,judge-json-v5.1,2026-07-11T14:39:46.085718+00:00,2528.610,api.deepseek.com,0.2,disabled,semantic-state-v2
v4_file_05,file,deepseek-v4-pro,LLMJudgeRetry,1,final,True,False,success,True,False,False,1.0,False,0,36f3ccab6ec2,"{""decision"": ""success"", ""reason"": ""target state is satisfied and no unrelated state changed"", ""residue"": false, ""target_satisfied"": true}","[""{\""decision\"": \""success\"", \""reason\"": \""target state is satisfied and no unrelated state changed\"", \""residue\"": false, \""target_satisfied\"": true}""]",8b13d6bcdc15,judge-json-v5.1,2026-07-11T14:39:46.577774+00:00,2123.095,api.deepseek.com,0.2,disabled,semantic-state-v2
v4_file_05,file,deepseek-v4-pro,LLMJudgeStep,0,step,True,False,success,True,False,False,1.0,False,0,36f3ccab6ec2,"{""decision"": ""success"", ""reason"": ""target state is satisfied and no unrelated state changed"", ""residue"": false, ""target_satisfied"": true}","[""{\""decision\"": \""success\"", \""reason\"": \""target state is satisfied and no unrelated state changed\"", \""residue\"": false, \""target_satisfied\"": true}""]",1af5bcc64bc5,judge-json-v5.1,2026-07-11T14:39:42.822592+00:00,2058.418,api.deepseek.com,0.2,disabled,semantic-state-v2
v4_file_05,file,deepseek-v4-pro,LLMJudgeStep,1,step,True,False,success,True,False,False,1.0,False,0,36f3ccab6ec2,"{""decision"": ""success"", ""reason"": ""target state is satisfied and no unrelated state changed"", ""residue"": false, ""target_satisfied"": true}","[""{\""decision\"": \""success\"", \""reason\"": \""target state is satisfied and no unrelated state changed\"", \""residue\"": false, \""target_satisfied\"": true}""]",1af5bcc64bc5,judge-json-v5.1,2026-07-11T14:39:44.334509+00:00,2522.696,api.deepseek.com,0.2,disabled,semantic-state-v2
v4_file_06,file,deepseek-v4-pro,LLMJudgeFinal,0,final,True,False,success,True,False,False,1.0,False,0,36f3ccab6ec2,"{""decision"": ""success"", ""reason"": ""target state is satisfied and no unrelated state changed"", ""residue"": false, ""target_satisfied"": true}","[""{\""decision\"": \""success\"", \""reason\"": \""target state is satisfied and no unrelated state changed\"", \""residue\"": false, \""target_satisfied\"": true}""]",ef36e6935a67,judge-json-v5.1,2026-07-11T14:39:52.071802+00:00,2080.959,api.deepseek.com,0.2,disabled,semantic-state-v2
v4_file_06,file,deepseek-v4-pro,LLMJudgeFinal,1,final,True,False,success,True,False,False,1.0,False,0,36f3ccab6ec2,"{""decision"": ""success"", ""reason"": ""target state is satisfied and no unrelated state changed"", ""residue"": false, ""target_satisfied"": true}","[""{\""decision\"": \""success\"", \""reason\"": \""target state is satisfied and no unrelated state changed\"", \""residue\"": false, \""target_satisfied\"": true}""]",ef36e6935a67,judge-json-v5.1,2026-07-11T14:39:53.232155+00:00,2550.557,api.deepseek.com,0.2,disabled,semantic-state-v2
v4_file_06,file,deepseek-v4-pro,LLMJudgeRetry,0,final,True,False,success,True,False,False,1.0,False,0,36f3ccab6ec2,"{""decision"": ""success"", ""reason"": ""target state is satisfied and no unrelated state changed"", ""residue"": false, ""target_satisfied"": true}","[""{\""decision\"": \""success\"", \""reason\"": \""target state is satisfied and no unrelated state changed\"", \""residue\"": false, \""target_satisfied\"": true}""]",ef36e6935a67,judge-json-v5.1,2026-07-11T14:39:56.467950+00:00,2745.700,api.deepseek.com,0.2,disabled,semantic-state-v2
v4_file_06,file,deepseek-v4-pro,LLMJudgeRetry,1,final,True,False,success,True,False,False,1.0,False,0,36f3ccab6ec2,"{""decision"": ""success"", ""reason"": ""target state is satisfied and no unrelated state changed"", ""residue"": false, ""target_satisfied"": true}","[""{\""decision\"": \""success\"", \""reason\"": \""target state is satisfied and no unrelated state changed\"", \""residue\"": false, \""target_satisfied\"": true}""]",ef36e6935a67,judge-json-v5.1,2026-07-11T14:39:58.135070+00:00,2296.828,api.deepseek.com,0.2,disabled,semantic-state-v2
v4_file_06,file,deepseek-v4-pro,LLMJudgeStep,0,step,True,False,success,True,False,False,1.0,False,0,36f3ccab6ec2,"{""decision"": ""success"", ""reason"": ""target state is satisfied and no unrelated state changed"", ""residue"": false, ""target_satisfied"": true}","[""{\""decision\"": \""success\"", \""reason\"": \""target state is satisfied and no unrelated state changed\"", \""residue\"": false, \""target_satisfied\"": true}""]",6cb619db7e7e,judge-json-v5.1,2026-07-11T14:39:53.707479+00:00,2631.313,api.deepseek.com,0.2,disabled,semantic-state-v2
v4_file_06,file,deepseek-v4-pro,LLMJudgeStep,1,step,True,False,success,True,False,False,1.0,False,0,36f3ccab6ec2,"{""decision"": ""success"", ""reason"": ""target state is satisfied and no unrelated state changed"", ""residue"": false, ""target_satisfied"": true}","[""{\""decision\"": \""success\"", \""reason\"": \""target state is satisfied and no unrelated state changed\"", \""residue\"": false, \""target_satisfied\"": true}""]",6cb619db7e7e,judge-json-v5.1,2026-07-11T14:39:54.326270+00:00,2461.556,api.deepseek.com,0.2,disabled,semantic-state-v2
v4_file_07,file,deepseek-v4-pro,LLMJudgeFinal,0,final,True,False,success,True,False,False,1.0,False,0,36f3ccab6ec2,"{""decision"": ""success"", ""reason"": ""target state is satisfied and no unrelated state changed"", ""residue"": false, ""target_satisfied"": true}","[""{\""decision\"": \""success\"", \""reason\"": \""target state is satisfied and no unrelated state changed\"", \""residue\"": false, \""target_satisfied\"": true}""]",d8f7c55d6764,judge-json-v5.1,2026-07-11T14:40:04.644988+00:00,6280.394,api.deepseek.com,0.2,disabled,semantic-state-v2
v4_file_07,file,deepseek-v4-pro,LLMJudgeFinal,1,final,True,False,success,True,False,False,1.0,False,0,36f3ccab6ec2,"{""decision"": ""success"", ""reason"": ""target state is satisfied and no unrelated state changed"", ""residue"": false, ""target_satisfied"": true}","[""{\""decision\"": \""success\"", \""reason\"": \""target state is satisfied and no unrelated state changed\"", \""residue\"": false, \""target_satisfied\"": true}""]",454714db00ea,judge-json-v5.1,2026-07-11T14:40:03.666187+00:00,2486.855,api.deepseek.com,0.2,disabled,semantic-state-v2
v4_file_07,file,deepseek-v4-pro,LLMJudgeRetry,0,final,True,False,success,True,False,False,1.0,False,0,36f3ccab6ec2,"{""decision"": ""success"", ""reason"": ""target state is satisfied and no unrelated state changed"", ""residue"": false, ""target_satisfied"": true}","[""{\""decision\"": \""success\"", \""reason\"": \""target state is satisfied and no unrelated state changed\"", \""residue\"": false, \""target_satisfied\"": true}""]",454714db00ea,judge-json-v5.1,2026-07-11T14:40:08.700513+00:00,2281.897,api.deepseek.com,0.2,disabled,semantic-state-v2
v4_file_07,file,deepseek-v4-pro,LLMJudgeRetry,1,final,True,False,success,True,False,False,1.0,False,0,36f3ccab6ec2,"{""decision"": ""success"", ""reason"": ""target state is satisfied and no unrelated state changed"", ""residue"": false, ""target_satisfied"": true}","[""{\""decision\"": \""success\"", \""reason\"": \""target state is satisfied and no unrelated state changed\"", \""residue\"": false, \""target_satisfied\"": true}""]",454714db00ea,judge-json-v5.1,2026-07-11T14:40:10.575546+00:00,2582.192,api.deepseek.com,0.2,disabled,semantic-state-v2
v4_file_07,file,deepseek-v4-pro,LLMJudgeStep,0,step,True,False,success,True,False,False,1.0,False,0,36f3ccab6ec2,"{""decision"": ""success"", ""reason"": ""target state is satisfied and no unrelated state changed"", ""residue"": false, ""target_satisfied"": true}","[""{\""decision\"": \""success\"", \""reason\"": \""target state is satisfied and no unrelated state changed\"", \""residue\"": false, \""target_satisfied\"": true}""]",b6e5bd1095b3,judge-json-v5.1,2026-07-11T14:40:04.821564+00:00,2708.687,api.deepseek.com,0.2,disabled,semantic-state-v2
v4_file_07,file,deepseek-v4-pro,LLMJudgeStep,1,step,True,False,success,True,False,False,1.0,False,0,36f3ccab6ec2,"{""decision"": ""success"", ""reason"": ""target state is satisfied and no unrelated state changed"", ""residue"": false, ""target_satisfied"": true}","[""{\""decision\"": \""success\"", \""reason\"": \""target state is satisfied and no unrelated state changed\"", \""residue\"": false, \""target_satisfied\"": true}""]",b6e5bd1095b3,judge-json-v5.1,2026-07-11T14:40:04.993334+00:00,2535.132,api.deepseek.com,0.2,disabled,semantic-state-v2
v4_file_08,file,deepseek-v4-pro,LLMJudgeFinal,0,final,True,False,success,True,False,False,1.0,False,0,36f3ccab6ec2,"{""decision"": ""success"", ""reason"": ""target state is satisfied and no unrelated state changed"", ""residue"": false, ""target_satisfied"": true}","[""{\""decision\"": \""success\"", \""reason\"": \""target state is satisfied and no unrelated state changed\"", \""residue\"": false, \""target_satisfied\"": true}""]",61ee9d2c27c4,judge-json-v5.1,2026-07-11T14:40:17.206195+00:00,3545.266,api.deepseek.com,0.2,disabled,semantic-state-v2
v4_file_08,file,deepseek-v4-pro,LLMJudgeFinal,1,final,True,False,success,True,False,False,1.0,False,0,36f3ccab6ec2,"{""decision"": ""success"", ""reason"": ""target state is satisfied and no unrelated state changed"", ""residue"": false, ""target_satisfied"": true}","[""{\""decision\"": \""success\"", \""reason\"": \""target state is satisfied and no unrelated state changed\"", \""residue\"": false, \""target_satisfied\"": true}""]",61ee9d2c27c4,judge-json-v5.1,2026-07-11T14:40:16.128416+00:00,2245.776,api.deepseek.com,0.2,disabled,semantic-state-v2
v4_file_08,file,deepseek-v4-pro,LLMJudgeRetry,0,final,True,False,success,True,False,False,1.0,False,0,36f3ccab6ec2,"{""decision"": ""success"", ""reason"": ""target state is satisfied and no unrelated state changed"", ""residue"": false, ""target_satisfied"": true}","[""{\""decision\"": \""success\"", \""reason\"": \""target state is satisfied and no unrelated state changed\"", \""residue\"": false, \""target_satisfied\"": true}""]",61ee9d2c27c4,judge-json-v5.1,2026-07-11T14:40:20.184105+00:00,1989.544,api.deepseek.com,0.2,disabled,semantic-state-v2
v4_file_08,file,deepseek-v4-pro,LLMJudgeRetry,1,final,True,False,success,True,False,False,1.0,False,0,36f3ccab6ec2,"{""decision"": ""success"", ""reason"": ""target state is satisfied and no unrelated state changed"", ""residue"": false, ""target_satisfied"": true}","[""{\""decision\"": \""success\"", \""reason\"": \""target state is satisfied and no unrelated state changed\"", \""residue\"": false, \""target_satisfied\"": true}""]",61ee9d2c27c4,judge-json-v5.1,2026-07-11T14:40:21.167075+00:00,3064.834,api.deepseek.com,0.2,disabled,semantic-state-v2
v4_file_08,file,deepseek-v4-pro,LLMJudgeStep,0,step,True,False,success,True,False,False,1.0,False,0,36f3ccab6ec2,"{""decision"": ""success"", ""reason"": ""target state is satisfied and no unrelated state changed"", ""residue"": false, ""target_satisfied"": true}","[""{\""decision\"": \""success\"", \""reason\"": \""target state is satisfied and no unrelated state changed\"", \""residue\"": false, \""target_satisfied\"": true}""]",b75b736212eb,judge-json-v5.1,2026-07-11T14:40:16.610791+00:00,2246.689,api.deepseek.com,0.2,disabled,semantic-state-v2
v4_file_08,file,deepseek-v4-pro,LLMJudgeStep,1,step,True,False,success,True,False,False,1.0,False,0,36f3ccab6ec2,"{""decision"": ""success"", ""reason"": ""target state is satisfied and no unrelated state changed"", ""residue"": false, ""target_satisfied"": true}","[""{\""decision\"": \""success\"", \""reason\"": \""target state is satisfied and no unrelated state changed\"", \""residue\"": false, \""target_satisfied\"": true}""]",b75b736212eb,judge-json-v5.1,2026-07-11T14:40:17.012108+00:00,1959.354,api.deepseek.com,0.2,disabled,semantic-state-v2
v4_file_09,file,deepseek-v4-pro,LLMJudgeFinal,0,final,True,False,success,True,False,False,1.0,False,0,36f3ccab6ec2,"{""decision"": ""success"", ""reason"": ""target state is satisfied and no unrelated state changed"", ""residue"": false, ""target_satisfied"": true}","[""{\""decision\"": \""success\"", \""reason\"": \""target state is satisfied and no unrelated state changed\"", \""residue\"": false, \""target_satisfied\"": true}""]",93337fd1c301,judge-json-v5.1,2026-07-11T14:40:27.027376+00:00,2643.336,api.deepseek.com,0.2,disabled,semantic-state-v2
v4_file_09,file,deepseek-v4-pro,LLMJudgeFinal,1,final,True,False,success,True,False,False,1.0,False,0,36f3ccab6ec2,"{""decision"": ""success"", ""reason"": ""target state is satisfied and no unrelated state changed"", ""residue"": false, ""target_satisfied"": true}","[""{\""decision\"": \""success\"", \""reason\"": \""target state is satisfied and no unrelated state changed\"", \""residue\"": false, \""target_satisfied\"": true}""]",93337fd1c301,judge-json-v5.1,2026-07-11T14:40:26.616198+00:00,2421.594,api.deepseek.com,0.2,disabled,semantic-state-v2
v4_file_09,file,deepseek-v4-pro,LLMJudgeRetry,0,final,True,False,success,True,False,False,1.0,False,0,36f3ccab6ec2,"{""decision"": ""success"", ""reason"": ""target state is satisfied and no unrelated state changed"", ""residue"": false, ""target_satisfied"": true}","[""{\""decision\"": \""success\"", \""reason\"": \""target state is satisfied and no unrelated state changed\"", \""residue\"": false, \""target_satisfied\"": true}""]",93337fd1c301,judge-json-v5.1,2026-07-11T14:40:30.935070+00:00,1927.185,api.deepseek.com,0.2,disabled,semantic-state-v2
v4_file_09,file,deepseek-v4-pro,LLMJudgeRetry,1,final,True,False,success,True,False,False,1.0,False,0,36f3ccab6ec2,"{""decision"": ""success"", ""reason"": ""target state is satisfied and no unrelated state changed"", ""residue"": false, ""target_satisfied"": true}","[""{\""decision\"": \""success\"", \""reason\"": \""target state is satisfied and no unrelated state changed\"", \""residue\"": false, \""target_satisfied\"": true}""]",93337fd1c301,judge-json-v5.1,2026-07-11T14:40:32.536604+00:00,2515.267,api.deepseek.com,0.2,disabled,semantic-state-v2
v4_file_09,file,deepseek-v4-pro,LLMJudgeStep,0,step,True,False,success,True,False,False,1.0,False,0,36f3ccab6ec2,"{""decision"": ""success"", ""reason"": ""target state is satisfied and no unrelated state changed"", ""residue"": false, ""target_satisfied"": true}","[""{\""decision\"": \""success\"", \""reason\"": \""target state is satisfied and no unrelated state changed\"", \""residue\"": false, \""target_satisfied\"": true}""]",c501d001c190,judge-json-v5.1,2026-07-11T14:40:28.272252+00:00,1650.561,api.deepseek.com,0.2,disabled,semantic-state-v2
v4_file_09,file,deepseek-v4-pro,LLMJudgeStep,1,step,True,False,success,True,False,False,1.0,False,0,36f3ccab6ec2,"{""decision"": ""success"", ""reason"": ""target state is satisfied and no unrelated state changed"", ""residue"": false, ""target_satisfied"": true}","[""{\""decision\"": \""success\"", \""reason\"": \""target state is satisfied and no unrelated state changed\"", \""residue\"": false, \""target_satisfied\"": true}""]",c501d001c190,judge-json-v5.1,2026-07-11T14:40:28.513990+00:00,2513.475,api.deepseek.com,0.2,disabled,semantic-state-v2
v4_file_10,file,deepseek-v4-pro,LLMJudgeFinal,0,final,True,False,success,True,False,False,1.0,False,0,36f3ccab6ec2,"{""decision"": ""success"", ""reason"": ""target state is satisfied and no unrelated state changed"", ""residue"": false, ""target_satisfied"": true}","[""{\""decision\"": \""success\"", \""reason\"": \""target state is satisfied and no unrelated state changed\"", \""residue\"": false, \""target_satisfied\"": true}""]",e4cb0b7b2364,judge-json-v5.1,2026-07-11T14:40:37.001529+00:00,3145.277,api.deepseek.com,0.2,disabled,semantic-state-v2
v4_file_10,file,deepseek-v4-pro,LLMJudgeFinal,1,final,True,False,success,True,False,False,1.0,False,0,36f3ccab6ec2,"{""decision"": ""success"", ""reason"": ""target state is satisfied and no unrelated state changed"", ""residue"": false, ""target_satisfied"": true}","[""{\""decision\"": \""success\"", \""reason\"": \""target state is satisfied and no unrelated state changed\"", \""residue\"": false, \""target_satisfied\"": true}""]",e4cb0b7b2364,judge-json-v5.1,2026-07-11T14:40:37.527939+00:00,2217.728,api.deepseek.com,0.2,disabled,semantic-state-v2
v4_file_10,file,deepseek-v4-pro,LLMJudgeRetry,0,final,True,False,success,True,False,False,1.0,False,0,36f3ccab6ec2,"{""decision"": ""success"", ""reason"": ""target state is satisfied and no unrelated state changed"", ""residue"": false, ""target_satisfied"": true}","[""{\""decision\"": \""success\"", \""reason\"": \""target state is satisfied and no unrelated state changed\"", \""residue\"": false, \""target_satisfied\"": true}""]",e4cb0b7b2364,judge-json-v5.1,2026-07-11T14:40:42.026710+00:00,2109.934,api.deepseek.com,0.2,disabled,semantic-state-v2
v4_file_10,file,deepseek-v4-pro,LLMJudgeRetry,1,final,True,False,success,True,False,False,1.0,False,0,36f3ccab6ec2,"{""decision"": ""success"", ""reason"": ""target state is satisfied and no unrelated state changed"", ""residue"": false, ""target_satisfied"": true}","[""{\""decision\"": \""success\"", \""reason\"": \""target state is satisfied and no unrelated state changed\"", \""residue\"": false, \""target_satisfied\"": true}""]",e4cb0b7b2364,judge-json-v5.1,2026-07-11T14:40:41.799147+00:00,2092.331,api.deepseek.com,0.2,disabled,semantic-state-v2
v4_file_10,file,deepseek-v4-pro,LLMJudgeStep,0,step,True,False,success,True,False,False,1.0,False,0,36f3ccab6ec2,"{""decision"": ""success"", ""reason"": ""target state is satisfied and no unrelated state changed"", ""residue"": false, ""target_satisfied"": true}","[""{\""decision\"": \""success\"", \""reason\"": \""target state is satisfied and no unrelated state changed\"", \""residue\"": false, \""target_satisfied\"": true}""]",219069c524b0,judge-json-v5.1,2026-07-11T14:40:38.215868+00:00,1847.972,api.deepseek.com,0.2,disabled,semantic-state-v2
v4_file_10,file,deepseek-v4-pro,LLMJudgeStep,1,step,True,False,success,True,False,False,1.0,False,0,36f3ccab6ec2,"{""decision"": ""success"", ""reason"": ""target state is satisfied and no unrelated state changed"", ""residue"": false, ""target_satisfied"": true}","[""{\""decision\"": \""success\"", \""reason\"": \""target state is satisfied and no unrelated state changed\"", \""residue\"": false, \""target_satisfied\"": true}""]",219069c524b0,judge-json-v5.1,2026-07-11T14:40:40.431918+00:00,2540.748,api.deepseek.com,0.2,disabled,semantic-state-v2
v4_file_11,file,deepseek-v4-pro,LLMJudgeFinal,0,final,True,False,success,True,False,False,1.0,False,0,5f29efec75f0,"{""decision"": ""success"", ""reason"": ""target file deleted, no other files affected"", ""residue"": false, ""target_satisfied"": true}","[""{\""decision\"": \""success\"", \""reason\"": \""target file deleted, no other files affected\"", \""residue\"": false, \""target_satisfied\"": true}""]",6245a0629bae,judge-json-v5.1,2026-07-11T14:40:47.592044+00:00,2129.646,api.deepseek.com,0.2,disabled,semantic-state-v2
v4_file_11,file,deepseek-v4-pro,LLMJudgeFinal,1,final,True,False,success,True,False,False,1.0,False,0,ee42282692b6,"{""decision"": ""success"", ""reason"": ""target file deleted, no residue or side effects"", ""residue"": false, ""target_satisfied"": true}","[""{\""decision\"": \""success\"", \""reason\"": \""target file deleted, no residue or side effects\"", \""residue\"": false, \""target_satisfied\"": true}""]",6245a0629bae,judge-json-v5.1,2026-07-11T14:40:48.688804+00:00,3464.980,api.deepseek.com,0.2,disabled,semantic-state-v2
v4_file_11,file,deepseek-v4-pro,LLMJudgeRetry,0,final,True,False,success,True,False,False,1.0,False,0,a5e84aefebea,"{""decision"": ""success"", ""reason"": ""target file deleted, no residue"", ""residue"": false, ""target_satisfied"": true}","[""{\""decision\"": \""success\"", \""reason\"": \""target file deleted, no residue\"", \""residue\"": false, \""target_satisfied\"": true}""]",6245a0629bae,judge-json-v5.1,2026-07-11T14:40:53.329341+00:00,2048.499,api.deepseek.com,0.2,disabled,semantic-state-v2
v4_file_11,file,deepseek-v4-pro,LLMJudgeRetry,1,final,True,False,success,True,False,False,1.0,False,0,5f29efec75f0,"{""decision"": ""success"", ""reason"": ""target file deleted, no other files affected"", ""residue"": false, ""target_satisfied"": true}","[""{\""decision\"": \""success\"", \""reason\"": \""target file deleted, no other files affected\"", \""residue\"": false, \""target_satisfied\"": true}""]",6245a0629bae,judge-json-v5.1,2026-07-11T14:40:53.305598+00:00,2208.737,api.deepseek.com,0.2,disabled,semantic-state-v2
v4_file_11,file,deepseek-v4-pro,LLMJudgeStep,0,step,True,False,success,True,False,False,1.0,False,0,5f29efec75f0,"{""decision"": ""success"", ""reason"": ""target file deleted, no other files affected"", ""residue"": false, ""target_satisfied"": true}","[""{\""decision\"": \""success\"", \""reason\"": \""target file deleted, no other files affected\"", \""residue\"": false, \""target_satisfied\"": true}""]",a302553d6773,judge-json-v5.1,2026-07-11T14:40:48.405247+00:00,2554.118,api.deepseek.com,0.2,disabled,semantic-state-v2
v4_file_11,file,deepseek-v4-pro,LLMJudgeStep,1,step,True,False,success,True,False,False,1.0,False,0,f40df9ee3687,"{""decision"": ""success"", ""reason"": ""target file deleted, no similarly named or backup files affected"", ""residue"": false, ""target_satisfied"": true}","[""{\""decision\"": \""success\"", \""reason\"": \""target file deleted, no similarly named or backup files affected\"", \""residue\"": false, \""target_satisfied\"": true}""]",a302553d6773,judge-json-v5.1,2026-07-11T14:40:48.787826+00:00,2484.676,api.deepseek.com,0.2,disabled,semantic-state-v2
v4_file_12,file,deepseek-v4-pro,LLMJudgeFinal,0,final,True,False,success,True,False,False,1.0,False,0,36f3ccab6ec2,"{""decision"": ""success"", ""reason"": ""target state is satisfied and no unrelated state changed"", ""residue"": false, ""target_satisfied"": true}","[""{\""decision\"": \""success\"", \""reason\"": \""target state is satisfied and no unrelated state changed\"", \""residue\"": false, \""target_satisfied\"": true}""]",8efd8c1c12f4,judge-json-v5.1,2026-07-11T14:40:58.032323+00:00,1946.250,api.deepseek.com,0.2,disabled,semantic-state-v2
v4_file_12,file,deepseek-v4-pro,LLMJudgeFinal,1,final,True,False,success,True,False,False,1.0,False,0,36f3ccab6ec2,"{""decision"": ""success"", ""reason"": ""target state is satisfied and no unrelated state changed"", ""residue"": false, ""target_satisfied"": true}","[""{\""decision\"": \""success\"", \""reason\"": \""target state is satisfied and no unrelated state changed\"", \""residue\"": false, \""target_satisfied\"": true}""]",8efd8c1c12f4,judge-json-v5.1,2026-07-11T14:40:59.832310+00:00,2377.381,api.deepseek.com,0.2,disabled,semantic-state-v2
v4_file_12,file,deepseek-v4-pro,LLMJudgeRetry,0,final,True,False,success,True,False,False,1.0,False,0,36f3ccab6ec2,"{""decision"": ""success"", ""reason"": ""target state is satisfied and no unrelated state changed"", ""residue"": false, ""target_satisfied"": true}","[""{\""decision\"": \""success\"", \""reason\"": \""target state is satisfied and no unrelated state changed\"", \""residue\"": false, \""target_satisfied\"": true}""]",8efd8c1c12f4,judge-json-v5.1,2026-07-11T14:41:02.574187+00:00,2303.688,api.deepseek.com,0.2,disabled,semantic-state-v2
v4_file_12,file,deepseek-v4-pro,LLMJudgeRetry,1,final,True,False,success,True,False,False,1.0,False,0,36f3ccab6ec2,"{""decision"": ""success"", ""reason"": ""target state is satisfied and no unrelated state changed"", ""residue"": false, ""target_satisfied"": true}","[""{\""decision\"": \""success\"", \""reason\"": \""target state is satisfied and no unrelated state changed\"", \""residue\"": false, \""target_satisfied\"": true}""]",8efd8c1c12f4,judge-json-v5.1,2026-07-11T14:41:04.142038+00:00,1988.343,api.deepseek.com,0.2,disabled,semantic-state-v2
v4_file_12,file,deepseek-v4-pro,LLMJudgeStep,0,step,True,False,success,True,False,False,1.0,False,0,36f3ccab6ec2,"{""decision"": ""success"", ""reason"": ""target state is satisfied and no unrelated state changed"", ""residue"": false, ""target_satisfied"": true}","[""{\""decision\"": \""success\"", \""reason\"": \""target state is satisfied and no unrelated state changed\"", \""residue\"": false, \""target_satisfied\"": true}""]",aa0e979d2915,judge-json-v5.1,2026-07-11T14:40:59.985205+00:00,1840.513,api.deepseek.com,0.2,disabled,semantic-state-v2
v4_file_12,file,deepseek-v4-pro,LLMJudgeStep,1,step,True,False,success,True,False,False,1.0,False,0,36f3ccab6ec2,"{""decision"": ""success"", ""reason"": ""target state is satisfied and no unrelated state changed"", ""residue"": false, ""target_satisfied"": true}","[""{\""decision\"": \""success\"", \""reason\"": \""target state is satisfied and no unrelated state changed\"", \""residue\"": false, \""target_satisfied\"": true}""]",aa0e979d2915,judge-json-v5.1,2026-07-11T14:41:00.218649+00:00,2291.423,api.deepseek.com,0.2,disabled,semantic-state-v2
v4_file_13,file,deepseek-v4-pro,LLMJudgeFinal,0,final,True,False,success,True,False,False,1.0,False,0,36f3ccab6ec2,"{""decision"": ""success"", ""reason"": ""target state is satisfied and no unrelated state changed"", ""residue"": false, ""target_satisfied"": true}","[""{\""decision\"": \""success\"", \""reason\"": \""target state is satisfied and no unrelated state changed\"", \""residue\"": false, \""target_satisfied\"": true}""]",7d1ce8ee9248,judge-json-v5.1,2026-07-11T14:41:09.337622+00:00,2859.950,api.deepseek.com,0.2,disabled,semantic-state-v2
v4_file_13,file,deepseek-v4-pro,LLMJudgeFinal,1,final,True,False,success,True,False,False,1.0,False,0,36f3ccab6ec2,"{""decision"": ""success"", ""reason"": ""target state is satisfied and no unrelated state changed"", ""residue"": false, ""target_satisfied"": true}","[""{\""decision\"": \""success\"", \""reason\"": \""target state is satisfied and no unrelated state changed\"", \""residue\"": false, \""target_satisfied\"": true}""]",7d1ce8ee9248,judge-json-v5.1,2026-07-11T14:41:09.863005+00:00,2586.026,api.deepseek.com,0.2,disabled,semantic-state-v2
v4_file_13,file,deepseek-v4-pro,LLMJudgeRetry,0,final,True,False,success,True,False,False,1.0,False,0,36f3ccab6ec2,"{""decision"": ""success"", ""reason"": ""target state is satisfied and no unrelated state changed"", ""residue"": false, ""target_satisfied"": true}","[""{\""decision\"": \""success\"", \""reason\"": \""target state is satisfied and no unrelated state changed\"", \""residue\"": false, \""target_satisfied\"": true}""]",7d1ce8ee9248,judge-json-v5.1,2026-07-11T14:41:15.329729+00:00,2697.094,api.deepseek.com,0.2,disabled,semantic-state-v2
v4_file_13,file,deepseek-v4-pro,LLMJudgeRetry,1,final,True,False,success,True,False,False,1.0,False,0,36f3ccab6ec2,"{""decision"": ""success"", ""reason"": ""target state is satisfied and no unrelated state changed"", ""residue"": false, ""target_satisfied"": true}","[""{\""decision\"": \""success\"", \""reason\"": \""target state is satisfied and no unrelated state changed\"", \""residue\"": false, \""target_satisfied\"": true}""]",7d1ce8ee9248,judge-json-v5.1,2026-07-11T14:41:15.389474+00:00,2727.731,api.deepseek.com,0.2,disabled,semantic-state-v2
v4_file_13,file,deepseek-v4-pro,LLMJudgeStep,0,step,True,False,success,True,False,False,1.0,False,0,36f3ccab6ec2,"{""decision"": ""success"", ""reason"": ""target state is satisfied and no unrelated state changed"", ""residue"": false, ""target_satisfied"": true}","[""{\""decision\"": \""success\"", \""reason\"": \""target state is satisfied and no unrelated state changed\"", \""residue\"": false, \""target_satisfied\"": true}""]",521388aecbcf,judge-json-v5.1,2026-07-11T14:41:10.875877+00:00,2501.817,api.deepseek.com,0.2,disabled,semantic-state-v2
v4_file_13,file,deepseek-v4-pro,LLMJudgeStep,1,step,True,False,success,True,False,False,1.0,False,0,36f3ccab6ec2,"{""decision"": ""success"", ""reason"": ""target state is satisfied and no unrelated state changed"", ""residue"": false, ""target_satisfied"": true}","[""{\""decision\"": \""success\"", \""reason\"": \""target state is satisfied and no unrelated state changed\"", \""residue\"": false, \""target_satisfied\"": true}""]",521388aecbcf,judge-json-v5.1,2026-07-11T14:41:11.364941+00:00,2265.236,api.deepseek.com,0.2,disabled,semantic-state-v2
v4_form_00,web_form,deepseek-v4-pro,LLMJudgeFinal,0,final,True,False,success,True,False,False,1.0,False,0,36f3ccab6ec2,"{""decision"": ""success"", ""reason"": ""target state is satisfied and no unrelated state changed"", ""residue"": false, ""target_satisfied"": true}","[""{\""decision\"": \""success\"", \""reason\"": \""target state is satisfied and no unrelated state changed\"", \""residue\"": false, \""target_satisfied\"": true}""]",8ce4aa566771,judge-json-v5.1,2026-07-11T14:41:21.658265+00:00,3147.786,api.deepseek.com,0.2,disabled,semantic-state-v2
v4_form_00,web_form,deepseek-v4-pro,LLMJudgeFinal,1,final,True,False,success,True,False,False,1.0,False,0,36f3ccab6ec2,"{""decision"": ""success"", ""reason"": ""target state is satisfied and no unrelated state changed"", ""residue"": false, ""target_satisfied"": true}","[""{\""decision\"": \""success\"", \""reason\"": \""target state is satisfied and no unrelated state changed\"", \""residue\"": false, \""target_satisfied\"": true}""]",8ce4aa566771,judge-json-v5.1,2026-07-11T14:41:21.312313+00:00,2154.718,api.deepseek.com,0.2,disabled,semantic-state-v2
v4_form_00,web_form,deepseek-v4-pro,LLMJudgeRetry,0,final,True,False,success,True,False,False,1.0,False,0,36f3ccab6ec2,"{""decision"": ""success"", ""reason"": ""target state is satisfied and no unrelated state changed"", ""residue"": false, ""target_satisfied"": true}","[""{\""decision\"": \""success\"", \""reason\"": \""target state is satisfied and no unrelated state changed\"", \""residue\"": false, \""target_satisfied\"": true}""]",8ce4aa566771,judge-json-v5.1,2026-07-11T14:41:25.829140+00:00,2847.975,api.deepseek.com,0.2,disabled,semantic-state-v2
v4_form_00,web_form,deepseek-v4-pro,LLMJudgeRetry,1,final,True,False,success,True,False,False,1.0,False,0,36f3ccab6ec2,"{""decision"": ""success"", ""reason"": ""target state is satisfied and no unrelated state changed"", ""residue"": false, ""target_satisfied"": true}","[""{\""decision\"": \""success\"", \""reason\"": \""target state is satisfied and no unrelated state changed\"", \""residue\"": false, \""target_satisfied\"": true}""]",8ce4aa566771,judge-json-v5.1,2026-07-11T14:41:25.254109+00:00,2121.285,api.deepseek.com,0.2,disabled,semantic-state-v2
v4_form_00,web_form,deepseek-v4-pro,LLMJudgeStep,0,step,True,False,success,True,False,False,1.0,False,0,36f3ccab6ec2,"{""decision"": ""success"", ""reason"": ""target state is satisfied and no unrelated state changed"", ""residue"": false, ""target_satisfied"": true}","[""{\""decision\"": \""success\"", \""reason\"": \""target state is satisfied and no unrelated state changed\"", \""residue\"": false, \""target_satisfied\"": true}""]",3a8ecc83ae34,judge-json-v5.1,2026-07-11T14:41:21.639243+00:00,1895.930,api.deepseek.com,0.2,disabled,semantic-state-v2
v4_form_00,web_form,deepseek-v4-pro,LLMJudgeStep,1,step,True,False,success,True,False,False,1.0,False,0,36f3ccab6ec2,"{""decision"": ""success"", ""reason"": ""target state is satisfied and no unrelated state changed"", ""residue"": false, ""target_satisfied"": true}","[""{\""decision\"": \""success\"", \""reason\"": \""target state is satisfied and no unrelated state changed\"", \""residue\"": false, \""target_satisfied\"": true}""]",3a8ecc83ae34,judge-json-v5.1,2026-07-11T14:41:23.698497+00:00,2690.675,api.deepseek.com,0.2,disabled,semantic-state-v2
v4_form_01,web_form,deepseek-v4-pro,LLMJudgeFinal,0,final,True,False,success,True,False,False,1.0,False,0,36f3ccab6ec2,"{""decision"": ""success"", ""reason"": ""target state is satisfied and no unrelated state changed"", ""residue"": false, ""target_satisfied"": true}","[""{\""decision\"": \""success\"", \""reason\"": \""target state is satisfied and no unrelated state changed\"", \""residue\"": false, \""target_satisfied\"": true}""]",e66dbaf0c119,judge-json-v5.1,2026-07-11T14:41:30.593938+00:00,1784.589,api.deepseek.com,0.2,disabled,semantic-state-v2
v4_form_01,web_form,deepseek-v4-pro,LLMJudgeFinal,1,final,True,False,success,True,False,False,1.0,False,0,257e8598186b,"{
  ""decision"": ""success"",
  ""reason"": ""target state is satisfied and no unrelated state changed"",
  ""residue"": false,
  ""target_satisfied"": true
}","[""{\n  \""decision\"": \""success\"",\n  \""reason\"": \""target state is satisfied and no unrelated state changed\"",\n  \""residue\"": false,\n  \""target_satisfied\"": true\n}""]",e66dbaf0c119,judge-json-v5.1,2026-07-11T14:41:32.072128+00:00,2598.926,api.deepseek.com,0.2,disabled,semantic-state-v2
v4_form_01,web_form,deepseek-v4-pro,LLMJudgeRetry,0,final,True,False,success,True,False,False,1.0,False,0,36f3ccab6ec2,"{""decision"": ""success"", ""reason"": ""target state is satisfied and no unrelated state changed"", ""residue"": false, ""target_satisfied"": true}","[""{\""decision\"": \""success\"", \""reason\"": \""target state is satisfied and no unrelated state changed\"", \""residue\"": false, \""target_satisfied\"": true}""]",e66dbaf0c119,judge-json-v5.1,2026-07-11T14:41:34.105899+00:00,1964.015,api.deepseek.com,0.2,disabled,semantic-state-v2
v4_form_01,web_form,deepseek-v4-pro,LLMJudgeRetry,1,final,True,False,success,True,False,False,1.0,False,0,257e8598186b,"{
  ""decision"": ""success"",
  ""reason"": ""target state is satisfied and no unrelated state changed"",
  ""residue"": false,
  ""target_satisfied"": true
}","[""{\n  \""decision\"": \""success\"",\n  \""reason\"": \""target state is satisfied and no unrelated state changed\"",\n  \""residue\"": false,\n  \""target_satisfied\"": true\n}""]",e66dbaf0c119,judge-json-v5.1,2026-07-11T14:41:37.694978+00:00,2592.099,api.deepseek.com,0.2,disabled,semantic-state-v2
v4_form_01,web_form,deepseek-v4-pro,LLMJudgeStep,0,step,True,False,success,True,False,False,1.0,False,0,257e8598186b,"{
  ""decision"": ""success"",
  ""reason"": ""target state is satisfied and no unrelated state changed"",
  ""residue"": false,
  ""target_satisfied"": true
}","[""{\n  \""decision\"": \""success\"",\n  \""reason\"": \""target state is satisfied and no unrelated state changed\"",\n  \""residue\"": false,\n  \""target_satisfied\"": true\n}""]",d2f898e18344,judge-json-v5.1,2026-07-11T14:41:32.830166+00:00,2307.047,api.deepseek.com,0.2,disabled,semantic-state-v2
v4_form_01,web_form,deepseek-v4-pro,LLMJudgeStep,1,step,True,False,success,True,False,False,1.0,False,0,36f3ccab6ec2,"{""decision"": ""success"", ""reason"": ""target state is satisfied and no unrelated state changed"", ""residue"": false, ""target_satisfied"": true}","[""{\""decision\"": \""success\"", \""reason\"": \""target state is satisfied and no unrelated state changed\"", \""residue\"": false, \""target_satisfied\"": true}""]",d2f898e18344,judge-json-v5.1,2026-07-11T14:41:33.814447+00:00,2259.202,api.deepseek.com,0.2,disabled,semantic-state-v2
v4_form_02,web_form,deepseek-v4-pro,LLMJudgeFinal,0,final,True,False,success,True,False,False,1.0,False,0,36f3ccab6ec2,"{""decision"": ""success"", ""reason"": ""target state is satisfied and no unrelated state changed"", ""residue"": false, ""target_satisfied"": true}","[""{\""decision\"": \""success\"", \""reason\"": \""target state is satisfied and no unrelated state changed\"", \""residue\"": false, \""target_satisfied\"": true}""]",84b1a86ba361,judge-json-v5.1,2026-07-11T14:41:42.121788+00:00,2264.415,api.deepseek.com,0.2,disabled,semantic-state-v2
v4_form_02,web_form,deepseek-v4-pro,LLMJudgeFinal,1,final,True,False,success,True,False,False,1.0,False,0,36f3ccab6ec2,"{""decision"": ""success"", ""reason"": ""target state is satisfied and no unrelated state changed"", ""residue"": false, ""target_satisfied"": true}","[""{\""decision\"": \""success\"", \""reason\"": \""target state is satisfied and no unrelated state changed\"", \""residue\"": false, \""target_satisfied\"": true}""]",84b1a86ba361,judge-json-v5.1,2026-07-11T14:41:42.696601+00:00,2998.474,api.deepseek.com,0.2,disabled,semantic-state-v2
v4_form_02,web_form,deepseek-v4-pro,LLMJudgeRetry,0,final,True,False,success,True,False,False,1.0,False,0,36f3ccab6ec2,"{""decision"": ""success"", ""reason"": ""target state is satisfied and no unrelated state changed"", ""residue"": false, ""target_satisfied"": true}","[""{\""decision\"": \""success\"", \""reason\"": \""target state is satisfied and no unrelated state changed\"", \""residue\"": false, \""target_satisfied\"": true}""]",84b1a86ba361,judge-json-v5.1,2026-07-11T14:41:46.510699+00:00,1858.338,api.deepseek.com,0.2,disabled,semantic-state-v2
v4_form_02,web_form,deepseek-v4-pro,LLMJudgeRetry,1,final,True,False,success,True,False,False,1.0,False,0,36f3ccab6ec2,"{""decision"": ""success"", ""reason"": ""target state is satisfied and no unrelated state changed"", ""residue"": false, ""target_satisfied"": true}","[""{\""decision\"": \""success\"", \""reason\"": \""target state is satisfied and no unrelated state changed\"", \""residue\"": false, \""target_satisfied\"": true}""]",84b1a86ba361,judge-json-v5.1,2026-07-11T14:41:46.744583+00:00,2417.521,api.deepseek.com,0.2,disabled,semantic-state-v2
v4_form_02,web_form,deepseek-v4-pro,LLMJudgeStep,0,step,True,False,success,True,False,False,1.0,False,0,36f3ccab6ec2,"{""decision"": ""success"", ""reason"": ""target state is satisfied and no unrelated state changed"", ""residue"": false, ""target_satisfied"": true}","[""{\""decision\"": \""success\"", \""reason\"": \""target state is satisfied and no unrelated state changed\"", \""residue\"": false, \""target_satisfied\"": true}""]",662f9ae2355a,judge-json-v5.1,2026-07-11T14:41:42.538342+00:00,1820.519,api.deepseek.com,0.2,disabled,semantic-state-v2
v4_form_02,web_form,deepseek-v4-pro,LLMJudgeStep,1,step,True,False,success,True,False,False,1.0,False,0,36f3ccab6ec2,"{""decision"": ""success"", ""reason"": ""target state is satisfied and no unrelated state changed"", ""residue"": false, ""target_satisfied"": true}","[""{\""decision\"": \""success\"", \""reason\"": \""target state is satisfied and no unrelated state changed\"", \""residue\"": false, \""target_satisfied\"": true}""]",662f9ae2355a,judge-json-v5.1,2026-07-11T14:41:43.241859+00:00,2032.148,api.deepseek.com,0.2,disabled,semantic-state-v2
v4_form_03,web_form,deepseek-v4-pro,LLMJudgeFinal,0,final,True,False,success,True,False,False,1.0,False,0,36f3ccab6ec2,"{""decision"": ""success"", ""reason"": ""target state is satisfied and no unrelated state changed"", ""residue"": false, ""target_satisfied"": true}","[""{\""decision\"": \""success\"", \""reason\"": \""target state is satisfied and no unrelated state changed\"", \""residue\"": false, \""target_satisfied\"": true}""]",92ec75768887,judge-json-v5.1,2026-07-11T14:41:51.695695+00:00,2134.749,api.deepseek.com,0.2,disabled,semantic-state-v2
v4_form_03,web_form,deepseek-v4-pro,LLMJudgeFinal,1,final,True,False,success,True,False,False,1.0,False,0,36f3ccab6ec2,"{""decision"": ""success"", ""reason"": ""target state is satisfied and no unrelated state changed"", ""residue"": false, ""target_satisfied"": true}","[""{\""decision\"": \""success\"", \""reason\"": \""target state is satisfied and no unrelated state changed\"", \""residue\"": false, \""target_satisfied\"": true}""]",92ec75768887,judge-json-v5.1,2026-07-11T14:41:51.947332+00:00,2263.796,api.deepseek.com,0.2,disabled,semantic-state-v2
v4_form_03,web_form,deepseek-v4-pro,LLMJudgeRetry,0,final,True,False,success,True,False,False,1.0,False,0,36f3ccab6ec2,"{""decision"": ""success"", ""reason"": ""target state is satisfied and no unrelated state changed"", ""residue"": false, ""target_satisfied"": true}","[""{\""decision\"": \""success\"", \""reason\"": \""target state is satisfied and no unrelated state changed\"", \""residue\"": false, \""target_satisfied\"": true}""]",92ec75768887,judge-json-v5.1,2026-07-11T14:41:55.890548+00:00,2306.508,api.deepseek.com,0.2,disabled,semantic-state-v2
v4_form_03,web_form,deepseek-v4-pro,LLMJudgeRetry,1,final,True,False,success,True,False,False,1.0,False,0,36f3ccab6ec2,"{""decision"": ""success"", ""reason"": ""target state is satisfied and no unrelated state changed"", ""residue"": false, ""target_satisfied"": true}","[""{\""decision\"": \""success\"", \""reason\"": \""target state is satisfied and no unrelated state changed\"", \""residue\"": false, \""target_satisfied\"": true}""]",92ec75768887,judge-json-v5.1,2026-07-11T14:41:56.263954+00:00,2230.460,api.deepseek.com,0.2,disabled,semantic-state-v2
v4_form_03,web_form,deepseek-v4-pro,LLMJudgeStep,0,step,True,False,success,True,False,False,1.0,False,0,36f3ccab6ec2,"{""decision"": ""success"", ""reason"": ""target state is satisfied and no unrelated state changed"", ""residue"": false, ""target_satisfied"": true}","[""{\""decision\"": \""success\"", \""reason\"": \""target state is satisfied and no unrelated state changed\"", \""residue\"": false, \""target_satisfied\"": true}""]",e543320812eb,judge-json-v5.1,2026-07-11T14:41:54.150049+00:00,2411.867,api.deepseek.com,0.2,disabled,semantic-state-v2
v4_form_03,web_form,deepseek-v4-pro,LLMJudgeStep,1,step,True,False,success,True,False,False,1.0,False,0,36f3ccab6ec2,"{""decision"": ""success"", ""reason"": ""target state is satisfied and no unrelated state changed"", ""residue"": false, ""target_satisfied"": true}","[""{\""decision\"": \""success\"", \""reason\"": \""target state is satisfied and no unrelated state changed\"", \""residue\"": false, \""target_satisfied\"": true}""]",e543320812eb,judge-json-v5.1,2026-07-11T14:41:54.439797+00:00,1750.793,api.deepseek.com,0.2,disabled,semantic-state-v2
v4_form_04,web_form,deepseek-v4-pro,LLMJudgeFinal,0,final,True,False,success,True,False,False,1.0,False,0,36f3ccab6ec2,"{""decision"": ""success"", ""reason"": ""target state is satisfied and no unrelated state changed"", ""residue"": false, ""target_satisfied"": true}","[""{\""decision\"": \""success\"", \""reason\"": \""target state is satisfied and no unrelated state changed\"", \""residue\"": false, \""target_satisfied\"": true}""]",feabe684eaaa,judge-json-v5.1,2026-07-11T14:42:01.989961+00:00,1910.012,api.deepseek.com,0.2,disabled,semantic-state-v2
v4_form_04,web_form,deepseek-v4-pro,LLMJudgeFinal,1,final,True,False,success,True,False,False,1.0,False,0,36f3ccab6ec2,"{""decision"": ""success"", ""reason"": ""target state is satisfied and no unrelated state changed"", ""residue"": false, ""target_satisfied"": true}","[""{\""decision\"": \""success\"", \""reason\"": \""target state is satisfied and no unrelated state changed\"", \""residue\"": false, \""target_satisfied\"": true}""]",feabe684eaaa,judge-json-v5.1,2026-07-11T14:42:02.330907+00:00,2171.906,api.deepseek.com,0.2,disabled,semantic-state-v2
v4_form_04,web_form,deepseek-v4-pro,LLMJudgeRetry,0,final,True,False,success,True,False,False,1.0,False,0,36f3ccab6ec2,"{""decision"": ""success"", ""reason"": ""target state is satisfied and no unrelated state changed"", ""residue"": false, ""target_satisfied"": true}","[""{\""decision\"": \""success\"", \""reason\"": \""target state is satisfied and no unrelated state changed\"", \""residue\"": false, \""target_satisfied\"": true}""]",feabe684eaaa,judge-json-v5.1,2026-07-11T14:42:05.628071+00:00,2198.461,api.deepseek.com,0.2,disabled,semantic-state-v2
v4_form_04,web_form,deepseek-v4-pro,LLMJudgeRetry,1,final,True,False,success,True,False,False,1.0,False,0,36f3ccab6ec2,"{""decision"": ""success"", ""reason"": ""target state is satisfied and no unrelated state changed"", ""residue"": false, ""target_satisfied"": true}","[""{\""decision\"": \""success\"", \""reason\"": \""target state is satisfied and no unrelated state changed\"", \""residue\"": false, \""target_satisfied\"": true}""]",feabe684eaaa,judge-json-v5.1,2026-07-11T14:42:06.528653+00:00,2045.472,api.deepseek.com,0.2,disabled,semantic-state-v2
v4_form_04,web_form,deepseek-v4-pro,LLMJudgeStep,0,step,True,False,success,True,False,False,1.0,False,0,36f3ccab6ec2,"{""decision"": ""success"", ""reason"": ""target state is satisfied and no unrelated state changed"", ""residue"": false, ""target_satisfied"": true}","[""{\""decision\"": \""success\"", \""reason\"": \""target state is satisfied and no unrelated state changed\"", \""residue\"": false, \""target_satisfied\"": true}""]",42706637326c,judge-json-v5.1,2026-07-11T14:42:03.242227+00:00,2309.622,api.deepseek.com,0.2,disabled,semantic-state-v2
v4_form_04,web_form,deepseek-v4-pro,LLMJudgeStep,1,step,True,False,success,True,False,False,1.0,False,0,36f3ccab6ec2,"{""decision"": ""success"", ""reason"": ""target state is satisfied and no unrelated state changed"", ""residue"": false, ""target_satisfied"": true}","[""{\""decision\"": \""success\"", \""reason\"": \""target state is satisfied and no unrelated state changed\"", \""residue\"": false, \""target_satisfied\"": true}""]",42706637326c,judge-json-v5.1,2026-07-11T14:42:03.288438+00:00,2614.371,api.deepseek.com,0.2,disabled,semantic-state-v2
v4_form_05,web_form,deepseek-v4-pro,LLMJudgeFinal,0,final,True,False,success,True,False,False,1.0,False,0,36f3ccab6ec2,"{""decision"": ""success"", ""reason"": ""target state is satisfied and no unrelated state changed"", ""residue"": false, ""target_satisfied"": true}","[""{\""decision\"": \""success\"", \""reason\"": \""target state is satisfied and no unrelated state changed\"", \""residue\"": false, \""target_satisfied\"": true}""]",06923b308e52,judge-json-v5.1,2026-07-11T14:42:13.388519+00:00,2383.503,api.deepseek.com,0.2,disabled,semantic-state-v2
v4_form_05,web_form,deepseek-v4-pro,LLMJudgeFinal,1,final,True,False,success,True,False,False,1.0,False,0,36f3ccab6ec2,"{""decision"": ""success"", ""reason"": ""target state is satisfied and no unrelated state changed"", ""residue"": false, ""target_satisfied"": true}","[""{\""decision\"": \""success\"", \""reason\"": \""target state is satisfied and no unrelated state changed\"", \""residue\"": false, \""target_satisfied\"": true}""]",06923b308e52,judge-json-v5.1,2026-07-11T14:42:13.294940+00:00,2733.794,api.deepseek.com,0.2,disabled,semantic-state-v2
v4_form_05,web_form,deepseek-v4-pro,LLMJudgeRetry,0,final,True,False,success,True,False,False,1.0,False,0,36f3ccab6ec2,"{""decision"": ""success"", ""reason"": ""target state is satisfied and no unrelated state changed"", ""residue"": false, ""target_satisfied"": true}","[""{\""decision\"": \""success\"", \""reason\"": \""target state is satisfied and no unrelated state changed\"", \""residue\"": false, \""target_satisfied\"": true}""]",06923b308e52,judge-json-v5.1,2026-07-11T14:42:17.801850+00:00,2115.483,api.deepseek.com,0.2,disabled,semantic-state-v2
v4_form_05,web_form,deepseek-v4-pro,LLMJudgeRetry,1,final,True,False,success,True,False,False,1.0,False,0,36f3ccab6ec2,"{""decision"": ""success"", ""reason"": ""target state is satisfied and no unrelated state changed"", ""residue"": false, ""target_satisfied"": true}","[""{\""decision\"": \""success\"", \""reason\"": \""target state is satisfied and no unrelated state changed\"", \""residue\"": false, \""target_satisfied\"": true}""]",06923b308e52,judge-json-v5.1,2026-07-11T14:42:17.825650+00:00,1830.277,api.deepseek.com,0.2,disabled,semantic-state-v2
v4_form_05,web_form,deepseek-v4-pro,LLMJudgeStep,0,step,True,False,success,True,False,False,1.0,False,0,36f3ccab6ec2,"{""decision"": ""success"", ""reason"": ""target state is satisfied and no unrelated state changed"", ""residue"": false, ""target_satisfied"": true}","[""{\""decision\"": \""success\"", \""reason\"": \""target state is satisfied and no unrelated state changed\"", \""residue\"": false, \""target_satisfied\"": true}""]",4ed040d23337,judge-json-v5.1,2026-07-11T14:42:13.380623+00:00,2241.359,api.deepseek.com,0.2,disabled,semantic-state-v2
v4_form_05,web_form,deepseek-v4-pro,LLMJudgeStep,1,step,True,False,success,True,False,False,1.0,False,0,36f3ccab6ec2,"{""decision"": ""success"", ""reason"": ""target state is satisfied and no unrelated state changed"", ""residue"": false, ""target_satisfied"": true}","[""{\""decision\"": \""success\"", \""reason\"": \""target state is satisfied and no unrelated state changed\"", \""residue\"": false, \""target_satisfied\"": true}""]",4ed040d23337,judge-json-v5.1,2026-07-11T14:42:15.683564+00:00,2722.169,api.deepseek.com,0.2,disabled,semantic-state-v2
v4_form_06,web_form,deepseek-v4-pro,LLMJudgeFinal,0,final,True,False,success,True,False,False,1.0,False,0,36f3ccab6ec2,"{""decision"": ""success"", ""reason"": ""target state is satisfied and no unrelated state changed"", ""residue"": false, ""target_satisfied"": true}","[""{\""decision\"": \""success\"", \""reason\"": \""target state is satisfied and no unrelated state changed\"", \""residue\"": false, \""target_satisfied\"": true}""]",5c78fe1cec84,judge-json-v5.1,2026-07-11T14:42:23.891578+00:00,2357.349,api.deepseek.com,0.2,disabled,semantic-state-v2
v4_form_06,web_form,deepseek-v4-pro,LLMJudgeFinal,1,final,True,False,success,True,False,False,1.0,False,0,36f3ccab6ec2,"{""decision"": ""success"", ""reason"": ""target state is satisfied and no unrelated state changed"", ""residue"": false, ""target_satisfied"": true}","[""{\""decision\"": \""success\"", \""reason\"": \""target state is satisfied and no unrelated state changed\"", \""residue\"": false, \""target_satisfied\"": true}""]",5c78fe1cec84,judge-json-v5.1,2026-07-11T14:42:23.314919+00:00,2208.924,api.deepseek.com,0.2,disabled,semantic-state-v2
v4_form_06,web_form,deepseek-v4-pro,LLMJudgeRetry,0,final,True,False,success,True,False,False,1.0,False,0,36f3ccab6ec2,"{""decision"": ""success"", ""reason"": ""target state is satisfied and no unrelated state changed"", ""residue"": false, ""target_satisfied"": true}","[""{\""decision\"": \""success\"", \""reason\"": \""target state is satisfied and no unrelated state changed\"", \""residue\"": false, \""target_satisfied\"": true}""]",5c78fe1cec84,judge-json-v5.1,2026-07-11T14:42:27.571308+00:00,1948.866,api.deepseek.com,0.2,disabled,semantic-state-v2
v4_form_06,web_form,deepseek-v4-pro,LLMJudgeRetry,1,final,True,False,success,True,False,False,1.0,False,0,36f3ccab6ec2,"{""decision"": ""success"", ""reason"": ""target state is satisfied and no unrelated state changed"", ""residue"": false, ""target_satisfied"": true}","[""{\""decision\"": \""success\"", \""reason\"": \""target state is satisfied and no unrelated state changed\"", \""residue\"": false, \""target_satisfied\"": true}""]",5c78fe1cec84,judge-json-v5.1,2026-07-11T14:42:28.472464+00:00,2029.947,api.deepseek.com,0.2,disabled,semantic-state-v2
v4_form_06,web_form,deepseek-v4-pro,LLMJudgeStep,0,step,True,False,success,True,False,False,1.0,False,0,36f3ccab6ec2,"{""decision"": ""success"", ""reason"": ""target state is satisfied and no unrelated state changed"", ""residue"": false, ""target_satisfied"": true}","[""{\""decision\"": \""success\"", \""reason\"": \""target state is satisfied and no unrelated state changed\"", \""residue\"": false, \""target_satisfied\"": true}""]",02357a86b14b,judge-json-v5.1,2026-07-11T14:42:24.342980+00:00,2173.813,api.deepseek.com,0.2,disabled,semantic-state-v2
v4_form_06,web_form,deepseek-v4-pro,LLMJudgeStep,1,step,True,False,success,True,False,False,1.0,False,0,36f3ccab6ec2,"{""decision"": ""success"", ""reason"": ""target state is satisfied and no unrelated state changed"", ""residue"": false, ""target_satisfied"": true}","[""{\""decision\"": \""success\"", \""reason\"": \""target state is satisfied and no unrelated state changed\"", \""residue\"": false, \""target_satisfied\"": true}""]",02357a86b14b,judge-json-v5.1,2026-07-11T14:42:25.852699+00:00,2754.045,api.deepseek.com,0.2,disabled,semantic-state-v2
v4_form_07,web_form,deepseek-v4-pro,LLMJudgeFinal,0,final,True,False,success,True,False,False,1.0,False,0,36f3ccab6ec2,"{""decision"": ""success"", ""reason"": ""target state is satisfied and no unrelated state changed"", ""residue"": false, ""target_satisfied"": true}","[""{\""decision\"": \""success\"", \""reason\"": \""target state is satisfied and no unrelated state changed\"", \""residue\"": false, \""target_satisfied\"": true}""]",b566118604f8,judge-json-v5.1,2026-07-11T14:42:33.507736+00:00,2336.249,api.deepseek.com,0.2,disabled,semantic-state-v2
v4_form_07,web_form,deepseek-v4-pro,LLMJudgeFinal,1,final,True,False,success,True,False,False,1.0,False,0,36f3ccab6ec2,"{""decision"": ""success"", ""reason"": ""target state is satisfied and no unrelated state changed"", ""residue"": false, ""target_satisfied"": true}","[""{\""decision\"": \""success\"", \""reason\"": \""target state is satisfied and no unrelated state changed\"", \""residue\"": false, \""target_satisfied\"": true}""]",b566118604f8,judge-json-v5.1,2026-07-11T14:42:33.371676+00:00,1933.717,api.deepseek.com,0.2,disabled,semantic-state-v2
v4_form_07,web_form,deepseek-v4-pro,LLMJudgeRetry,0,final,True,False,success,True,False,False,1.0,False,0,36f3ccab6ec2,"{""decision"": ""success"", ""reason"": ""target state is satisfied and no unrelated state changed"", ""residue"": false, ""target_satisfied"": true}","[""{\""decision\"": \""success\"", \""reason\"": \""target state is satisfied and no unrelated state changed\"", \""residue\"": false, \""target_satisfied\"": true}""]",b566118604f8,judge-json-v5.1,2026-07-11T14:42:37.258829+00:00,2231.570,api.deepseek.com,0.2,disabled,semantic-state-v2
v4_form_07,web_form,deepseek-v4-pro,LLMJudgeRetry,1,final,True,False,success,True,False,False,1.0,False,0,36f3ccab6ec2,"{""decision"": ""success"", ""reason"": ""target state is satisfied and no unrelated state changed"", ""residue"": false, ""target_satisfied"": true}","[""{\""decision\"": \""success\"", \""reason\"": \""target state is satisfied and no unrelated state changed\"", \""residue\"": false, \""target_satisfied\"": true}""]",b566118604f8,judge-json-v5.1,2026-07-11T14:42:37.563408+00:00,1955.541,api.deepseek.com,0.2,disabled,semantic-state-v2
v4_form_07,web_form,deepseek-v4-pro,LLMJudgeStep,0,step,True,False,success,True,False,False,1.0,False,0,36f3ccab6ec2,"{""decision"": ""success"", ""reason"": ""target state is satisfied and no unrelated state changed"", ""residue"": false, ""target_satisfied"": true}","[""{\""decision\"": \""success\"", \""reason\"": \""target state is satisfied and no unrelated state changed\"", \""residue\"": false, \""target_satisfied\"": true}""]",d05e65507d81,judge-json-v5.1,2026-07-11T14:42:34.597784+00:00,2249.533,api.deepseek.com,0.2,disabled,semantic-state-v2
v4_form_07,web_form,deepseek-v4-pro,LLMJudgeStep,1,step,True,False,success,True,False,False,1.0,False,0,36f3ccab6ec2,"{""decision"": ""success"", ""reason"": ""target state is satisfied and no unrelated state changed"", ""residue"": false, ""target_satisfied"": true}","[""{\""decision\"": \""success\"", \""reason\"": \""target state is satisfied and no unrelated state changed\"", \""residue\"": false, \""target_satisfied\"": true}""]",d05e65507d81,judge-json-v5.1,2026-07-11T14:42:35.195574+00:00,2065.860,api.deepseek.com,0.2,disabled,semantic-state-v2
v4_form_08,web_form,deepseek-v4-pro,LLMJudgeFinal,0,final,True,False,success,True,False,False,1.0,False,0,36f3ccab6ec2,"{""decision"": ""success"", ""reason"": ""target state is satisfied and no unrelated state changed"", ""residue"": false, ""target_satisfied"": true}","[""{\""decision\"": \""success\"", \""reason\"": \""target state is satisfied and no unrelated state changed\"", \""residue\"": false, \""target_satisfied\"": true}""]",20f5bdb3ff07,judge-json-v5.1,2026-07-11T14:42:44.202698+00:00,2307.571,api.deepseek.com,0.2,disabled,semantic-state-v2
v4_form_08,web_form,deepseek-v4-pro,LLMJudgeFinal,1,final,True,False,success,True,False,False,1.0,False,0,36f3ccab6ec2,"{""decision"": ""success"", ""reason"": ""target state is satisfied and no unrelated state changed"", ""residue"": false, ""target_satisfied"": true}","[""{\""decision\"": \""success\"", \""reason\"": \""target state is satisfied and no unrelated state changed\"", \""residue\"": false, \""target_satisfied\"": true}""]",20f5bdb3ff07,judge-json-v5.1,2026-07-11T14:42:43.112390+00:00,1953.129,api.deepseek.com,0.2,disabled,semantic-state-v2
v4_form_08,web_form,deepseek-v4-pro,LLMJudgeRetry,0,final,True,False,success,True,False,False,1.0,False,0,36f3ccab6ec2,"{""decision"": ""success"", ""reason"": ""target state is satisfied and no unrelated state changed"", ""residue"": false, ""target_satisfied"": true}","[""{\""decision\"": \""success\"", \""reason\"": \""target state is satisfied and no unrelated state changed\"", \""residue\"": false, \""target_satisfied\"": true}""]",20f5bdb3ff07,judge-json-v5.1,2026-07-11T14:42:46.888840+00:00,1600.560,api.deepseek.com,0.2,disabled,semantic-state-v2
v4_form_08,web_form,deepseek-v4-pro,LLMJudgeRetry,1,final,True,False,success,True,False,False,1.0,False,0,36f3ccab6ec2,"{""decision"": ""success"", ""reason"": ""target state is satisfied and no unrelated state changed"", ""residue"": false, ""target_satisfied"": true}","[""{\""decision\"": \""success\"", \""reason\"": \""target state is satisfied and no unrelated state changed\"", \""residue\"": false, \""target_satisfied\"": true}""]",20f5bdb3ff07,judge-json-v5.1,2026-07-11T14:42:47.095515+00:00,2019.697,api.deepseek.com,0.2,disabled,semantic-state-v2
v4_form_08,web_form,deepseek-v4-pro,LLMJudgeStep,0,step,True,False,success,True,False,False,1.0,False,0,36f3ccab6ec2,"{""decision"": ""success"", ""reason"": ""target state is satisfied and no unrelated state changed"", ""residue"": false, ""target_satisfied"": true}","[""{\""decision\"": \""success\"", \""reason\"": \""target state is satisfied and no unrelated state changed\"", \""residue\"": false, \""target_satisfied\"": true}""]",67dd6a4feb49,judge-json-v5.1,2026-07-11T14:42:43.599072+00:00,1989.421,api.deepseek.com,0.2,disabled,semantic-state-v2
v4_form_08,web_form,deepseek-v4-pro,LLMJudgeStep,1,step,True,False,success,True,False,False,1.0,False,0,36f3ccab6ec2,"{""decision"": ""success"", ""reason"": ""target state is satisfied and no unrelated state changed"", ""residue"": false, ""target_satisfied"": true}","[""{\""decision\"": \""success\"", \""reason\"": \""target state is satisfied and no unrelated state changed\"", \""residue\"": false, \""target_satisfied\"": true}""]",67dd6a4feb49,judge-json-v5.1,2026-07-11T14:42:43.231725+00:00,1902.991,api.deepseek.com,0.2,disabled,semantic-state-v2
v4_form_09,web_form,deepseek-v4-pro,LLMJudgeFinal,0,final,True,False,success,True,False,False,1.0,False,0,36f3ccab6ec2,"{""decision"": ""success"", ""reason"": ""target state is satisfied and no unrelated state changed"", ""residue"": false, ""target_satisfied"": true}","[""{\""decision\"": \""success\"", \""reason\"": \""target state is satisfied and no unrelated state changed\"", \""residue\"": false, \""target_satisfied\"": true}""]",44b7417b0b60,judge-json-v5.1,2026-07-11T14:42:52.506613+00:00,2215.806,api.deepseek.com,0.2,disabled,semantic-state-v2
v4_form_09,web_form,deepseek-v4-pro,LLMJudgeFinal,1,final,True,False,success,True,False,False,1.0,False,0,36f3ccab6ec2,"{""decision"": ""success"", ""reason"": ""target state is satisfied and no unrelated state changed"", ""residue"": false, ""target_satisfied"": true}","[""{\""decision\"": \""success\"", \""reason\"": \""target state is satisfied and no unrelated state changed\"", \""residue\"": false, \""target_satisfied\"": true}""]",44b7417b0b60,judge-json-v5.1,2026-07-11T14:42:54.078719+00:00,1965.704,api.deepseek.com,0.2,disabled,semantic-state-v2
v4_form_09,web_form,deepseek-v4-pro,LLMJudgeRetry,0,final,True,False,success,True,False,False,1.0,False,0,36f3ccab6ec2,"{""decision"": ""success"", ""reason"": ""target state is satisfied and no unrelated state changed"", ""residue"": false, ""target_satisfied"": true}","[""{\""decision\"": \""success\"", \""reason\"": \""target state is satisfied and no unrelated state changed\"", \""residue\"": false, \""target_satisfied\"": true}""]",44b7417b0b60,judge-json-v5.1,2026-07-11T14:42:56.527258+00:00,2207.578,api.deepseek.com,0.2,disabled,semantic-state-v2
v4_form_09,web_form,deepseek-v4-pro,LLMJudgeRetry,1,final,True,False,success,True,False,False,1.0,False,0,36f3ccab6ec2,"{""decision"": ""success"", ""reason"": ""target state is satisfied and no unrelated state changed"", ""residue"": false, ""target_satisfied"": true}","[""{\""decision\"": \""success\"", \""reason\"": \""target state is satisfied and no unrelated state changed\"", \""residue\"": false, \""target_satisfied\"": true}""]",44b7417b0b60,judge-json-v5.1,2026-07-11T14:42:57.681730+00:00,2735.719,api.deepseek.com,0.2,disabled,semantic-state-v2
v4_form_09,web_form,deepseek-v4-pro,LLMJudgeStep,0,step,True,False,success,True,False,False,1.0,False,0,36f3ccab6ec2,"{""decision"": ""success"", ""reason"": ""target state is satisfied and no unrelated state changed"", ""residue"": false, ""target_satisfied"": true}","[""{\""decision\"": \""success\"", \""reason\"": \""target state is satisfied and no unrelated state changed\"", \""residue\"": false, \""target_satisfied\"": true}""]",e7e079f5c828,judge-json-v5.1,2026-07-11T14:42:53.925148+00:00,2029.810,api.deepseek.com,0.2,disabled,semantic-state-v2
v4_form_09,web_form,deepseek-v4-pro,LLMJudgeStep,1,step,True,False,success,True,False,False,1.0,False,0,36f3ccab6ec2,"{""decision"": ""success"", ""reason"": ""target state is satisfied and no unrelated state changed"", ""residue"": false, ""target_satisfied"": true}","[""{\""decision\"": \""success\"", \""reason\"": \""target state is satisfied and no unrelated state changed\"", \""residue\"": false, \""target_satisfied\"": true}""]",e7e079f5c828,judge-json-v5.1,2026-07-11T14:42:55.683120+00:00,2196.826,api.deepseek.com,0.2,disabled,semantic-state-v2
v4_form_10,web_form,deepseek-v4-pro,LLMJudgeFinal,0,final,True,False,success,True,False,False,1.0,False,0,36f3ccab6ec2,"{""decision"": ""success"", ""reason"": ""target state is satisfied and no unrelated state changed"", ""residue"": false, ""target_satisfied"": true}","[""{\""decision\"": \""success\"", \""reason\"": \""target state is satisfied and no unrelated state changed\"", \""residue\"": false, \""target_satisfied\"": true}""]",5e0ed89713a6,judge-json-v5.1,2026-07-11T14:43:02.513439+00:00,2056.797,api.deepseek.com,0.2,disabled,semantic-state-v2
v4_form_10,web_form,deepseek-v4-pro,LLMJudgeFinal,1,final,True,False,success,True,False,False,1.0,False,0,36f3ccab6ec2,"{""decision"": ""success"", ""reason"": ""target state is satisfied and no unrelated state changed"", ""residue"": false, ""target_satisfied"": true}","[""{\""decision\"": \""success\"", \""reason\"": \""target state is satisfied and no unrelated state changed\"", \""residue\"": false, \""target_satisfied\"": true}""]",5e0ed89713a6,judge-json-v5.1,2026-07-11T14:43:02.523585+00:00,1896.673,api.deepseek.com,0.2,disabled,semantic-state-v2
v4_form_10,web_form,deepseek-v4-pro,LLMJudgeRetry,0,final,True,False,success,True,False,False,1.0,False,0,36f3ccab6ec2,"{""decision"": ""success"", ""reason"": ""target state is satisfied and no unrelated state changed"", ""residue"": false, ""target_satisfied"": true}","[""{\""decision\"": \""success\"", \""reason\"": \""target state is satisfied and no unrelated state changed\"", \""residue\"": false, \""target_satisfied\"": true}""]",5e0ed89713a6,judge-json-v5.1,2026-07-11T14:43:06.344978+00:00,2000.262,api.deepseek.com,0.2,disabled,semantic-state-v2
v4_form_10,web_form,deepseek-v4-pro,LLMJudgeRetry,1,final,True,False,success,True,False,False,1.0,False,0,36f3ccab6ec2,"{""decision"": ""success"", ""reason"": ""target state is satisfied and no unrelated state changed"", ""residue"": false, ""target_satisfied"": true}","[""{\""decision\"": \""success\"", \""reason\"": \""target state is satisfied and no unrelated state changed\"", \""residue\"": false, \""target_satisfied\"": true}""]",5e0ed89713a6,judge-json-v5.1,2026-07-11T14:43:06.813607+00:00,2330.489,api.deepseek.com,0.2,disabled,semantic-state-v2
v4_form_10,web_form,deepseek-v4-pro,LLMJudgeStep,0,step,True,False,success,True,False,False,1.0,False,0,257e8598186b,"{
  ""decision"": ""success"",
  ""reason"": ""target state is satisfied and no unrelated state changed"",
  ""residue"": false,
  ""target_satisfied"": true
}","[""{\n  \""decision\"": \""success\"",\n  \""reason\"": \""target state is satisfied and no unrelated state changed\"",\n  \""residue\"": false,\n  \""target_satisfied\"": true\n}""]",8adc1390f250,judge-json-v5.1,2026-07-11T14:43:04.407978+00:00,1719.360,api.deepseek.com,0.2,disabled,semantic-state-v2
v4_form_10,web_form,deepseek-v4-pro,LLMJudgeStep,1,step,True,False,success,True,False,False,1.0,False,0,36f3ccab6ec2,"{""decision"": ""success"", ""reason"": ""target state is satisfied and no unrelated state changed"", ""residue"": false, ""target_satisfied"": true}","[""{\""decision\"": \""success\"", \""reason\"": \""target state is satisfied and no unrelated state changed\"", \""residue\"": false, \""target_satisfied\"": true}""]",8adc1390f250,judge-json-v5.1,2026-07-11T14:43:04.825746+00:00,2438.196,api.deepseek.com,0.2,disabled,semantic-state-v2
v4_form_11,web_form,deepseek-v4-pro,LLMJudgeFinal,0,final,True,False,success,True,False,False,1.0,False,0,36f3ccab6ec2,"{""decision"": ""success"", ""reason"": ""target state is satisfied and no unrelated state changed"", ""residue"": false, ""target_satisfied"": true}","[""{\""decision\"": \""success\"", \""reason\"": \""target state is satisfied and no unrelated state changed\"", \""residue\"": false, \""target_satisfied\"": true}""]",3df17dd57cea,judge-json-v5.1,2026-07-11T14:43:11.682999+00:00,2193.846,api.deepseek.com,0.2,disabled,semantic-state-v2
v4_form_11,web_form,deepseek-v4-pro,LLMJudgeFinal,1,final,True,False,success,True,False,False,1.0,False,0,36f3ccab6ec2,"{""decision"": ""success"", ""reason"": ""target state is satisfied and no unrelated state changed"", ""residue"": false, ""target_satisfied"": true}","[""{\""decision\"": \""success\"", \""reason\"": \""target state is satisfied and no unrelated state changed\"", \""residue\"": false, \""target_satisfied\"": true}""]",3df17dd57cea,judge-json-v5.1,2026-07-11T14:43:11.995617+00:00,1998.441,api.deepseek.com,0.2,disabled,semantic-state-v2
v4_form_11,web_form,deepseek-v4-pro,LLMJudgeRetry,0,final,True,False,success,True,False,False,1.0,False,0,36f3ccab6ec2,"{""decision"": ""success"", ""reason"": ""target state is satisfied and no unrelated state changed"", ""residue"": false, ""target_satisfied"": true}","[""{\""decision\"": \""success\"", \""reason\"": \""target state is satisfied and no unrelated state changed\"", \""residue\"": false, \""target_satisfied\"": true}""]",3df17dd57cea,judge-json-v5.1,2026-07-11T14:43:15.819908+00:00,2070.466,api.deepseek.com,0.2,disabled,semantic-state-v2
v4_form_11,web_form,deepseek-v4-pro,LLMJudgeRetry,1,final,True,False,success,True,False,False,1.0,False,0,36f3ccab6ec2,"{""decision"": ""success"", ""reason"": ""target state is satisfied and no unrelated state changed"", ""residue"": false, ""target_satisfied"": true}","[""{\""decision\"": \""success\"", \""reason\"": \""target state is satisfied and no unrelated state changed\"", \""residue\"": false, \""target_satisfied\"": true}""]",3df17dd57cea,judge-json-v5.1,2026-07-11T14:43:15.695227+00:00,1772.644,api.deepseek.com,0.2,disabled,semantic-state-v2
v4_form_11,web_form,deepseek-v4-pro,LLMJudgeStep,0,step,True,False,success,True,False,False,1.0,False,0,36f3ccab6ec2,"{""decision"": ""success"", ""reason"": ""target state is satisfied and no unrelated state changed"", ""residue"": false, ""target_satisfied"": true}","[""{\""decision\"": \""success\"", \""reason\"": \""target state is satisfied and no unrelated state changed\"", \""residue\"": false, \""target_satisfied\"": true}""]",735e2dfacd83,judge-json-v5.1,2026-07-11T14:43:13.848745+00:00,2711.299,api.deepseek.com,0.2,disabled,semantic-state-v2
v4_form_11,web_form,deepseek-v4-pro,LLMJudgeStep,1,step,True,False,success,True,False,False,1.0,False,0,36f3ccab6ec2,"{""decision"": ""success"", ""reason"": ""target state is satisfied and no unrelated state changed"", ""residue"": false, ""target_satisfied"": true}","[""{\""decision\"": \""success\"", \""reason\"": \""target state is satisfied and no unrelated state changed\"", \""residue\"": false, \""target_satisfied\"": true}""]",735e2dfacd83,judge-json-v5.1,2026-07-11T14:43:13.033611+00:00,2277.326,api.deepseek.com,0.2,disabled,semantic-state-v2
v4_form_12,web_form,deepseek-v4-pro,LLMJudgeFinal,0,final,True,False,success,True,False,False,1.0,False,0,36f3ccab6ec2,"{""decision"": ""success"", ""reason"": ""target state is satisfied and no unrelated state changed"", ""residue"": false, ""target_satisfied"": true}","[""{\""decision\"": \""success\"", \""reason\"": \""target state is satisfied and no unrelated state changed\"", \""residue\"": false, \""target_satisfied\"": true}""]",79d2f530bbc9,judge-json-v5.1,2026-07-11T14:43:21.214978+00:00,2170.521,api.deepseek.com,0.2,disabled,semantic-state-v2
v4_form_12,web_form,deepseek-v4-pro,LLMJudgeFinal,1,final,True,False,success,True,False,False,1.0,False,0,36f3ccab6ec2,"{""decision"": ""success"", ""reason"": ""target state is satisfied and no unrelated state changed"", ""residue"": false, ""target_satisfied"": true}","[""{\""decision\"": \""success\"", \""reason\"": \""target state is satisfied and no unrelated state changed\"", \""residue\"": false, \""target_satisfied\"": true}""]",79d2f530bbc9,judge-json-v5.1,2026-07-11T14:43:21.356898+00:00,1909.756,api.deepseek.com,0.2,disabled,semantic-state-v2
v4_form_12,web_form,deepseek-v4-pro,LLMJudgeRetry,0,final,True,False,success,True,False,False,1.0,False,0,36f3ccab6ec2,"{""decision"": ""success"", ""reason"": ""target state is satisfied and no unrelated state changed"", ""residue"": false, ""target_satisfied"": true}","[""{\""decision\"": \""success\"", \""reason\"": \""target state is satisfied and no unrelated state changed\"", \""residue\"": false, \""target_satisfied\"": true}""]",79d2f530bbc9,judge-json-v5.1,2026-07-11T14:43:25.207321+00:00,1854.205,api.deepseek.com,0.2,disabled,semantic-state-v2
v4_form_12,web_form,deepseek-v4-pro,LLMJudgeRetry,1,final,True,False,success,True,False,False,1.0,False,0,36f3ccab6ec2,"{""decision"": ""success"", ""reason"": ""target state is satisfied and no unrelated state changed"", ""residue"": false, ""target_satisfied"": true}","[""{\""decision\"": \""success\"", \""reason\"": \""target state is satisfied and no unrelated state changed\"", \""residue\"": false, \""target_satisfied\"": true}""]",79d2f530bbc9,judge-json-v5.1,2026-07-11T14:43:25.533435+00:00,1958.796,api.deepseek.com,0.2,disabled,semantic-state-v2
v4_form_12,web_form,deepseek-v4-pro,LLMJudgeStep,0,step,True,False,success,True,False,False,1.0,False,0,36f3ccab6ec2,"{""decision"": ""success"", ""reason"": ""target state is satisfied and no unrelated state changed"", ""residue"": false, ""target_satisfied"": true}","[""{\""decision\"": \""success\"", \""reason\"": \""target state is satisfied and no unrelated state changed\"", \""residue\"": false, \""target_satisfied\"": true}""]",37d3fd4d52ee,judge-json-v5.1,2026-07-11T14:43:21.913483+00:00,2934.561,api.deepseek.com,0.2,disabled,semantic-state-v2
v4_form_12,web_form,deepseek-v4-pro,LLMJudgeStep,1,step,True,False,success,True,False,False,1.0,False,0,257e8598186b,"{
  ""decision"": ""success"",
  ""reason"": ""target state is satisfied and no unrelated state changed"",
  ""residue"": false,
  ""target_satisfied"": true
}","[""{\n  \""decision\"": \""success\"",\n  \""reason\"": \""target state is satisfied and no unrelated state changed\"",\n  \""residue\"": false,\n  \""target_satisfied\"": true\n}""]",37d3fd4d52ee,judge-json-v5.1,2026-07-11T14:43:24.175089+00:00,2433.736,api.deepseek.com,0.2,disabled,semantic-state-v2
v4_form_13,web_form,deepseek-v4-pro,LLMJudgeFinal,0,final,True,False,success,True,False,False,1.0,False,0,36f3ccab6ec2,"{""decision"": ""success"", ""reason"": ""target state is satisfied and no unrelated state changed"", ""residue"": false, ""target_satisfied"": true}","[""{\""decision\"": \""success\"", \""reason\"": \""target state is satisfied and no unrelated state changed\"", \""residue\"": false, \""target_satisfied\"": true}""]",9bbf5905a0bc,judge-json-v5.1,2026-07-11T14:43:31.030947+00:00,1874.672,api.deepseek.com,0.2,disabled,semantic-state-v2
v4_form_13,web_form,deepseek-v4-pro,LLMJudgeFinal,1,final,True,False,success,True,False,False,1.0,False,0,36f3ccab6ec2,"{""decision"": ""success"", ""reason"": ""target state is satisfied and no unrelated state changed"", ""residue"": false, ""target_satisfied"": true}","[""{\""decision\"": \""success\"", \""reason\"": \""target state is satisfied and no unrelated state changed\"", \""residue\"": false, \""target_satisfied\"": true}""]",9bbf5905a0bc,judge-json-v5.1,2026-07-11T14:43:31.077547+00:00,2380.348,api.deepseek.com,0.2,disabled,semantic-state-v2
v4_form_13,web_form,deepseek-v4-pro,LLMJudgeRetry,0,final,True,False,success,True,False,False,1.0,False,0,36f3ccab6ec2,"{""decision"": ""success"", ""reason"": ""target state is satisfied and no unrelated state changed"", ""residue"": false, ""target_satisfied"": true}","[""{\""decision\"": \""success\"", \""reason\"": \""target state is satisfied and no unrelated state changed\"", \""residue\"": false, \""target_satisfied\"": true}""]",9bbf5905a0bc,judge-json-v5.1,2026-07-11T14:43:35.166583+00:00,2646.312,api.deepseek.com,0.2,disabled,semantic-state-v2
v4_form_13,web_form,deepseek-v4-pro,LLMJudgeRetry,1,final,True,False,success,True,False,False,1.0,False,0,36f3ccab6ec2,"{""decision"": ""success"", ""reason"": ""target state is satisfied and no unrelated state changed"", ""residue"": false, ""target_satisfied"": true}","[""{\""decision\"": \""success\"", \""reason\"": \""target state is satisfied and no unrelated state changed\"", \""residue\"": false, \""target_satisfied\"": true}""]",9bbf5905a0bc,judge-json-v5.1,2026-07-11T14:43:35.895587+00:00,2466.947,api.deepseek.com,0.2,disabled,semantic-state-v2
v4_form_13,web_form,deepseek-v4-pro,LLMJudgeStep,0,step,True,False,success,True,False,False,1.0,False,0,36f3ccab6ec2,"{""decision"": ""success"", ""reason"": ""target state is satisfied and no unrelated state changed"", ""residue"": false, ""target_satisfied"": true}","[""{\""decision\"": \""success\"", \""reason\"": \""target state is satisfied and no unrelated state changed\"", \""residue\"": false, \""target_satisfied\"": true}""]",20659cc89108,judge-json-v5.1,2026-07-11T14:43:31.790154+00:00,1962.051,api.deepseek.com,0.2,disabled,semantic-state-v2
v4_form_13,web_form,deepseek-v4-pro,LLMJudgeStep,1,step,True,False,success,True,False,False,1.0,False,0,36f3ccab6ec2,"{""decision"": ""success"", ""reason"": ""target state is satisfied and no unrelated state changed"", ""residue"": false, ""target_satisfied"": true}","[""{\""decision\"": \""success\"", \""reason\"": \""target state is satisfied and no unrelated state changed\"", \""residue\"": false, \""target_satisfied\"": true}""]",20659cc89108,judge-json-v5.1,2026-07-11T14:43:32.818524+00:00,1988.699,api.deepseek.com,0.2,disabled,semantic-state-v2
v4_table_00,table,deepseek-v4-pro,LLMJudgeFinal,0,final,True,False,success,True,False,False,1.0,False,0,36f3ccab6ec2,"{""decision"": ""success"", ""reason"": ""target state is satisfied and no unrelated state changed"", ""residue"": false, ""target_satisfied"": true}","[""{\""decision\"": \""success\"", \""reason\"": \""target state is satisfied and no unrelated state changed\"", \""residue\"": false, \""target_satisfied\"": true}""]",b07f0445b6d0,judge-json-v5.1,2026-07-11T14:43:40.644255+00:00,2398.063,api.deepseek.com,0.2,disabled,semantic-state-v2
v4_table_00,table,deepseek-v4-pro,LLMJudgeFinal,1,final,True,False,success,True,False,False,1.0,False,0,36f3ccab6ec2,"{""decision"": ""success"", ""reason"": ""target state is satisfied and no unrelated state changed"", ""residue"": false, ""target_satisfied"": true}","[""{\""decision\"": \""success\"", \""reason\"": \""target state is satisfied and no unrelated state changed\"", \""residue\"": false, \""target_satisfied\"": true}""]",b07f0445b6d0,judge-json-v5.1,2026-07-11T14:43:40.201558+00:00,1777.211,api.deepseek.com,0.2,disabled,semantic-state-v2
v4_table_00,table,deepseek-v4-pro,LLMJudgeRetry,0,final,True,False,success,True,False,False,1.0,False,0,36f3ccab6ec2,"{""decision"": ""success"", ""reason"": ""target state is satisfied and no unrelated state changed"", ""residue"": false, ""target_satisfied"": true}","[""{\""decision\"": \""success\"", \""reason\"": \""target state is satisfied and no unrelated state changed\"", \""residue\"": false, \""target_satisfied\"": true}""]",b07f0445b6d0,judge-json-v5.1,2026-07-11T14:43:43.875896+00:00,1732.902,api.deepseek.com,0.2,disabled,semantic-state-v2
v4_table_00,table,deepseek-v4-pro,LLMJudgeRetry,1,final,True,False,success,True,False,False,1.0,False,0,36f3ccab6ec2,"{""decision"": ""success"", ""reason"": ""target state is satisfied and no unrelated state changed"", ""residue"": false, ""target_satisfied"": true}","[""{\""decision\"": \""success\"", \""reason\"": \""target state is satisfied and no unrelated state changed\"", \""residue\"": false, \""target_satisfied\"": true}""]",b07f0445b6d0,judge-json-v5.1,2026-07-11T14:43:45.438759+00:00,2150.803,api.deepseek.com,0.2,disabled,semantic-state-v2
v4_table_00,table,deepseek-v4-pro,LLMJudgeStep,0,step,True,False,success,True,False,False,1.0,False,0,36f3ccab6ec2,"{""decision"": ""success"", ""reason"": ""target state is satisfied and no unrelated state changed"", ""residue"": false, ""target_satisfied"": true}","[""{\""decision\"": \""success\"", \""reason\"": \""target state is satisfied and no unrelated state changed\"", \""residue\"": false, \""target_satisfied\"": true}""]",3be50d9fbc52,judge-json-v5.1,2026-07-11T14:43:41.678088+00:00,2035.157,api.deepseek.com,0.2,disabled,semantic-state-v2
v4_table_00,table,deepseek-v4-pro,LLMJudgeStep,1,step,True,False,success,True,False,False,1.0,False,0,36f3ccab6ec2,"{""decision"": ""success"", ""reason"": ""target state is satisfied and no unrelated state changed"", ""residue"": false, ""target_satisfied"": true}","[""{\""decision\"": \""success\"", \""reason\"": \""target state is satisfied and no unrelated state changed\"", \""residue\"": false, \""target_satisfied\"": true}""]",3be50d9fbc52,judge-json-v5.1,2026-07-11T14:43:42.591577+00:00,2147.159,api.deepseek.com,0.2,disabled,semantic-state-v2
v4_table_01,table,deepseek-v4-pro,LLMJudgeFinal,0,final,True,False,success,True,False,False,1.0,False,0,36f3ccab6ec2,"{""decision"": ""success"", ""reason"": ""target state is satisfied and no unrelated state changed"", ""residue"": false, ""target_satisfied"": true}","[""{\""decision\"": \""success\"", \""reason\"": \""target state is satisfied and no unrelated state changed\"", \""residue\"": false, \""target_satisfied\"": true}""]",69fc37fab271,judge-json-v5.1,2026-07-11T14:43:49.583130+00:00,2242.822,api.deepseek.com,0.2,disabled,semantic-state-v2
v4_table_01,table,deepseek-v4-pro,LLMJudgeFinal,1,final,True,False,success,True,False,False,1.0,False,0,36f3ccab6ec2,"{""decision"": ""success"", ""reason"": ""target state is satisfied and no unrelated state changed"", ""residue"": false, ""target_satisfied"": true}","[""{\""decision\"": \""success\"", \""reason\"": \""target state is satisfied and no unrelated state changed\"", \""residue\"": false, \""target_satisfied\"": true}""]",69fc37fab271,judge-json-v5.1,2026-07-11T14:43:49.889386+00:00,1889.470,api.deepseek.com,0.2,disabled,semantic-state-v2
v4_table_01,table,deepseek-v4-pro,LLMJudgeRetry,0,final,True,False,success,True,False,False,1.0,False,0,36f3ccab6ec2,"{""decision"": ""success"", ""reason"": ""target state is satisfied and no unrelated state changed"", ""residue"": false, ""target_satisfied"": true}","[""{\""decision\"": \""success\"", \""reason\"": \""target state is satisfied and no unrelated state changed\"", \""residue\"": false, \""target_satisfied\"": true}""]",69fc37fab271,judge-json-v5.1,2026-07-11T14:43:54.314384+00:00,2100.045,api.deepseek.com,0.2,disabled,semantic-state-v2
v4_table_01,table,deepseek-v4-pro,LLMJudgeRetry,1,final,True,False,success,True,False,False,1.0,False,0,36f3ccab6ec2,"{""decision"": ""success"", ""reason"": ""target state is satisfied and no unrelated state changed"", ""residue"": false, ""target_satisfied"": true}","[""{\""decision\"": \""success\"", \""reason\"": \""target state is satisfied and no unrelated state changed\"", \""residue\"": false, \""target_satisfied\"": true}""]",69fc37fab271,judge-json-v5.1,2026-07-11T14:43:53.986144+00:00,2242.953,api.deepseek.com,0.2,disabled,semantic-state-v2
v4_table_01,table,deepseek-v4-pro,LLMJudgeStep,0,step,True,False,success,True,False,False,1.0,False,0,36f3ccab6ec2,"{""decision"": ""success"", ""reason"": ""target state is satisfied and no unrelated state changed"", ""residue"": false, ""target_satisfied"": true}","[""{\""decision\"": \""success\"", \""reason\"": \""target state is satisfied and no unrelated state changed\"", \""residue\"": false, \""target_satisfied\"": true}""]",720bef997486,judge-json-v5.1,2026-07-11T14:43:50.869747+00:00,3162.558,api.deepseek.com,0.2,disabled,semantic-state-v2
v4_table_01,table,deepseek-v4-pro,LLMJudgeStep,1,step,True,False,success,True,False,False,1.0,False,0,36f3ccab6ec2,"{""decision"": ""success"", ""reason"": ""target state is satisfied and no unrelated state changed"", ""residue"": false, ""target_satisfied"": true}","[""{\""decision\"": \""success\"", \""reason\"": \""target state is satisfied and no unrelated state changed\"", \""residue\"": false, \""target_satisfied\"": true}""]",720bef997486,judge-json-v5.1,2026-07-11T14:43:50.957829+00:00,2583.774,api.deepseek.com,0.2,disabled,semantic-state-v2
v4_table_02,table,deepseek-v4-pro,LLMJudgeFinal,0,final,True,False,success,True,False,False,1.0,False,0,36f3ccab6ec2,"{""decision"": ""success"", ""reason"": ""target state is satisfied and no unrelated state changed"", ""residue"": false, ""target_satisfied"": true}","[""{\""decision\"": \""success\"", \""reason\"": \""target state is satisfied and no unrelated state changed\"", \""residue\"": false, \""target_satisfied\"": true}""]",20b4fac03651,judge-json-v5.1,2026-07-11T14:43:59.689331+00:00,1859.227,api.deepseek.com,0.2,disabled,semantic-state-v2
v4_table_02,table,deepseek-v4-pro,LLMJudgeFinal,1,final,True,False,success,True,False,False,1.0,False,0,36f3ccab6ec2,"{""decision"": ""success"", ""reason"": ""target state is satisfied and no unrelated state changed"", ""residue"": false, ""target_satisfied"": true}","[""{\""decision\"": \""success\"", \""reason\"": \""target state is satisfied and no unrelated state changed\"", \""residue\"": false, \""target_satisfied\"": true}""]",20b4fac03651,judge-json-v5.1,2026-07-11T14:44:00.029422+00:00,2045.307,api.deepseek.com,0.2,disabled,semantic-state-v2
v4_table_02,table,deepseek-v4-pro,LLMJudgeRetry,0,final,True,False,success,True,False,False,1.0,False,0,36f3ccab6ec2,"{""decision"": ""success"", ""reason"": ""target state is satisfied and no unrelated state changed"", ""residue"": false, ""target_satisfied"": true}","[""{\""decision\"": \""success\"", \""reason\"": \""target state is satisfied and no unrelated state changed\"", \""residue\"": false, \""target_satisfied\"": true}""]",20b4fac03651,judge-json-v5.1,2026-07-11T14:44:03.260395+00:00,2012.878,api.deepseek.com,0.2,disabled,semantic-state-v2
v4_table_02,table,deepseek-v4-pro,LLMJudgeRetry,1,final,True,False,success,True,False,False,1.0,False,0,36f3ccab6ec2,"{""decision"": ""success"", ""reason"": ""target state is satisfied and no unrelated state changed"", ""residue"": false, ""target_satisfied"": true}","[""{\""decision\"": \""success\"", \""reason\"": \""target state is satisfied and no unrelated state changed\"", \""residue\"": false, \""target_satisfied\"": true}""]",20b4fac03651,judge-json-v5.1,2026-07-11T14:44:04.178930+00:00,1859.678,api.deepseek.com,0.2,disabled,semantic-state-v2
v4_table_02,table,deepseek-v4-pro,LLMJudgeStep,0,step,True,False,success,True,False,False,1.0,False,0,36f3ccab6ec2,"{""decision"": ""success"", ""reason"": ""target state is satisfied and no unrelated state changed"", ""residue"": false, ""target_satisfied"": true}","[""{\""decision\"": \""success\"", \""reason\"": \""target state is satisfied and no unrelated state changed\"", \""residue\"": false, \""target_satisfied\"": true}""]",1ac85d4416ef,judge-json-v5.1,2026-07-11T14:44:00.921535+00:00,1925.263,api.deepseek.com,0.2,disabled,semantic-state-v2
v4_table_02,table,deepseek-v4-pro,LLMJudgeStep,1,step,True,False,success,True,False,False,1.0,False,0,36f3ccab6ec2,"{""decision"": ""success"", ""reason"": ""target state is satisfied and no unrelated state changed"", ""residue"": false, ""target_satisfied"": true}","[""{\""decision\"": \""success\"", \""reason\"": \""target state is satisfied and no unrelated state changed\"", \""residue\"": false, \""target_satisfied\"": true}""]",1ac85d4416ef,judge-json-v5.1,2026-07-11T14:44:00.599064+00:00,2425.412,api.deepseek.com,0.2,disabled,semantic-state-v2
v4_table_03,table,deepseek-v4-pro,LLMJudgeFinal,0,final,True,False,success,True,False,False,1.0,False,0,36f3ccab6ec2,"{""decision"": ""success"", ""reason"": ""target state is satisfied and no unrelated state changed"", ""residue"": false, ""target_satisfied"": true}","[""{\""decision\"": \""success\"", \""reason\"": \""target state is satisfied and no unrelated state changed\"", \""residue\"": false, \""target_satisfied\"": true}""]",b3af11d97bad,judge-json-v5.1,2026-07-11T14:44:08.123598+00:00,1805.063,api.deepseek.com,0.2,disabled,semantic-state-v2
v4_table_03,table,deepseek-v4-pro,LLMJudgeFinal,1,final,True,False,success,True,False,False,1.0,False,0,36f3ccab6ec2,"{""decision"": ""success"", ""reason"": ""target state is satisfied and no unrelated state changed"", ""residue"": false, ""target_satisfied"": true}","[""{\""decision\"": \""success\"", \""reason\"": \""target state is satisfied and no unrelated state changed\"", \""residue\"": false, \""target_satisfied\"": true}""]",b3af11d97bad,judge-json-v5.1,2026-07-11T14:44:09.307345+00:00,1912.531,api.deepseek.com,0.2,disabled,semantic-state-v2
v4_table_03,table,deepseek-v4-pro,LLMJudgeRetry,0,final,True,False,success,True,False,False,1.0,False,0,36f3ccab6ec2,"{""decision"": ""success"", ""reason"": ""target state is satisfied and no unrelated state changed"", ""residue"": false, ""target_satisfied"": true}","[""{\""decision\"": \""success\"", \""reason\"": \""target state is satisfied and no unrelated state changed\"", \""residue\"": false, \""target_satisfied\"": true}""]",b3af11d97bad,judge-json-v5.1,2026-07-11T14:44:12.396895+00:00,1921.237,api.deepseek.com,0.2,disabled,semantic-state-v2
v4_table_03,table,deepseek-v4-pro,LLMJudgeRetry,1,final,True,False,success,True,False,False,1.0,False,0,36f3ccab6ec2,"{""decision"": ""success"", ""reason"": ""target state is satisfied and no unrelated state changed"", ""residue"": false, ""target_satisfied"": true}","[""{\""decision\"": \""success\"", \""reason\"": \""target state is satisfied and no unrelated state changed\"", \""residue\"": false, \""target_satisfied\"": true}""]",b3af11d97bad,judge-json-v5.1,2026-07-11T14:44:12.962974+00:00,1875.628,api.deepseek.com,0.2,disabled,semantic-state-v2
v4_table_03,table,deepseek-v4-pro,LLMJudgeStep,0,step,True,False,success,True,False,False,1.0,False,0,36f3ccab6ec2,"{""decision"": ""success"", ""reason"": ""target state is satisfied and no unrelated state changed"", ""residue"": false, ""target_satisfied"": true}","[""{\""decision\"": \""success\"", \""reason\"": \""target state is satisfied and no unrelated state changed\"", \""residue\"": false, \""target_satisfied\"": true}""]",7e98dab7e7d6,judge-json-v5.1,2026-07-11T14:44:10.013926+00:00,2404.155,api.deepseek.com,0.2,disabled,semantic-state-v2
v4_table_03,table,deepseek-v4-pro,LLMJudgeStep,1,step,True,False,success,True,False,False,1.0,False,0,36f3ccab6ec2,"{""decision"": ""success"", ""reason"": ""target state is satisfied and no unrelated state changed"", ""residue"": false, ""target_satisfied"": true}","[""{\""decision\"": \""success\"", \""reason\"": \""target state is satisfied and no unrelated state changed\"", \""residue\"": false, \""target_satisfied\"": true}""]",7e98dab7e7d6,judge-json-v5.1,2026-07-11T14:44:10.194963+00:00,2013.765,api.deepseek.com,0.2,disabled,semantic-state-v2
v4_table_04,table,deepseek-v4-pro,LLMJudgeFinal,0,final,True,False,success,True,False,False,1.0,False,0,36f3ccab6ec2,"{""decision"": ""success"", ""reason"": ""target state is satisfied and no unrelated state changed"", ""residue"": false, ""target_satisfied"": true}","[""{\""decision\"": \""success\"", \""reason\"": \""target state is satisfied and no unrelated state changed\"", \""residue\"": false, \""target_satisfied\"": true}""]",dc53d809ff6f,judge-json-v5.1,2026-07-11T14:44:17.991135+00:00,1998.202,api.deepseek.com,0.2,disabled,semantic-state-v2
v4_table_04,table,deepseek-v4-pro,LLMJudgeFinal,1,final,True,False,success,True,False,False,1.0,False,0,36f3ccab6ec2,"{""decision"": ""success"", ""reason"": ""target state is satisfied and no unrelated state changed"", ""residue"": false, ""target_satisfied"": true}","[""{\""decision\"": \""success\"", \""reason\"": \""target state is satisfied and no unrelated state changed\"", \""residue\"": false, \""target_satisfied\"": true}""]",dc53d809ff6f,judge-json-v5.1,2026-07-11T14:44:18.209016+00:00,2067.399,api.deepseek.com,0.2,disabled,semantic-state-v2
v4_table_04,table,deepseek-v4-pro,LLMJudgeRetry,0,final,True,False,success,True,False,False,1.0,False,0,36f3ccab6ec2,"{""decision"": ""success"", ""reason"": ""target state is satisfied and no unrelated state changed"", ""residue"": false, ""target_satisfied"": true}","[""{\""decision\"": \""success\"", \""reason\"": \""target state is satisfied and no unrelated state changed\"", \""residue\"": false, \""target_satisfied\"": true}""]",dc53d809ff6f,judge-json-v5.1,2026-07-11T14:44:23.015641+00:00,2181.386,api.deepseek.com,0.2,disabled,semantic-state-v2
v4_table_04,table,deepseek-v4-pro,LLMJudgeRetry,1,final,True,False,success,True,False,False,1.0,False,0,36f3ccab6ec2,"{""decision"": ""success"", ""reason"": ""target state is satisfied and no unrelated state changed"", ""residue"": false, ""target_satisfied"": true}","[""{\""decision\"": \""success\"", \""reason\"": \""target state is satisfied and no unrelated state changed\"", \""residue\"": false, \""target_satisfied\"": true}""]",dc53d809ff6f,judge-json-v5.1,2026-07-11T14:44:22.120759+00:00,1746.579,api.deepseek.com,0.2,disabled,semantic-state-v2
v4_table_04,table,deepseek-v4-pro,LLMJudgeStep,0,step,True,False,success,True,False,False,1.0,False,0,36f3ccab6ec2,"{""decision"": ""success"", ""reason"": ""target state is satisfied and no unrelated state changed"", ""residue"": false, ""target_satisfied"": true}","[""{\""decision\"": \""success\"", \""reason\"": \""target state is satisfied and no unrelated state changed\"", \""residue\"": false, \""target_satisfied\"": true}""]",59c3032cd74a,judge-json-v5.1,2026-07-11T14:44:18.451532+00:00,2060.348,api.deepseek.com,0.2,disabled,semantic-state-v2
v4_table_04,table,deepseek-v4-pro,LLMJudgeStep,1,step,True,False,success,True,False,False,1.0,False,0,36f3ccab6ec2,"{""decision"": ""success"", ""reason"": ""target state is satisfied and no unrelated state changed"", ""residue"": false, ""target_satisfied"": true}","[""{\""decision\"": \""success\"", \""reason\"": \""target state is satisfied and no unrelated state changed\"", \""residue\"": false, \""target_satisfied\"": true}""]",59c3032cd74a,judge-json-v5.1,2026-07-11T14:44:19.828133+00:00,2221.291,api.deepseek.com,0.2,disabled,semantic-state-v2
v4_table_05,table,deepseek-v4-pro,LLMJudgeFinal,0,final,True,False,success,True,False,False,1.0,False,0,36f3ccab6ec2,"{""decision"": ""success"", ""reason"": ""target state is satisfied and no unrelated state changed"", ""residue"": false, ""target_satisfied"": true}","[""{\""decision\"": \""success\"", \""reason\"": \""target state is satisfied and no unrelated state changed\"", \""residue\"": false, \""target_satisfied\"": true}""]",d1fcf4c99561,judge-json-v5.1,2026-07-11T14:44:27.342177+00:00,2077.499,api.deepseek.com,0.2,disabled,semantic-state-v2
v4_table_05,table,deepseek-v4-pro,LLMJudgeFinal,1,final,True,False,success,True,False,False,1.0,False,0,36f3ccab6ec2,"{""decision"": ""success"", ""reason"": ""target state is satisfied and no unrelated state changed"", ""residue"": false, ""target_satisfied"": true}","[""{\""decision\"": \""success\"", \""reason\"": \""target state is satisfied and no unrelated state changed\"", \""residue\"": false, \""target_satisfied\"": true}""]",d1fcf4c99561,judge-json-v5.1,2026-07-11T14:44:27.388187+00:00,1922.463,api.deepseek.com,0.2,disabled,semantic-state-v2
v4_table_05,table,deepseek-v4-pro,LLMJudgeRetry,0,final,True,False,success,True,False,False,1.0,False,0,36f3ccab6ec2,"{""decision"": ""success"", ""reason"": ""target state is satisfied and no unrelated state changed"", ""residue"": false, ""target_satisfied"": true}","[""{\""decision\"": \""success\"", \""reason\"": \""target state is satisfied and no unrelated state changed\"", \""residue\"": false, \""target_satisfied\"": true}""]",d1fcf4c99561,judge-json-v5.1,2026-07-11T14:44:30.911418+00:00,1942.448,api.deepseek.com,0.2,disabled,semantic-state-v2
v4_table_05,table,deepseek-v4-pro,LLMJudgeRetry,1,final,True,False,success,True,False,False,1.0,False,0,36f3ccab6ec2,"{""decision"": ""success"", ""reason"": ""target state is satisfied and no unrelated state changed"", ""residue"": false, ""target_satisfied"": true}","[""{\""decision\"": \""success\"", \""reason\"": \""target state is satisfied and no unrelated state changed\"", \""residue\"": false, \""target_satisfied\"": true}""]",d1fcf4c99561,judge-json-v5.1,2026-07-11T14:44:31.453428+00:00,2059.684,api.deepseek.com,0.2,disabled,semantic-state-v2
v4_table_05,table,deepseek-v4-pro,LLMJudgeStep,0,step,True,False,success,True,False,False,1.0,False,0,36f3ccab6ec2,"{""decision"": ""success"", ""reason"": ""target state is satisfied and no unrelated state changed"", ""residue"": false, ""target_satisfied"": true}","[""{\""decision\"": \""success\"", \""reason\"": \""target state is satisfied and no unrelated state changed\"", \""residue\"": false, \""target_satisfied\"": true}""]",2f8c8b5fdbcf,judge-json-v5.1,2026-07-11T14:44:28.912070+00:00,2116.459,api.deepseek.com,0.2,disabled,semantic-state-v2
v4_table_05,table,deepseek-v4-pro,LLMJudgeStep,1,step,True,False,success,True,False,False,1.0,False,0,36f3ccab6ec2,"{""decision"": ""success"", ""reason"": ""target state is satisfied and no unrelated state changed"", ""residue"": false, ""target_satisfied"": true}","[""{\""decision\"": \""success\"", \""reason\"": \""target state is satisfied and no unrelated state changed\"", \""residue\"": false, \""target_satisfied\"": true}""]",2f8c8b5fdbcf,judge-json-v5.1,2026-07-11T14:44:28.896038+00:00,2242.818,api.deepseek.com,0.2,disabled,semantic-state-v2
v4_workflow_00,workflow_micro,deepseek-v4-pro,LLMJudgeFinal,0,final,True,False,success,True,False,False,1.0,False,0,36f3ccab6ec2,"{""decision"": ""success"", ""reason"": ""target state is satisfied and no unrelated state changed"", ""residue"": false, ""target_satisfied"": true}","[""{\""decision\"": \""success\"", \""reason\"": \""target state is satisfied and no unrelated state changed\"", \""residue\"": false, \""target_satisfied\"": true}""]",26818d640d19,judge-json-v5.1,2026-07-11T14:44:36.656770+00:00,2321.623,api.deepseek.com,0.2,disabled,semantic-state-v2
v4_workflow_00,workflow_micro,deepseek-v4-pro,LLMJudgeFinal,1,final,True,False,success,True,False,False,1.0,False,0,36f3ccab6ec2,"{""decision"": ""success"", ""reason"": ""target state is satisfied and no unrelated state changed"", ""residue"": false, ""target_satisfied"": true}","[""{\""decision\"": \""success\"", \""reason\"": \""target state is satisfied and no unrelated state changed\"", \""residue\"": false, \""target_satisfied\"": true}""]",26818d640d19,judge-json-v5.1,2026-07-11T14:44:37.608759+00:00,2263.688,api.deepseek.com,0.2,disabled,semantic-state-v2
v4_workflow_00,workflow_micro,deepseek-v4-pro,LLMJudgeRetry,0,final,True,False,success,True,False,False,1.0,False,0,36f3ccab6ec2,"{""decision"": ""success"", ""reason"": ""target state is satisfied and no unrelated state changed"", ""residue"": false, ""target_satisfied"": true}","[""{\""decision\"": \""success\"", \""reason\"": \""target state is satisfied and no unrelated state changed\"", \""residue\"": false, \""target_satisfied\"": true}""]",26818d640d19,judge-json-v5.1,2026-07-11T14:44:41.022171+00:00,2262.130,api.deepseek.com,0.2,disabled,semantic-state-v2
v4_workflow_00,workflow_micro,deepseek-v4-pro,LLMJudgeRetry,1,final,True,False,success,True,False,False,1.0,False,0,36f3ccab6ec2,"{""decision"": ""success"", ""reason"": ""target state is satisfied and no unrelated state changed"", ""residue"": false, ""target_satisfied"": true}","[""{\""decision\"": \""success\"", \""reason\"": \""target state is satisfied and no unrelated state changed\"", \""residue\"": false, \""target_satisfied\"": true}""]",26818d640d19,judge-json-v5.1,2026-07-11T14:44:41.628632+00:00,2006.533,api.deepseek.com,0.2,disabled,semantic-state-v2
v4_workflow_00,workflow_micro,deepseek-v4-pro,LLMJudgeStep,0,step,True,False,success,True,False,False,1.0,False,0,36f3ccab6ec2,"{""decision"": ""success"", ""reason"": ""target state is satisfied and no unrelated state changed"", ""residue"": false, ""target_satisfied"": true}","[""{\""decision\"": \""success\"", \""reason\"": \""target state is satisfied and no unrelated state changed\"", \""residue\"": false, \""target_satisfied\"": true}""]",396442d077f2,judge-json-v5.1,2026-07-11T14:44:37.629865+00:00,2017.640,api.deepseek.com,0.2,disabled,semantic-state-v2
v4_workflow_00,workflow_micro,deepseek-v4-pro,LLMJudgeStep,1,step,True,False,success,True,False,False,1.0,False,0,36f3ccab6ec2,"{""decision"": ""success"", ""reason"": ""target state is satisfied and no unrelated state changed"", ""residue"": false, ""target_satisfied"": true}","[""{\""decision\"": \""success\"", \""reason\"": \""target state is satisfied and no unrelated state changed\"", \""residue\"": false, \""target_satisfied\"": true}""]",396442d077f2,judge-json-v5.1,2026-07-11T14:44:38.096284+00:00,2615.358,api.deepseek.com,0.2,disabled,semantic-state-v2
v4_workflow_01,workflow_micro,deepseek-v4-pro,LLMJudgeFinal,0,final,True,False,success,True,False,False,1.0,False,0,36f3ccab6ec2,"{""decision"": ""success"", ""reason"": ""target state is satisfied and no unrelated state changed"", ""residue"": false, ""target_satisfied"": true}","[""{\""decision\"": \""success\"", \""reason\"": \""target state is satisfied and no unrelated state changed\"", \""residue\"": false, \""target_satisfied\"": true}""]",eea50186058a,judge-json-v5.1,2026-07-11T14:44:46.091269+00:00,1918.966,api.deepseek.com,0.2,disabled,semantic-state-v2
v4_workflow_01,workflow_micro,deepseek-v4-pro,LLMJudgeFinal,1,final,True,False,success,True,False,False,1.0,False,0,36f3ccab6ec2,"{""decision"": ""success"", ""reason"": ""target state is satisfied and no unrelated state changed"", ""residue"": false, ""target_satisfied"": true}","[""{\""decision\"": \""success\"", \""reason\"": \""target state is satisfied and no unrelated state changed\"", \""residue\"": false, \""target_satisfied\"": true}""]",eea50186058a,judge-json-v5.1,2026-07-11T14:44:47.128318+00:00,1877.755,api.deepseek.com,0.2,disabled,semantic-state-v2
v4_workflow_01,workflow_micro,deepseek-v4-pro,LLMJudgeRetry,0,final,True,False,success,True,False,False,1.0,False,0,36f3ccab6ec2,"{""decision"": ""success"", ""reason"": ""target state is satisfied and no unrelated state changed"", ""residue"": false, ""target_satisfied"": true}","[""{\""decision\"": \""success\"", \""reason\"": \""target state is satisfied and no unrelated state changed\"", \""residue\"": false, \""target_satisfied\"": true}""]",eea50186058a,judge-json-v5.1,2026-07-11T14:44:50.077121+00:00,1913.774,api.deepseek.com,0.2,disabled,semantic-state-v2
v4_workflow_01,workflow_micro,deepseek-v4-pro,LLMJudgeRetry,1,final,False,False,success,True,False,True,1.0,False,0,36f3ccab6ec2,"{""decision"": ""success"", ""reason"": ""target state is satisfied and no unrelated state changed"", ""residue"": false, ""target_satisfied"": true}","[""{\""decision\"": \""success\"", \""reason\"": \""target state is satisfied and no unrelated state changed\"", \""residue\"": false, \""target_satisfied\"": true}""]",2ef0332b29d7,judge-json-v5.1,2026-07-11T14:44:50.708104+00:00,2089.014,api.deepseek.com,0.2,disabled,semantic-state-v2
v4_workflow_01,workflow_micro,deepseek-v4-pro,LLMJudgeStep,0,step,True,False,success,True,False,False,1.0,False,0,36f3ccab6ec2,"{""decision"": ""success"", ""reason"": ""target state is satisfied and no unrelated state changed"", ""residue"": false, ""target_satisfied"": true}","[""{\""decision\"": \""success\"", \""reason\"": \""target state is satisfied and no unrelated state changed\"", \""residue\"": false, \""target_satisfied\"": true}""]",75f80c5238ef,judge-json-v5.1,2026-07-11T14:44:47.745669+00:00,2112.356,api.deepseek.com,0.2,disabled,semantic-state-v2
v4_workflow_01,workflow_micro,deepseek-v4-pro,LLMJudgeStep,1,step,True,False,success,True,False,False,1.0,False,0,36f3ccab6ec2,"{""decision"": ""success"", ""reason"": ""target state is satisfied and no unrelated state changed"", ""residue"": false, ""target_satisfied"": true}","[""{\""decision\"": \""success\"", \""reason\"": \""target state is satisfied and no unrelated state changed\"", \""residue\"": false, \""target_satisfied\"": true}""]",75f80c5238ef,judge-json-v5.1,2026-07-11T14:44:48.706622+00:00,2354.204,api.deepseek.com,0.2,disabled,semantic-state-v2
v4_workflow_02,workflow_micro,deepseek-v4-pro,LLMJudgeFinal,0,final,False,False,success,True,False,True,1.0,False,0,36f3ccab6ec2,"{""decision"": ""success"", ""reason"": ""target state is satisfied and no unrelated state changed"", ""residue"": false, ""target_satisfied"": true}","[""{\""decision\"": \""success\"", \""reason\"": \""target state is satisfied and no unrelated state changed\"", \""residue\"": false, \""target_satisfied\"": true}""]",06c4c326f2c8,judge-json-v5.1,2026-07-11T14:44:56.056822+00:00,1915.252,api.deepseek.com,0.2,disabled,semantic-state-v2
v4_workflow_02,workflow_micro,deepseek-v4-pro,LLMJudgeFinal,1,final,True,False,success,True,False,False,1.0,False,0,36f3ccab6ec2,"{""decision"": ""success"", ""reason"": ""target state is satisfied and no unrelated state changed"", ""residue"": false, ""target_satisfied"": true}","[""{\""decision\"": \""success\"", \""reason\"": \""target state is satisfied and no unrelated state changed\"", \""residue\"": false, \""target_satisfied\"": true}""]",5d9e9dee1b93,judge-json-v5.1,2026-07-11T14:44:56.356070+00:00,2042.835,api.deepseek.com,0.2,disabled,semantic-state-v2
v4_workflow_02,workflow_micro,deepseek-v4-pro,LLMJudgeRetry,0,final,True,False,success,True,False,False,1.0,False,0,36f3ccab6ec2,"{""decision"": ""success"", ""reason"": ""target state is satisfied and no unrelated state changed"", ""residue"": false, ""target_satisfied"": true}","[""{\""decision\"": \""success\"", \""reason\"": \""target state is satisfied and no unrelated state changed\"", \""residue\"": false, \""target_satisfied\"": true}""]",5d9e9dee1b93,judge-json-v5.1,2026-07-11T14:44:59.927728+00:00,2006.464,api.deepseek.com,0.2,disabled,semantic-state-v2
v4_workflow_02,workflow_micro,deepseek-v4-pro,LLMJudgeRetry,1,final,True,False,success,True,False,False,1.0,False,0,36f3ccab6ec2,"{""decision"": ""success"", ""reason"": ""target state is satisfied and no unrelated state changed"", ""residue"": false, ""target_satisfied"": true}","[""{\""decision\"": \""success\"", \""reason\"": \""target state is satisfied and no unrelated state changed\"", \""residue\"": false, \""target_satisfied\"": true}""]",5d9e9dee1b93,judge-json-v5.1,2026-07-11T14:45:00.725473+00:00,2987.583,api.deepseek.com,0.2,disabled,semantic-state-v2
v4_workflow_02,workflow_micro,deepseek-v4-pro,LLMJudgeStep,0,step,True,False,success,True,False,False,1.0,False,0,36f3ccab6ec2,"{""decision"": ""success"", ""reason"": ""target state is satisfied and no unrelated state changed"", ""residue"": false, ""target_satisfied"": true}","[""{\""decision\"": \""success\"", \""reason\"": \""target state is satisfied and no unrelated state changed\"", \""residue\"": false, \""target_satisfied\"": true}""]",a45fff31d711,judge-json-v5.1,2026-07-11T14:44:56.793022+00:00,2260.023,api.deepseek.com,0.2,disabled,semantic-state-v2
v4_workflow_02,workflow_micro,deepseek-v4-pro,LLMJudgeStep,1,step,True,False,success,True,False,False,1.0,False,0,36f3ccab6ec2,"{""decision"": ""success"", ""reason"": ""target state is satisfied and no unrelated state changed"", ""residue"": false, ""target_satisfied"": true}","[""{\""decision\"": \""success\"", \""reason\"": \""target state is satisfied and no unrelated state changed\"", \""residue\"": false, \""target_satisfied\"": true}""]",a45fff31d711,judge-json-v5.1,2026-07-11T14:44:58.306260+00:00,2415.904,api.deepseek.com,0.2,disabled,semantic-state-v2
v4_workflow_03,workflow_micro,deepseek-v4-pro,LLMJudgeFinal,0,final,True,False,success,True,False,False,1.0,False,0,36f3ccab6ec2,"{""decision"": ""success"", ""reason"": ""target state is satisfied and no unrelated state changed"", ""residue"": false, ""target_satisfied"": true}","[""{\""decision\"": \""success\"", \""reason\"": \""target state is satisfied and no unrelated state changed\"", \""residue\"": false, \""target_satisfied\"": true}""]",684bae3f4d01,judge-json-v5.1,2026-07-11T14:45:05.717365+00:00,2436.553,api.deepseek.com,0.2,disabled,semantic-state-v2
v4_workflow_03,workflow_micro,deepseek-v4-pro,LLMJudgeFinal,1,final,True,False,success,True,False,False,1.0,False,0,36f3ccab6ec2,"{""decision"": ""success"", ""reason"": ""target state is satisfied and no unrelated state changed"", ""residue"": false, ""target_satisfied"": true}","[""{\""decision\"": \""success\"", \""reason\"": \""target state is satisfied and no unrelated state changed\"", \""residue\"": false, \""target_satisfied\"": true}""]",684bae3f4d01,judge-json-v5.1,2026-07-11T14:45:06.359301+00:00,2132.575,api.deepseek.com,0.2,disabled,semantic-state-v2
v4_workflow_03,workflow_micro,deepseek-v4-pro,LLMJudgeRetry,0,final,True,False,success,True,False,False,1.0,False,0,36f3ccab6ec2,"{""decision"": ""success"", ""reason"": ""target state is satisfied and no unrelated state changed"", ""residue"": false, ""target_satisfied"": true}","[""{\""decision\"": \""success\"", \""reason\"": \""target state is satisfied and no unrelated state changed\"", \""residue\"": false, \""target_satisfied\"": true}""]",684bae3f4d01,judge-json-v5.1,2026-07-11T14:45:10.342090+00:00,2527.853,api.deepseek.com,0.2,disabled,semantic-state-v2
v4_workflow_03,workflow_micro,deepseek-v4-pro,LLMJudgeRetry,1,final,True,False,success,True,False,False,1.0,False,0,36f3ccab6ec2,"{""decision"": ""success"", ""reason"": ""target state is satisfied and no unrelated state changed"", ""residue"": false, ""target_satisfied"": true}","[""{\""decision\"": \""success\"", \""reason\"": \""target state is satisfied and no unrelated state changed\"", \""residue\"": false, \""target_satisfied\"": true}""]",684bae3f4d01,judge-json-v5.1,2026-07-11T14:45:10.952909+00:00,1914.187,api.deepseek.com,0.2,disabled,semantic-state-v2
v4_workflow_03,workflow_micro,deepseek-v4-pro,LLMJudgeStep,0,step,False,False,success,True,False,True,1.0,False,0,257e8598186b,"{
  ""decision"": ""success"",
  ""reason"": ""target state is satisfied and no unrelated state changed"",
  ""residue"": false,
  ""target_satisfied"": true
}","[""{\n  \""decision\"": \""success\"",\n  \""reason\"": \""target state is satisfied and no unrelated state changed\"",\n  \""residue\"": false,\n  \""target_satisfied\"": true\n}""]",cac71c3a8ae9,judge-json-v5.1,2026-07-11T14:45:07.276758+00:00,2004.563,api.deepseek.com,0.2,disabled,semantic-state-v2
v4_workflow_03,workflow_micro,deepseek-v4-pro,LLMJudgeStep,1,step,True,False,success,True,False,False,1.0,False,0,36f3ccab6ec2,"{""decision"": ""success"", ""reason"": ""target state is satisfied and no unrelated state changed"", ""residue"": false, ""target_satisfied"": true}","[""{\""decision\"": \""success\"", \""reason\"": \""target state is satisfied and no unrelated state changed\"", \""residue\"": false, \""target_satisfied\"": true}""]",44e4b8a36900,judge-json-v5.1,2026-07-11T14:45:09.075959+00:00,2251.199,api.deepseek.com,0.2,disabled,semantic-state-v2
v4_workflow_04,workflow_micro,deepseek-v4-pro,LLMJudgeFinal,0,final,True,False,success,True,False,False,1.0,False,0,36f3ccab6ec2,"{""decision"": ""success"", ""reason"": ""target state is satisfied and no unrelated state changed"", ""residue"": false, ""target_satisfied"": true}","[""{\""decision\"": \""success\"", \""reason\"": \""target state is satisfied and no unrelated state changed\"", \""residue\"": false, \""target_satisfied\"": true}""]",27bd80743f6d,judge-json-v5.1,2026-07-11T14:45:15.592935+00:00,3231.652,api.deepseek.com,0.2,disabled,semantic-state-v2
v4_workflow_04,workflow_micro,deepseek-v4-pro,LLMJudgeFinal,1,final,True,False,success,True,False,False,1.0,False,0,36f3ccab6ec2,"{""decision"": ""success"", ""reason"": ""target state is satisfied and no unrelated state changed"", ""residue"": false, ""target_satisfied"": true}","[""{\""decision\"": \""success\"", \""reason\"": \""target state is satisfied and no unrelated state changed\"", \""residue\"": false, \""target_satisfied\"": true}""]",27bd80743f6d,judge-json-v5.1,2026-07-11T14:45:16.802490+00:00,1960.688,api.deepseek.com,0.2,disabled,semantic-state-v2
v4_workflow_04,workflow_micro,deepseek-v4-pro,LLMJudgeRetry,0,final,False,False,success,True,False,True,1.0,False,0,36f3ccab6ec2,"{""decision"": ""success"", ""reason"": ""target state is satisfied and no unrelated state changed"", ""residue"": false, ""target_satisfied"": true}","[""{\""decision\"": \""success\"", \""reason\"": \""target state is satisfied and no unrelated state changed\"", \""residue\"": false, \""target_satisfied\"": true}""]",4ac3e37f36fa,judge-json-v5.1,2026-07-11T14:45:20.131005+00:00,2029.852,api.deepseek.com,0.2,disabled,semantic-state-v2
v4_workflow_04,workflow_micro,deepseek-v4-pro,LLMJudgeRetry,1,final,True,False,success,True,False,False,1.0,False,0,36f3ccab6ec2,"{""decision"": ""success"", ""reason"": ""target state is satisfied and no unrelated state changed"", ""residue"": false, ""target_satisfied"": true}","[""{\""decision\"": \""success\"", \""reason\"": \""target state is satisfied and no unrelated state changed\"", \""residue\"": false, \""target_satisfied\"": true}""]",27bd80743f6d,judge-json-v5.1,2026-07-11T14:45:21.074012+00:00,1999.752,api.deepseek.com,0.2,disabled,semantic-state-v2
v4_workflow_04,workflow_micro,deepseek-v4-pro,LLMJudgeStep,0,step,True,False,success,True,False,False,1.0,False,0,36f3ccab6ec2,"{""decision"": ""success"", ""reason"": ""target state is satisfied and no unrelated state changed"", ""residue"": false, ""target_satisfied"": true}","[""{\""decision\"": \""success\"", \""reason\"": \""target state is satisfied and no unrelated state changed\"", \""residue\"": false, \""target_satisfied\"": true}""]",e3d3ddd1284e,judge-json-v5.1,2026-07-11T14:45:16.620579+00:00,1728.339,api.deepseek.com,0.2,disabled,semantic-state-v2
v4_workflow_04,workflow_micro,deepseek-v4-pro,LLMJudgeStep,1,step,True,False,success,True,False,False,1.0,False,0,36f3ccab6ec2,"{""decision"": ""success"", ""reason"": ""target state is satisfied and no unrelated state changed"", ""residue"": false, ""target_satisfied"": true}","[""{\""decision\"": \""success\"", \""reason\"": \""target state is satisfied and no unrelated state changed\"", \""residue\"": false, \""target_satisfied\"": true}""]",e3d3ddd1284e,judge-json-v5.1,2026-07-11T14:45:18.188449+00:00,2328.855,api.deepseek.com,0.2,disabled,semantic-state-v2
v4_workflow_05,workflow_micro,deepseek-v4-pro,LLMJudgeFinal,0,final,True,False,success,True,False,False,1.0,False,0,36f3ccab6ec2,"{""decision"": ""success"", ""reason"": ""target state is satisfied and no unrelated state changed"", ""residue"": false, ""target_satisfied"": true}","[""{\""decision\"": \""success\"", \""reason\"": \""target state is satisfied and no unrelated state changed\"", \""residue\"": false, \""target_satisfied\"": true}""]",239c7a9a9cb3,judge-json-v5.1,2026-07-11T14:45:25.623390+00:00,2161.120,api.deepseek.com,0.2,disabled,semantic-state-v2
v4_workflow_05,workflow_micro,deepseek-v4-pro,LLMJudgeFinal,1,final,False,False,success,True,False,True,1.0,False,0,36f3ccab6ec2,"{""decision"": ""success"", ""reason"": ""target state is satisfied and no unrelated state changed"", ""residue"": false, ""target_satisfied"": true}","[""{\""decision\"": \""success\"", \""reason\"": \""target state is satisfied and no unrelated state changed\"", \""residue\"": false, \""target_satisfied\"": true}""]",d452ca060ce2,judge-json-v5.1,2026-07-11T14:45:25.491345+00:00,1821.559,api.deepseek.com,0.2,disabled,semantic-state-v2
v4_workflow_05,workflow_micro,deepseek-v4-pro,LLMJudgeRetry,0,final,True,False,success,True,False,False,1.0,False,0,36f3ccab6ec2,"{""decision"": ""success"", ""reason"": ""target state is satisfied and no unrelated state changed"", ""residue"": false, ""target_satisfied"": true}","[""{\""decision\"": \""success\"", \""reason\"": \""target state is satisfied and no unrelated state changed\"", \""residue\"": false, \""target_satisfied\"": true}""]",239c7a9a9cb3,judge-json-v5.1,2026-07-11T14:45:29.598412+00:00,1903.418,api.deepseek.com,0.2,disabled,semantic-state-v2
v4_workflow_05,workflow_micro,deepseek-v4-pro,LLMJudgeRetry,1,final,True,False,success,True,False,False,1.0,False,0,36f3ccab6ec2,"{""decision"": ""success"", ""reason"": ""target state is satisfied and no unrelated state changed"", ""residue"": false, ""target_satisfied"": true}","[""{\""decision\"": \""success\"", \""reason\"": \""target state is satisfied and no unrelated state changed\"", \""residue\"": false, \""target_satisfied\"": true}""]",239c7a9a9cb3,judge-json-v5.1,2026-07-11T14:45:29.784785+00:00,2023.774,api.deepseek.com,0.2,disabled,semantic-state-v2
v4_workflow_05,workflow_micro,deepseek-v4-pro,LLMJudgeStep,0,step,True,False,success,True,False,False,1.0,False,0,36f3ccab6ec2,"{""decision"": ""success"", ""reason"": ""target state is satisfied and no unrelated state changed"", ""residue"": false, ""target_satisfied"": true}","[""{\""decision\"": \""success\"", \""reason\"": \""target state is satisfied and no unrelated state changed\"", \""residue\"": false, \""target_satisfied\"": true}""]",45077805ce68,judge-json-v5.1,2026-07-11T14:45:27.179491+00:00,2255.864,api.deepseek.com,0.2,disabled,semantic-state-v2
v4_workflow_05,workflow_micro,deepseek-v4-pro,LLMJudgeStep,1,step,True,False,success,True,False,False,1.0,False,0,36f3ccab6ec2,"{""decision"": ""success"", ""reason"": ""target state is satisfied and no unrelated state changed"", ""residue"": false, ""target_satisfied"": true}","[""{\""decision\"": \""success\"", \""reason\"": \""target state is satisfied and no unrelated state changed\"", \""residue\"": false, \""target_satisfied\"": true}""]",45077805ce68,judge-json-v5.1,2026-07-11T14:45:27.190356+00:00,2112.083,api.deepseek.com,0.2,disabled,semantic-state-v2
