paraphrase_id,task_id,domain,model_alias,model_identifier,thinking_mode,linguistic_phenomenon,base_instruction,instruction,ai_target_object,ai_target_field,ai_expected_state,ai_forbidden_effects_json,ai_paraphrase_preserves_meaning,ai_notes,annotation_valid,raw_response,raw_response_hash,token_cost,invalid_attempts,endpoint_error,prompt_hash,prompt_version,request_started_utc,latency_ms
pc_v4_00_p1,pc_v4_00,file,Model-A,deepseek-v4-flash,disabled,pronoun_coreference,Set reports/draft_0.txt's content to approved_0; preserve every unrelated object and field.,"Open reports/draft_0.txt. Change its content so that it reads approved_0, and leave everything else untouched.",reports/draft_0.txt,content,approved_0,"[""any change to other files"", ""any change to other fields of reports/draft_0.txt""]",1,"The paraphrase uses 'its' to refer to the file, which is a pronoun coreference. The meaning is preserved.",1,"{
  ""target_object"": ""reports/draft_0.txt"",
  ""target_field"": ""content"",
  ""expected_state"": ""approved_0"",
  ""forbidden_effects"": [""any change to other files"", ""any change to other fields of reports/draft_0.txt""],
  ""paraphrase_preserves_meaning"": true,
  ""notes"": ""The paraphrase uses 'its' to refer to the file, which is a pronoun coreference. The meaning is preserved.""
}",2cc154dc1d81,290,0,,a4f8190f524d,ai-preannotation-json-v1,2026-07-11T17:01:37.402060+00:00,2463.788
pc_v4_00_p2,pc_v4_00,file,Model-A,deepseek-v4-flash,disabled,conditional_negative_constraint,Set reports/draft_0.txt's content to approved_0; preserve every unrelated object and field.,"If reports/draft_0.txt is present, set content to approved_0. Do not alter any other object or field.",reports/draft_0.txt,content,approved_0,"[""any change to other objects"", ""any change to other fields""]",1,"The paraphrase adds a condition 'if present' which is not in the base instruction, but the base instruction implicitly assumes the file exists. The core action and constraints are preserved.",1,"{
  ""target_object"": ""reports/draft_0.txt"",
  ""target_field"": ""content"",
  ""expected_state"": ""approved_0"",
  ""forbidden_effects"": [""any change to other objects"", ""any change to other fields""],
  ""paraphrase_preserves_meaning"": true,
  ""notes"": ""The paraphrase adds a condition 'if present' which is not in the base instruction, but the base instruction implicitly assumes the file exists. The core action and constraints are preserved.""
}",4e91b5b33f4f,295,0,,94210ea3a194,ai-preannotation-json-v1,2026-07-11T17:01:37.466419+00:00,2505.782
pc_v4_00_p3,pc_v4_00,file,Model-A,deepseek-v4-flash,disabled,ellipsis_multi_object_preservation,Set reports/draft_0.txt's content to approved_0; preserve every unrelated object and field.,"For reports/draft_0.txt: content -> approved_0; reports/reference_00.txt and reports/archive_00.txt, unchanged.",reports/draft_0.txt,content,approved_0,"[""reports/reference_00.txt"", ""reports/archive_00.txt""]",1,"The paraphrase explicitly preserves two other files, matching the base instruction's preservation requirement.",1,"{
  ""target_object"": ""reports/draft_0.txt"",
  ""target_field"": ""content"",
  ""expected_state"": ""approved_0"",
  ""forbidden_effects"": [""reports/reference_00.txt"", ""reports/archive_00.txt""],
  ""paraphrase_preserves_meaning"": true,
  ""notes"": ""The paraphrase explicitly preserves two other files, matching the base instruction's preservation requirement.""
}",ba1d39794e3b,288,0,,057d084b3fb5,ai-preannotation-json-v1,2026-07-11T17:01:37.914049+00:00,2288.049
pc_v4_01_p1,pc_v4_01,web_form,Model-A,deepseek-v4-flash,disabled,pronoun_coreference,Set r01's status to approved; preserve every unrelated object and field.,"Open r01. Change its status so that it reads approved, and leave everything else untouched.",r01,status,approved,"[""r01.*"", ""*.*""]",1,"The paraphrase uses 'its' to refer to r01, preserving coreference. 'Leave everything else untouched' matches 'preserve every unrelated object and field'.",1,"{
  ""target_object"": ""r01"",
  ""target_field"": ""status"",
  ""expected_state"": ""approved"",
  ""forbidden_effects"": [""r01.*"", ""*.*""],
  ""paraphrase_preserves_meaning"": true,
  ""notes"": ""The paraphrase uses 'its' to refer to r01, preserving coreference. 'Leave everything else untouched' matches 'preserve every unrelated object and field'.""
}",89973cffdb1b,268,0,,91083b2848ba,ai-preannotation-json-v1,2026-07-11T17:01:39.866051+00:00,2094.997
pc_v4_01_p2,pc_v4_01,web_form,Model-A,deepseek-v4-flash,disabled,conditional_negative_constraint,Set r01's status to approved; preserve every unrelated object and field.,"If r01 is present, set status to approved. Do not alter any other object or field.",r01,status,approved,"[""alter any other object or field""]",1,"The paraphrase adds a condition 'if r01 is present' which is implicit in the base instruction, but does not change the core meaning.",1,"{
  ""target_object"": ""r01"",
  ""target_field"": ""status"",
  ""expected_state"": ""approved"",
  ""forbidden_effects"": [""alter any other object or field""],
  ""paraphrase_preserves_meaning"": true,
  ""notes"": ""The paraphrase adds a condition 'if r01 is present' which is implicit in the base instruction, but does not change the core meaning.""
}",15ac40b4221b,264,0,,c1ea1583de5b,ai-preannotation-json-v1,2026-07-11T17:01:39.972334+00:00,2369.837
pc_v4_01_p3,pc_v4_01,web_form,Model-A,deepseek-v4-flash,disabled,ellipsis_multi_object_preservation,Set r01's status to approved; preserve every unrelated object and field.,"For r01: status -> approved; peer_record_01_a and peer_record_01_b, unchanged.",r01,status,approved,"[""peer_record_01_a"", ""peer_record_01_b""]",1,"The paraphrase explicitly preserves two other objects, matching the base instruction's preservation requirement.",1,"{
  ""target_object"": ""r01"",
  ""target_field"": ""status"",
  ""expected_state"": ""approved"",
  ""forbidden_effects"": [""peer_record_01_a"", ""peer_record_01_b""],
  ""paraphrase_preserves_meaning"": true,
  ""notes"": ""The paraphrase explicitly preserves two other objects, matching the base instruction's preservation requirement.""
}",225b9a788b26,264,0,,cdf18ff70d1a,ai-preannotation-json-v1,2026-07-11T17:01:40.202321+00:00,2099.857
pc_v4_02_p1,pc_v4_02,table,Model-A,deepseek-v4-flash,disabled,pronoun_coreference,Set row02's score to 82; preserve every unrelated object and field.,"Open row02. Change its score so that it reads 82, and leave everything else untouched.",row02,score,82,"[""any change to objects other than row02"", ""any change to fields other than score in row02""]",1,"The paraphrase uses 'its' to refer to row02, preserving the coreference and meaning.",1,"{
  ""target_object"": ""row02"",
  ""target_field"": ""score"",
  ""expected_state"": 82,
  ""forbidden_effects"": [""any change to objects other than row02"", ""any change to fields other than score in row02""],
  ""paraphrase_preserves_meaning"": true,
  ""notes"": ""The paraphrase uses 'its' to refer to row02, preserving the coreference and meaning.""
}",4cdcef695d43,269,0,,1075479d9f8e,ai-preannotation-json-v1,2026-07-11T17:01:40.204307+00:00,2285.880
pc_v4_02_p2,pc_v4_02,table,Model-A,deepseek-v4-flash,disabled,conditional_negative_constraint,Set row02's score to 82; preserve every unrelated object and field.,"If row02 is present, set score to 82. Do not alter any other object or field.",row02,score,82,"[""alter any other object or field""]",1,"The paraphrase adds a conditional 'if row02 is present', which is implicit in the base instruction. The negative constraint 'do not alter any other object or field' matches the base instruction's 'preserve every unrelated object and field'.",1,"{
  ""target_object"": ""row02"",
  ""target_field"": ""score"",
  ""expected_state"": 82,
  ""forbidden_effects"": [""alter any other object or field""],
  ""paraphrase_preserves_meaning"": true,
  ""notes"": ""The paraphrase adds a conditional 'if row02 is present', which is implicit in the base instruction. The negative constraint 'do not alter any other object or field' matches the base instruction's 'preserve every unrelated object and field'.""
}",48cc92ef0f52,285,0,,bc34e295f05e,ai-preannotation-json-v1,2026-07-11T17:01:41.961269+00:00,2370.647
pc_v4_02_p3,pc_v4_02,table,Model-A,deepseek-v4-flash,disabled,ellipsis_multi_object_preservation,Set row02's score to 82; preserve every unrelated object and field.,"For row02: score -> 82; peer_row_02_a and peer_row_02_b, unchanged.",row02,score,82,"[""peer_row_02_a"", ""peer_row_02_b""]",1,"The paraphrase explicitly states that peer_row_02_a and peer_row_02_b remain unchanged, matching the base instruction's preservation requirement.",1,"{
  ""target_object"": ""row02"",
  ""target_field"": ""score"",
  ""expected_state"": 82,
  ""forbidden_effects"": [""peer_row_02_a"", ""peer_row_02_b""],
  ""paraphrase_preserves_meaning"": true,
  ""notes"": ""The paraphrase explicitly states that peer_row_02_a and peer_row_02_b remain unchanged, matching the base instruction's preservation requirement.""
}",a75cea8167a4,276,0,,b8e4135b6aa3,ai-preannotation-json-v1,2026-07-11T17:01:42.302406+00:00,3504.485
pc_v4_03_p1,pc_v4_03,workflow_micro,Model-A,deepseek-v4-flash,disabled,pronoun_coreference,Set step03's note to checked_3; preserve every unrelated object and field.,"Open step03. Change its note so that it reads checked_3, and leave everything else untouched.",step03,note,checked_3,"[""step01"", ""step02"", ""step04"", ""step05"", ""step06"", ""step07"", ""step08"", ""step09"", ""step10""]",1,"The paraphrase uses 'its' to refer to step03, preserving the coreference.",1,"{
  ""target_object"": ""step03"",
  ""target_field"": ""note"",
  ""expected_state"": ""checked_3"",
  ""forbidden_effects"": [""step01"", ""step02"", ""step04"", ""step05"", ""step06"", ""step07"", ""step08"", ""step09"", ""step10""],
  ""paraphrase_preserves_meaning"": true,
  ""notes"": ""The paraphrase uses 'its' to refer to step03, preserving the coreference.""
}",c4f35d687fc5,288,0,,684d2767e6d3,ai-preannotation-json-v1,2026-07-11T17:01:42.342390+00:00,2106.508
pc_v4_03_p2,pc_v4_03,workflow_micro,Model-A,deepseek-v4-flash,disabled,conditional_negative_constraint,Set step03's note to checked_3; preserve every unrelated object and field.,"If step03 is present, set note to checked_3. Do not alter any other object or field.",step03,note,checked_3,"[""any change to objects other than step03"", ""any change to fields other than note in step03""]",1,"The paraphrase adds a conditional 'if step03 is present', which is implicit in the base instruction. The negative constraint 'do not alter any other object or field' matches the base instruction's 'preserve every unrelated object and field'.",1,"{
  ""target_object"": ""step03"",
  ""target_field"": ""note"",
  ""expected_state"": ""checked_3"",
  ""forbidden_effects"": [""any change to objects other than step03"", ""any change to fields other than note in step03""],
  ""paraphrase_preserves_meaning"": true,
  ""notes"": ""The paraphrase adds a conditional 'if step03 is present', which is implicit in the base instruction. The negative constraint 'do not alter any other object or field' matches the base instruction's 'preserve every unrelated object and field'.""
}",4fae5b457458,306,0,,a3552598a5be,ai-preannotation-json-v1,2026-07-11T17:01:42.490417+00:00,2259.080
pc_v4_03_p3,pc_v4_03,workflow_micro,Model-A,deepseek-v4-flash,disabled,ellipsis_multi_object_preservation,Set step03's note to checked_3; preserve every unrelated object and field.,"For step03: note -> checked_3; peer_step_03_a and peer_step_03_b, unchanged.",step03,note,checked_3,"[""peer_step_03_a"", ""peer_step_03_b""]",1,"The paraphrase uses an arrow and a semicolon to indicate the update and preservation, which is clear and preserves the original meaning.",1,"{
    ""target_object"": ""step03"",
    ""target_field"": ""note"",
    ""expected_state"": ""checked_3"",
    ""forbidden_effects"": [""peer_step_03_a"", ""peer_step_03_b""],
    ""paraphrase_preserves_meaning"": true,
    ""notes"": ""The paraphrase uses an arrow and a semicolon to indicate the update and preservation, which is clear and preserves the original meaning.""
}",4a8d6258dddf,282,0,,293397ff3655,ai-preannotation-json-v1,2026-07-11T17:01:44.332043+00:00,2253.859
pc_v4_04_p1,pc_v4_04,file,Model-A,deepseek-v4-flash,disabled,pronoun_coreference,Set reports/draft_4.txt's content to approved_4; preserve every unrelated object and field.,"Open reports/draft_4.txt. Change its content so that it reads approved_4, and leave everything else untouched.",reports/draft_4.txt,content,approved_4,[],1,"The paraphrase uses 'its' to refer to the file, preserving the coreference and meaning.",1,"{
  ""target_object"": ""reports/draft_4.txt"",
  ""target_field"": ""content"",
  ""expected_state"": ""approved_4"",
  ""forbidden_effects"": [],
  ""paraphrase_preserves_meaning"": true,
  ""notes"": ""The paraphrase uses 'its' to refer to the file, preserving the coreference and meaning.""
}",461bd29f92a6,265,0,,a791a1e96a9a,ai-preannotation-json-v1,2026-07-11T17:01:44.449056+00:00,2288.546
pc_v4_04_p2,pc_v4_04,file,Model-A,deepseek-v4-flash,disabled,conditional_negative_constraint,Set reports/draft_4.txt's content to approved_4; preserve every unrelated object and field.,"If reports/draft_4.txt is present, set content to approved_4. Do not alter any other object or field.",reports/draft_4.txt,content,approved_4,"[""any change to other objects"", ""any change to other fields""]",1,"The paraphrase adds a condition ('if present') not in the base instruction, but the core action and constraint are preserved.",1,"{
  ""target_object"": ""reports/draft_4.txt"",
  ""target_field"": ""content"",
  ""expected_state"": ""approved_4"",
  ""forbidden_effects"": [""any change to other objects"", ""any change to other fields""],
  ""paraphrase_preserves_meaning"": true,
  ""notes"": ""The paraphrase adds a condition ('if present') not in the base instruction, but the core action and constraint are preserved.""
}",cfcd32ea0837,284,0,,7138c4df532c,ai-preannotation-json-v1,2026-07-11T17:01:44.749827+00:00,2512.345
pc_v4_04_p3,pc_v4_04,file,Model-A,deepseek-v4-flash,disabled,ellipsis_multi_object_preservation,Set reports/draft_4.txt's content to approved_4; preserve every unrelated object and field.,"For reports/draft_4.txt: content -> approved_4; reports/reference_04.txt and reports/archive_04.txt, unchanged.",reports/draft_4.txt,content,approved_4,"[""reports/reference_04.txt"", ""reports/archive_04.txt""]",1,"The paraphrase explicitly preserves two other objects, matching the base instruction's preservation requirement.",1,"{
  ""target_object"": ""reports/draft_4.txt"",
  ""target_field"": ""content"",
  ""expected_state"": ""approved_4"",
  ""forbidden_effects"": [""reports/reference_04.txt"", ""reports/archive_04.txt""],
  ""paraphrase_preserves_meaning"": true,
  ""notes"": ""The paraphrase explicitly preserves two other objects, matching the base instruction's preservation requirement.""
}",86633d758f13,288,0,,4b326e2c31ef,ai-preannotation-json-v1,2026-07-11T17:01:45.807115+00:00,2194.201
pc_v4_05_p1,pc_v4_05,web_form,Model-A,deepseek-v4-flash,disabled,pronoun_coreference,Set r05's status to approved; preserve every unrelated object and field.,"Open r05. Change its status so that it reads approved, and leave everything else untouched.",r05,status,approved,"[""modify any other field of r05"", ""modify any other object""]",1,"The paraphrase uses 'its' to refer to r05, preserving the coreference. 'Leave everything else untouched' matches 'preserve every unrelated object and field.'",1,"{
  ""target_object"": ""r05"",
  ""target_field"": ""status"",
  ""expected_state"": ""approved"",
  ""forbidden_effects"": [""modify any other field of r05"", ""modify any other object""],
  ""paraphrase_preserves_meaning"": true,
  ""notes"": ""The paraphrase uses 'its' to refer to r05, preserving the coreference. 'Leave everything else untouched' matches 'preserve every unrelated object and field.'""
}",73cdf21b463e,278,0,,019dff8b1c18,ai-preannotation-json-v1,2026-07-11T17:01:46.586090+00:00,2291.399
pc_v4_05_p2,pc_v4_05,web_form,Model-A,deepseek-v4-flash,disabled,conditional_negative_constraint,Set r05's status to approved; preserve every unrelated object and field.,"If r05 is present, set status to approved. Do not alter any other object or field.",r05,status,approved,"[""alter any other object or field""]",1,"The paraphrase adds a conditional 'if r05 is present', which is a slight nuance but does not change the core instruction. The negative constraint is preserved.",1,"{
  ""target_object"": ""r05"",
  ""target_field"": ""status"",
  ""expected_state"": ""approved"",
  ""forbidden_effects"": [""alter any other object or field""],
  ""paraphrase_preserves_meaning"": true,
  ""notes"": ""The paraphrase adds a conditional 'if r05 is present', which is a slight nuance but does not change the core instruction. The negative constraint is preserved.""
}",459abf51917b,267,0,,f9dff01b7d6b,ai-preannotation-json-v1,2026-07-11T17:01:46.737801+00:00,2323.954
pc_v4_05_p3,pc_v4_05,web_form,Model-A,deepseek-v4-flash,disabled,ellipsis_multi_object_preservation,Set r05's status to approved; preserve every unrelated object and field.,"For r05: status -> approved; peer_record_05_a and peer_record_05_b, unchanged.",r05,status,approved,"[""peer_record_05_a"", ""peer_record_05_b""]",1,"The paraphrase uses a colon and arrow notation to specify the update, and explicitly lists two objects that must remain unchanged, matching the base instruction's preservation requirement.",1,"{
  ""target_object"": ""r05"",
  ""target_field"": ""status"",
  ""expected_state"": ""approved"",
  ""forbidden_effects"": [""peer_record_05_a"", ""peer_record_05_b""],
  ""paraphrase_preserves_meaning"": true,
  ""notes"": ""The paraphrase uses a colon and arrow notation to specify the update, and explicitly lists two objects that must remain unchanged, matching the base instruction's preservation requirement.""
}",55b27dcdcf8f,279,0,,3052e73909a8,ai-preannotation-json-v1,2026-07-11T17:01:47.262383+00:00,2454.906
pc_v4_06_p1,pc_v4_06,table,Model-A,deepseek-v4-flash,disabled,pronoun_coreference,Set row06's score to 86; preserve every unrelated object and field.,"Open row06. Change its score so that it reads 86, and leave everything else untouched.",row06,score,86,[],1,"The paraphrase uses 'its' to refer to row06, maintaining coreference and preserving the original instruction's meaning.",1,"{
  ""target_object"": ""row06"",
  ""target_field"": ""score"",
  ""expected_state"": 86,
  ""forbidden_effects"": [],
  ""paraphrase_preserves_meaning"": true,
  ""notes"": ""The paraphrase uses 'its' to refer to row06, maintaining coreference and preserving the original instruction's meaning.""
}",626e957edd60,252,0,,a6bd97028e3f,ai-preannotation-json-v1,2026-07-11T17:01:48.001536+00:00,2088.935
pc_v4_06_p2,pc_v4_06,table,Model-A,deepseek-v4-flash,disabled,conditional_negative_constraint,Set row06's score to 86; preserve every unrelated object and field.,"If row06 is present, set score to 86. Do not alter any other object or field.",row06,score,86,"[""modify any other object"", ""modify any other field""]",1,"The paraphrase adds a conditional 'if row06 is present', which is implicit in the base instruction. The constraint 'preserve every unrelated object and field' is rephrased as 'Do not alter any other object or field.' The meaning is preserved.",1,"{
  ""target_object"": ""row06"",
  ""target_field"": ""score"",
  ""expected_state"": 86,
  ""forbidden_effects"": [""modify any other object"", ""modify any other field""],
  ""paraphrase_preserves_meaning"": true,
  ""notes"": ""The paraphrase adds a conditional 'if row06 is present', which is implicit in the base instruction. The constraint 'preserve every unrelated object and field' is rephrased as 'Do not alter any other object or field.' The meaning is preserved.""
}",497141fc7db7,295,0,,a1c704bcb738,ai-preannotation-json-v1,2026-07-11T17:01:48.877696+00:00,2196.251
pc_v4_06_p3,pc_v4_06,table,Model-A,deepseek-v4-flash,disabled,ellipsis_multi_object_preservation,Set row06's score to 86; preserve every unrelated object and field.,"For row06: score -> 86; peer_row_06_a and peer_row_06_b, unchanged.",row06,score,86,"[""peer_row_06_a"", ""peer_row_06_b""]",1,"The paraphrase explicitly preserves peer_row_06_a and peer_row_06_b, matching the base instruction's preservation of unrelated objects.",1,"{
  ""target_object"": ""row06"",
  ""target_field"": ""score"",
  ""expected_state"": 86,
  ""forbidden_effects"": [""peer_row_06_a"", ""peer_row_06_b""],
  ""paraphrase_preserves_meaning"": true,
  ""notes"": ""The paraphrase explicitly preserves peer_row_06_a and peer_row_06_b, matching the base instruction's preservation of unrelated objects.""
}",8c96aa7790fe,275,0,,8c097e06d668,ai-preannotation-json-v1,2026-07-11T17:01:49.061971+00:00,2007.055
pc_v4_07_p1,pc_v4_07,workflow_micro,Model-A,deepseek-v4-flash,disabled,pronoun_coreference,Set step07's note to checked_7; preserve every unrelated object and field.,"Open step07. Change its note so that it reads checked_7, and leave everything else untouched.",step07,note,checked_7,[],1,"The paraphrase uses 'its' to refer to step07, maintaining coreference. It specifies changing the note to 'checked_7' and leaving everything else untouched, which matches the base instruction.",1,"{
  ""target_object"": ""step07"",
  ""target_field"": ""note"",
  ""expected_state"": ""checked_7"",
  ""forbidden_effects"": [],
  ""paraphrase_preserves_meaning"": true,
  ""notes"": ""The paraphrase uses 'its' to refer to step07, maintaining coreference. It specifies changing the note to 'checked_7' and leaving everything else untouched, which matches the base instruction.""
}",34bcd70ca43b,275,0,,5f06ff16d299,ai-preannotation-json-v1,2026-07-11T17:01:49.717567+00:00,2087.487
pc_v4_07_p2,pc_v4_07,workflow_micro,Model-A,deepseek-v4-flash,disabled,conditional_negative_constraint,Set step07's note to checked_7; preserve every unrelated object and field.,"If step07 is present, set note to checked_7. Do not alter any other object or field.",step07,note,checked_7,"[""any change to other objects"", ""any change to other fields of step07""]",1,"The paraphrase adds a condition 'If step07 is present' which is implicit in the base instruction, but does not change the core meaning.",1,"{
  ""target_object"": ""step07"",
  ""target_field"": ""note"",
  ""expected_state"": ""checked_7"",
  ""forbidden_effects"": [""any change to other objects"", ""any change to other fields of step07""],
  ""paraphrase_preserves_meaning"": true,
  ""notes"": ""The paraphrase adds a condition 'If step07 is present' which is implicit in the base instruction, but does not change the core meaning.""
}",ef20554cb034,281,0,,b887d3336e0d,ai-preannotation-json-v1,2026-07-11T17:01:50.090679+00:00,2059.269
pc_v4_07_p3,pc_v4_07,workflow_micro,Model-A,deepseek-v4-flash,disabled,ellipsis_multi_object_preservation,Set step07's note to checked_7; preserve every unrelated object and field.,"For step07: note -> checked_7; peer_step_07_a and peer_step_07_b, unchanged.",step07,note,checked_7,"[""peer_step_07_a"", ""peer_step_07_b""]",1,"The paraphrase uses ellipsis to indicate that peer_step_07_a and peer_step_07_b remain unchanged, preserving the base instruction's intent.",1,"{
    ""target_object"": ""step07"",
    ""target_field"": ""note"",
    ""expected_state"": ""checked_7"",
    ""forbidden_effects"": [""peer_step_07_a"", ""peer_step_07_b""],
    ""paraphrase_preserves_meaning"": true,
    ""notes"": ""The paraphrase uses ellipsis to indicate that peer_step_07_a and peer_step_07_b remain unchanged, preserving the base instruction's intent.""
}",6e29613e6706,286,0,,ae27dd269e2e,ai-preannotation-json-v1,2026-07-11T17:01:51.069317+00:00,2064.073
pc_v4_08_p1,pc_v4_08,file,Model-A,deepseek-v4-flash,disabled,pronoun_coreference,Set reports/draft_8.txt's content to approved_8; preserve every unrelated object and field.,"Open reports/draft_8.txt. Change its content so that it reads approved_8, and leave everything else untouched.",reports/draft_8.txt,content,approved_8,"[""any change to other files"", ""any change to other fields of reports/draft_8.txt""]",1,"The paraphrase uses 'its' to refer to the file, preserving coreference.",1,"{
  ""target_object"": ""reports/draft_8.txt"",
  ""target_field"": ""content"",
  ""expected_state"": ""approved_8"",
  ""forbidden_effects"": [""any change to other files"", ""any change to other fields of reports/draft_8.txt""],
  ""paraphrase_preserves_meaning"": true,
  ""notes"": ""The paraphrase uses 'its' to refer to the file, preserving coreference.""
}",57f957426c5b,282,0,,0d139c89e3f5,ai-preannotation-json-v1,2026-07-11T17:01:51.074156+00:00,1932.983
pc_v4_08_p2,pc_v4_08,file,Model-A,deepseek-v4-flash,disabled,conditional_negative_constraint,Set reports/draft_8.txt's content to approved_8; preserve every unrelated object and field.,"If reports/draft_8.txt is present, set content to approved_8. Do not alter any other object or field.",reports/draft_8.txt,content,approved_8,"[""any change to other objects or fields""]",1,"The paraphrase adds a condition ('if present') not in the base instruction, but the core action and constraint are preserved.",1,"{
  ""target_object"": ""reports/draft_8.txt"",
  ""target_field"": ""content"",
  ""expected_state"": ""approved_8"",
  ""forbidden_effects"": [""any change to other objects or fields""],
  ""paraphrase_preserves_meaning"": true,
  ""notes"": ""The paraphrase adds a condition ('if present') not in the base instruction, but the core action and constraint are preserved.""
}",c40332a92ada,279,0,,09cd4e3ab7ba,ai-preannotation-json-v1,2026-07-11T17:01:51.805293+00:00,2485.475
pc_v4_08_p3,pc_v4_08,file,Model-A,deepseek-v4-flash,disabled,ellipsis_multi_object_preservation,Set reports/draft_8.txt's content to approved_8; preserve every unrelated object and field.,"For reports/draft_8.txt: content -> approved_8; reports/reference_08.txt and reports/archive_08.txt, unchanged.",reports/draft_8.txt,content,approved_8,"[""reports/reference_08.txt"", ""reports/archive_08.txt""]",1,The paraphrase uses an arrow notation to indicate the field update and explicitly lists other objects that must remain unchanged.,1,"{
  ""target_object"": ""reports/draft_8.txt"",
  ""target_field"": ""content"",
  ""expected_state"": ""approved_8"",
  ""forbidden_effects"": [""reports/reference_08.txt"", ""reports/archive_08.txt""],
  ""paraphrase_preserves_meaning"": true,
  ""notes"": ""The paraphrase uses an arrow notation to indicate the field update and explicitly lists other objects that must remain unchanged.""
}",470463f40bc5,293,0,,1de90fccbc8a,ai-preannotation-json-v1,2026-07-11T17:01:52.150169+00:00,2072.690
pc_v4_09_p1,pc_v4_09,web_form,Model-A,deepseek-v4-flash,disabled,pronoun_coreference,Set r09's name to Alice_9; preserve every unrelated object and field.,"Open r09. Change its name so that it reads Alice_9, and leave everything else untouched.",r09,name,Alice_9,[],1,"The paraphrase uses 'its' to refer to r09, preserving coreference.",1,"{
  ""target_object"": ""r09"",
  ""target_field"": ""name"",
  ""expected_state"": ""Alice_9"",
  ""forbidden_effects"": [],
  ""paraphrase_preserves_meaning"": true,
  ""notes"": ""The paraphrase uses 'its' to refer to r09, preserving coreference.""
}",fd5ff5cbc217,250,0,,711feafb78ee,ai-preannotation-json-v1,2026-07-11T17:01:53.007343+00:00,2222.625
pc_v4_09_p2,pc_v4_09,web_form,Model-A,deepseek-v4-flash,disabled,conditional_negative_constraint,Set r09's name to Alice_9; preserve every unrelated object and field.,"If r09 is present, set name to Alice_9. Do not alter any other object or field.",r09,name,Alice_9,[],1,"The paraphrase adds a condition 'if r09 is present', which is implicit in the base instruction. The constraint 'preserve every unrelated object and field' is preserved as 'Do not alter any other object or field'.",1,"{
  ""target_object"": ""r09"",
  ""target_field"": ""name"",
  ""expected_state"": ""Alice_9"",
  ""forbidden_effects"": [],
  ""paraphrase_preserves_meaning"": true,
  ""notes"": ""The paraphrase adds a condition 'if r09 is present', which is implicit in the base instruction. The constraint 'preserve every unrelated object and field' is preserved as 'Do not alter any other object or field'.""
}",ac7a4246a46a,280,0,,adf54c74155b,ai-preannotation-json-v1,2026-07-11T17:01:53.133604+00:00,2273.161
pc_v4_09_p3,pc_v4_09,web_form,Model-A,deepseek-v4-flash,disabled,ellipsis_multi_object_preservation,Set r09's name to Alice_9; preserve every unrelated object and field.,"For r09: name -> Alice_9; peer_record_09_a and peer_record_09_b, unchanged.",r09,name,Alice_9,"[""peer_record_09_a"", ""peer_record_09_b""]",1,"The paraphrase uses arrow notation and lists objects to preserve, matching the base instruction.",1,"{
    ""target_object"": ""r09"",
    ""target_field"": ""name"",
    ""expected_state"": ""Alice_9"",
    ""forbidden_effects"": [""peer_record_09_a"", ""peer_record_09_b""],
    ""paraphrase_preserves_meaning"": true,
    ""notes"": ""The paraphrase uses arrow notation and lists objects to preserve, matching the base instruction.""
}",e3c499b87ec4,270,0,,fd467faa36ff,ai-preannotation-json-v1,2026-07-11T17:01:54.223083+00:00,2383.343
pc_v4_10_p1,pc_v4_10,table,Model-A,deepseek-v4-flash,disabled,pronoun_coreference,Set row10's score to 80; preserve every unrelated object and field.,"Open row10. Change its score so that it reads 80, and leave everything else untouched.",row10,score,80,"[""any change to other rows"", ""any change to other fields of row10""]",1,"The paraphrase uses 'its' to refer to row10, maintaining coreference. 'Leave everything else untouched' matches 'preserve every unrelated object and field'.",1,"{
  ""target_object"": ""row10"",
  ""target_field"": ""score"",
  ""expected_state"": 80,
  ""forbidden_effects"": [""any change to other rows"", ""any change to other fields of row10""],
  ""paraphrase_preserves_meaning"": true,
  ""notes"": ""The paraphrase uses 'its' to refer to row10, maintaining coreference. 'Leave everything else untouched' matches 'preserve every unrelated object and field'.""
}",594f6d3f92f0,278,0,,a1c1f0b60ab8,ai-preannotation-json-v1,2026-07-11T17:01:54.291034+00:00,2519.423
pc_v4_10_p2,pc_v4_10,table,Model-A,deepseek-v4-flash,disabled,conditional_negative_constraint,Set row10's score to 80; preserve every unrelated object and field.,"If row10 is present, set score to 80. Do not alter any other object or field.",row10,score,80,"[""alter any other object or field""]",1,"The paraphrase adds a conditional 'if row10 is present', which is implicit in the base instruction. The negative constraint 'do not alter any other object or field' matches the base instruction's 'preserve every unrelated object and field'.",1,"{
  ""target_object"": ""row10"",
  ""target_field"": ""score"",
  ""expected_state"": 80,
  ""forbidden_effects"": [""alter any other object or field""],
  ""paraphrase_preserves_meaning"": true,
  ""notes"": ""The paraphrase adds a conditional 'if row10 is present', which is implicit in the base instruction. The negative constraint 'do not alter any other object or field' matches the base instruction's 'preserve every unrelated object and field'.""
}",cd6d716fe26d,285,0,,c06bfabc7a24,ai-preannotation-json-v1,2026-07-11T17:01:55.230169+00:00,2603.584
pc_v4_10_p3,pc_v4_10,table,Model-A,deepseek-v4-flash,disabled,ellipsis_multi_object_preservation,Set row10's score to 80; preserve every unrelated object and field.,"For row10: score -> 80; peer_row_10_a and peer_row_10_b, unchanged.",row10,score,80,"[""peer_row_10_a"", ""peer_row_10_b""]",1,"The paraphrase uses an arrow notation and explicitly lists objects to remain unchanged, preserving the original instruction's meaning.",1,"{
  ""target_object"": ""row10"",
  ""target_field"": ""score"",
  ""expected_state"": 80,
  ""forbidden_effects"": [""peer_row_10_a"", ""peer_row_10_b""],
  ""paraphrase_preserves_meaning"": true,
  ""notes"": ""The paraphrase uses an arrow notation and explicitly lists objects to remain unchanged, preserving the original instruction's meaning.""
}",cfa814d27f30,270,0,,8688337f9c5a,ai-preannotation-json-v1,2026-07-11T17:01:55.407045+00:00,2061.753
pc_v4_11_p1,pc_v4_11,workflow_micro,Model-A,deepseek-v4-flash,disabled,pronoun_coreference,Set step11's note to checked_11; preserve every unrelated object and field.,"Open step11. Change its note so that it reads checked_11, and leave everything else untouched.",step11,note,checked_11,"[""step11.note is changed to anything other than checked_11"", ""any object other than step11 is modified"", ""any field other than step11.note is modified""]",1,"The paraphrase uses 'its' to refer to step11, preserving coreference. 'Open' is interpreted as accessing the object, and 'leave everything else untouched' matches 'preserve every unrelated object and field'.",1,"{
  ""target_object"": ""step11"",
  ""target_field"": ""note"",
  ""expected_state"": ""checked_11"",
  ""forbidden_effects"": [""step11.note is changed to anything other than checked_11"", ""any object other than step11 is modified"", ""any field other than step11.note is modified""],
  ""paraphrase_preserves_meaning"": true,
  ""notes"": ""The paraphrase uses 'its' to refer to step11, preserving coreference. 'Open' is interpreted as accessing the object, and 'leave everything else untouched' matches 'preserve every unrelated object and field'.""
}",d14300d9ba8c,316,0,,319c52f1b337,ai-preannotation-json-v1,2026-07-11T17:01:56.606687+00:00,2726.304
pc_v4_11_p2,pc_v4_11,workflow_micro,Model-A,deepseek-v4-flash,disabled,conditional_negative_constraint,Set step11's note to checked_11; preserve every unrelated object and field.,"If step11 is present, set note to checked_11. Do not alter any other object or field.",step11,note,checked_11,"[""any change to objects other than step11"", ""any change to fields other than note in step11""]",1,"The paraphrase adds an explicit condition 'If step11 is present', which is implicit in the base instruction. This does not change the core meaning.",1,"{
  ""target_object"": ""step11"",
  ""target_field"": ""note"",
  ""expected_state"": ""checked_11"",
  ""forbidden_effects"": [""any change to objects other than step11"", ""any change to fields other than note in step11""],
  ""paraphrase_preserves_meaning"": true,
  ""notes"": ""The paraphrase adds an explicit condition 'If step11 is present', which is implicit in the base instruction. This does not change the core meaning.""
}",de34193bcfcb,287,0,,2c31542754e3,ai-preannotation-json-v1,2026-07-11T17:01:56.810684+00:00,3280.139
pc_v4_11_p3,pc_v4_11,workflow_micro,Model-A,deepseek-v4-flash,disabled,ellipsis_multi_object_preservation,Set step11's note to checked_11; preserve every unrelated object and field.,"For step11: note -> checked_11; peer_step_11_a and peer_step_11_b, unchanged.",step11,note,checked_11,"[""peer_step_11_a"", ""peer_step_11_b""]",1,"The paraphrase explicitly preserves peer_step_11_a and peer_step_11_b, matching the base instruction's preservation requirement.",1,"{
    ""target_object"": ""step11"",
    ""target_field"": ""note"",
    ""expected_state"": ""checked_11"",
    ""forbidden_effects"": [""peer_step_11_a"", ""peer_step_11_b""],
    ""paraphrase_preserves_meaning"": true,
    ""notes"": ""The paraphrase explicitly preserves peer_step_11_a and peer_step_11_b, matching the base instruction's preservation requirement.""
}",e8c038ea1d7c,280,0,,5ad4cc0071b9,ai-preannotation-json-v1,2026-07-11T17:01:57.469006+00:00,2816.699
pc_v4_12_p1,pc_v4_12,file,Model-A,deepseek-v4-flash,disabled,pronoun_coreference,Set reports/draft_12.txt's content to approved_12; preserve every unrelated object and field.,"Open reports/draft_12.txt. Change its content so that it reads approved_12, and leave everything else untouched.",reports/draft_12.txt,content,approved_12,[],1,"The paraphrase uses 'its' to refer to the file, preserving the coreference and meaning.",1,"{
  ""target_object"": ""reports/draft_12.txt"",
  ""target_field"": ""content"",
  ""expected_state"": ""approved_12"",
  ""forbidden_effects"": [],
  ""paraphrase_preserves_meaning"": true,
  ""notes"": ""The paraphrase uses 'its' to refer to the file, preserving the coreference and meaning.""
}",b3e569305802,265,0,,ebae8787dd7e,ai-preannotation-json-v1,2026-07-11T17:01:57.834007+00:00,2299.974
pc_v4_12_p2,pc_v4_12,file,Model-A,deepseek-v4-flash,disabled,conditional_negative_constraint,Set reports/draft_12.txt's content to approved_12; preserve every unrelated object and field.,"If reports/draft_12.txt is present, set content to approved_12. Do not alter any other object or field.",reports/draft_12.txt,content,approved_12,"[""any change to other objects"", ""any change to other fields of reports/draft_12.txt""]",1,"The paraphrase adds a condition 'if present', which is a slight nuance but does not change the core instruction. The forbidden effects are preserved.",1,"{
  ""target_object"": ""reports/draft_12.txt"",
  ""target_field"": ""content"",
  ""expected_state"": ""approved_12"",
  ""forbidden_effects"": [""any change to other objects"", ""any change to other fields of reports/draft_12.txt""],
  ""paraphrase_preserves_meaning"": true,
  ""notes"": ""The paraphrase adds a condition 'if present', which is a slight nuance but does not change the core instruction. The forbidden effects are preserved.""
}",0c191525fdcd,295,0,,07c18c9b2a2f,ai-preannotation-json-v1,2026-07-11T17:01:59.333220+00:00,2320.824
pc_v4_12_p3,pc_v4_12,file,Model-A,deepseek-v4-flash,disabled,ellipsis_multi_object_preservation,Set reports/draft_12.txt's content to approved_12; preserve every unrelated object and field.,"For reports/draft_12.txt: content -> approved_12; reports/reference_12.txt and reports/archive_12.txt, unchanged.",reports/draft_12.txt,content,approved_12,"[""reports/reference_12.txt"", ""reports/archive_12.txt""]",1,"The paraphrase explicitly mentions two other files that must remain unchanged, matching the base instruction's preservation requirement.",1,"{
  ""target_object"": ""reports/draft_12.txt"",
  ""target_field"": ""content"",
  ""expected_state"": ""approved_12"",
  ""forbidden_effects"": [""reports/reference_12.txt"", ""reports/archive_12.txt""],
  ""paraphrase_preserves_meaning"": true,
  ""notes"": ""The paraphrase explicitly mentions two other files that must remain unchanged, matching the base instruction's preservation requirement.""
}",8ebd09ca77bb,292,0,,c84d5ef433c4,ai-preannotation-json-v1,2026-07-11T17:02:00.091106+00:00,2414.006
pc_v4_13_p1,pc_v4_13,web_form,Model-A,deepseek-v4-flash,disabled,pronoun_coreference,Set r13's status to approved; preserve every unrelated object and field.,"Open r13. Change its status so that it reads approved, and leave everything else untouched.",r13,status,approved,[],1,"The paraphrase uses 'its' to refer to r13, preserving the coreference. 'Open r13' is interpreted as accessing the object, and 'leave everything else untouched' matches 'preserve every unrelated object and field'.",1,"{
  ""target_object"": ""r13"",
  ""target_field"": ""status"",
  ""expected_state"": ""approved"",
  ""forbidden_effects"": [],
  ""paraphrase_preserves_meaning"": true,
  ""notes"": ""The paraphrase uses 'its' to refer to r13, preserving the coreference. 'Open r13' is interpreted as accessing the object, and 'leave everything else untouched' matches 'preserve every unrelated object and field'.""
}",41e5e033c9b2,275,0,,6b24516ba4b7,ai-preannotation-json-v1,2026-07-11T17:02:00.134186+00:00,2368.603
pc_v4_13_p2,pc_v4_13,web_form,Model-A,deepseek-v4-flash,disabled,conditional_negative_constraint,Set r13's status to approved; preserve every unrelated object and field.,"If r13 is present, set status to approved. Do not alter any other object or field.",r13,status,approved,"[""alter any other object or field""]",1,"The paraphrase adds a condition 'if r13 is present', which is implicit in the base instruction. The negative constraint is preserved.",1,"{
  ""target_object"": ""r13"",
  ""target_field"": ""status"",
  ""expected_state"": ""approved"",
  ""forbidden_effects"": [""alter any other object or field""],
  ""paraphrase_preserves_meaning"": true,
  ""notes"": ""The paraphrase adds a condition 'if r13 is present', which is implicit in the base instruction. The negative constraint is preserved.""
}",04b3e59b0aac,262,0,,c785debce441,ai-preannotation-json-v1,2026-07-11T17:02:00.285946+00:00,2763.943
pc_v4_13_p3,pc_v4_13,web_form,Model-A,deepseek-v4-flash,disabled,ellipsis_multi_object_preservation,Set r13's status to approved; preserve every unrelated object and field.,"For r13: status -> approved; peer_record_13_a and peer_record_13_b, unchanged.",r13,status,approved,"[""peer_record_13_a"", ""peer_record_13_b""]",1,"The paraphrase explicitly preserves two other objects, matching the base instruction's preservation requirement.",1,"{
  ""target_object"": ""r13"",
  ""target_field"": ""status"",
  ""expected_state"": ""approved"",
  ""forbidden_effects"": [""peer_record_13_a"", ""peer_record_13_b""],
  ""paraphrase_preserves_meaning"": true,
  ""notes"": ""The paraphrase explicitly preserves two other objects, matching the base instruction's preservation requirement.""
}",e67b74828500,264,0,,a0ad984c60fb,ai-preannotation-json-v1,2026-07-11T17:02:01.654357+00:00,2389.574
pc_v4_14_p1,pc_v4_14,table,Model-A,deepseek-v4-flash,disabled,pronoun_coreference,Set row14's score to 84; preserve every unrelated object and field.,"Open row14. Change its score so that it reads 84, and leave everything else untouched.",row14,score,84,[],1,"The paraphrase uses 'its' to refer to row14, preserving the coreference and the instruction to only change the score.",1,"{
  ""target_object"": ""row14"",
  ""target_field"": ""score"",
  ""expected_state"": 84,
  ""forbidden_effects"": [],
  ""paraphrase_preserves_meaning"": true,
  ""notes"": ""The paraphrase uses 'its' to refer to row14, preserving the coreference and the instruction to only change the score.""
}",3315fe0a8842,254,0,,8d78478296c4,ai-preannotation-json-v1,2026-07-11T17:02:02.503008+00:00,2071.951
pc_v4_14_p2,pc_v4_14,table,Model-A,deepseek-v4-flash,disabled,conditional_negative_constraint,Set row14's score to 84; preserve every unrelated object and field.,"If row14 is present, set score to 84. Do not alter any other object or field.",row14,score,84,"[""alter any other object or field""]",1,"The paraphrase adds a conditional 'if row14 is present', which is implicit in the base instruction but does not change the core action.",1,"{
  ""target_object"": ""row14"",
  ""target_field"": ""score"",
  ""expected_state"": 84,
  ""forbidden_effects"": [""alter any other object or field""],
  ""paraphrase_preserves_meaning"": true,
  ""notes"": ""The paraphrase adds a conditional 'if row14 is present', which is implicit in the base instruction but does not change the core action.""
}",963d3346d487,264,0,,19279f92b316,ai-preannotation-json-v1,2026-07-11T17:02:02.505299+00:00,2385.133
pc_v4_14_p3,pc_v4_14,table,Model-A,deepseek-v4-flash,disabled,ellipsis_multi_object_preservation,Set row14's score to 84; preserve every unrelated object and field.,"For row14: score -> 84; peer_row_14_a and peer_row_14_b, unchanged.",row14,score,84,"[""peer_row_14_a"", ""peer_row_14_b""]",1,"The paraphrase uses arrow notation and explicitly lists objects to preserve, matching the base instruction.",1,"{
  ""target_object"": ""row14"",
  ""target_field"": ""score"",
  ""expected_state"": 84,
  ""forbidden_effects"": [""peer_row_14_a"", ""peer_row_14_b""],
  ""paraphrase_preserves_meaning"": true,
  ""notes"": ""The paraphrase uses arrow notation and explicitly lists objects to preserve, matching the base instruction.""
}",0f384d4a391b,266,0,,b3236b2a88aa,ai-preannotation-json-v1,2026-07-11T17:02:03.050215+00:00,2296.274
pc_v4_15_p1,pc_v4_15,workflow_micro,Model-A,deepseek-v4-flash,disabled,pronoun_coreference,Set step15's note to checked_15; preserve every unrelated object and field.,"Open step15. Change its note so that it reads checked_15, and leave everything else untouched.",step15,note,checked_15,"[""step15.other_fields"", ""other_steps""]",1,"The paraphrase uses 'its' to refer to step15, preserving coreference.",1,"{
  ""target_object"": ""step15"",
  ""target_field"": ""note"",
  ""expected_state"": ""checked_15"",
  ""forbidden_effects"": [""step15.other_fields"", ""other_steps""],
  ""paraphrase_preserves_meaning"": true,
  ""notes"": ""The paraphrase uses 'its' to refer to step15, preserving coreference.""
}",d897b9556fc8,263,0,,2bedb05a8742,ai-preannotation-json-v1,2026-07-11T17:02:04.044142+00:00,2273.818
pc_v4_15_p2,pc_v4_15,workflow_micro,Model-A,deepseek-v4-flash,disabled,conditional_negative_constraint,Set step15's note to checked_15; preserve every unrelated object and field.,"If step15 is present, set note to checked_15. Do not alter any other object or field.",step15,note,checked_15,"[""any other object"", ""any other field""]",1,"The paraphrase adds a condition 'If step15 is present' which is implicit in the base instruction, but does not change the core meaning.",1,"{
  ""target_object"": ""step15"",
  ""target_field"": ""note"",
  ""expected_state"": ""checked_15"",
  ""forbidden_effects"": [""any other object"", ""any other field""],
  ""paraphrase_preserves_meaning"": true,
  ""notes"": ""The paraphrase adds a condition 'If step15 is present' which is implicit in the base instruction, but does not change the core meaning.""
}",077a7dce30b6,274,0,,bf84a442fb1f,ai-preannotation-json-v1,2026-07-11T17:02:04.575189+00:00,2294.233
pc_v4_15_p3,pc_v4_15,workflow_micro,Model-A,deepseek-v4-flash,disabled,ellipsis_multi_object_preservation,Set step15's note to checked_15; preserve every unrelated object and field.,"For step15: note -> checked_15; peer_step_15_a and peer_step_15_b, unchanged.",step15,note,checked_15,"[""peer_step_15_a"", ""peer_step_15_b""]",1,,1,"{
    ""target_object"": ""step15"",
    ""target_field"": ""note"",
    ""expected_state"": ""checked_15"",
    ""forbidden_effects"": [""peer_step_15_a"", ""peer_step_15_b""],
    ""paraphrase_preserves_meaning"": true,
    ""notes"": """"
}",cb3e7ee9e5c3,256,0,,3e916fc2c16f,ai-preannotation-json-v1,2026-07-11T17:02:04.890701+00:00,3236.543
pc_v4_16_p1,pc_v4_16,file,Model-A,deepseek-v4-flash,disabled,pronoun_coreference,Set reports/draft_16.txt's content to approved_16; preserve every unrelated object and field.,"Open reports/draft_16.txt. Change its content so that it reads approved_16, and leave everything else untouched.",reports/draft_16.txt,content,approved_16,[],1,"The paraphrase uses 'its' to refer to the file, preserving the coreference. 'Leave everything else untouched' matches 'preserve every unrelated object and field'.",1,"{
  ""target_object"": ""reports/draft_16.txt"",
  ""target_field"": ""content"",
  ""expected_state"": ""approved_16"",
  ""forbidden_effects"": [],
  ""paraphrase_preserves_meaning"": true,
  ""notes"": ""The paraphrase uses 'its' to refer to the file, preserving the coreference. 'Leave everything else untouched' matches 'preserve every unrelated object and field'.""
}",e9d6b0ff5cce,280,0,,2b72c17ed25a,ai-preannotation-json-v1,2026-07-11T17:02:05.346677+00:00,2290.165
pc_v4_16_p2,pc_v4_16,file,Model-A,deepseek-v4-flash,disabled,conditional_negative_constraint,Set reports/draft_16.txt's content to approved_16; preserve every unrelated object and field.,"If reports/draft_16.txt is present, set content to approved_16. Do not alter any other object or field.",reports/draft_16.txt,content,approved_16,"[""any change to other objects"", ""any change to other fields""]",1,"The paraphrase adds a condition ('if present') not in the base instruction, but the core action and constraint are preserved.",1,"{
  ""target_object"": ""reports/draft_16.txt"",
  ""target_field"": ""content"",
  ""expected_state"": ""approved_16"",
  ""forbidden_effects"": [""any change to other objects"", ""any change to other fields""],
  ""paraphrase_preserves_meaning"": true,
  ""notes"": ""The paraphrase adds a condition ('if present') not in the base instruction, but the core action and constraint are preserved.""
}",b72c0408ae9e,284,0,,491a7c5652a9,ai-preannotation-json-v1,2026-07-11T17:02:06.318285+00:00,2435.406
pc_v4_16_p3,pc_v4_16,file,Model-A,deepseek-v4-flash,disabled,ellipsis_multi_object_preservation,Set reports/draft_16.txt's content to approved_16; preserve every unrelated object and field.,"For reports/draft_16.txt: content -> approved_16; reports/reference_16.txt and reports/archive_16.txt, unchanged.",reports/draft_16.txt,content,approved_16,"[""reports/reference_16.txt"", ""reports/archive_16.txt""]",1,"The paraphrase uses a colon and arrow notation to indicate the assignment, and explicitly lists two other files that must remain unchanged.",1,"{
  ""target_object"": ""reports/draft_16.txt"",
  ""target_field"": ""content"",
  ""expected_state"": ""approved_16"",
  ""forbidden_effects"": [""reports/reference_16.txt"", ""reports/archive_16.txt""],
  ""paraphrase_preserves_meaning"": true,
  ""notes"": ""The paraphrase uses a colon and arrow notation to indicate the assignment, and explicitly lists two other files that must remain unchanged.""
}",27dde42957ae,296,0,,011b9c6dccc9,ai-preannotation-json-v1,2026-07-11T17:02:06.869638+00:00,2340.766
pc_v4_17_p1,pc_v4_17,web_form,Model-A,deepseek-v4-flash,disabled,pronoun_coreference,Set r17's status to approved; preserve every unrelated object and field.,"Open r17. Change its status so that it reads approved, and leave everything else untouched.",r17,status,approved,"[""modify any other object"", ""modify any other field of r17""]",1,"The paraphrase uses 'its' to refer to r17, maintaining coreference. It explicitly says 'leave everything else untouched', matching the base instruction's preservation constraint.",1,"{
  ""target_object"": ""r17"",
  ""target_field"": ""status"",
  ""expected_state"": ""approved"",
  ""forbidden_effects"": [""modify any other object"", ""modify any other field of r17""],
  ""paraphrase_preserves_meaning"": true,
  ""notes"": ""The paraphrase uses 'its' to refer to r17, maintaining coreference. It explicitly says 'leave everything else untouched', matching the base instruction's preservation constraint.""
}",927758ee863b,277,0,,c65c2b75b858,ai-preannotation-json-v1,2026-07-11T17:02:07.637045+00:00,2350.989
pc_v4_17_p2,pc_v4_17,web_form,Model-A,deepseek-v4-flash,disabled,conditional_negative_constraint,Set r17's status to approved; preserve every unrelated object and field.,"If r17 is present, set status to approved. Do not alter any other object or field.",r17,status,approved,"[""alter any other object or field""]",1,"The paraphrase adds a conditional 'if r17 is present', which is implicit in the base instruction. The negative constraint 'do not alter any other object or field' matches the base instruction's 'preserve every unrelated object and field'.",1,"{
  ""target_object"": ""r17"",
  ""target_field"": ""status"",
  ""expected_state"": ""approved"",
  ""forbidden_effects"": [""alter any other object or field""],
  ""paraphrase_preserves_meaning"": true,
  ""notes"": ""The paraphrase adds a conditional 'if r17 is present', which is implicit in the base instruction. The negative constraint 'do not alter any other object or field' matches the base instruction's 'preserve every unrelated object and field'.""
}",9c1f71805bb9,284,0,,27e667dbbce7,ai-preannotation-json-v1,2026-07-11T17:02:08.127463+00:00,2438.862
pc_v4_17_p3,pc_v4_17,web_form,Model-A,deepseek-v4-flash,disabled,ellipsis_multi_object_preservation,Set r17's status to approved; preserve every unrelated object and field.,"For r17: status -> approved; peer_record_17_a and peer_record_17_b, unchanged.",r17,status,approved,"[""peer_record_17_a"", ""peer_record_17_b""]",1,"The paraphrase explicitly preserves two other objects, matching the base instruction's preservation requirement.",1,"{
  ""target_object"": ""r17"",
  ""target_field"": ""status"",
  ""expected_state"": ""approved"",
  ""forbidden_effects"": [""peer_record_17_a"", ""peer_record_17_b""],
  ""paraphrase_preserves_meaning"": true,
  ""notes"": ""The paraphrase explicitly preserves two other objects, matching the base instruction's preservation requirement.""
}",10775bbe2eca,264,0,,f11686cd03e9,ai-preannotation-json-v1,2026-07-11T17:02:08.753917+00:00,2137.564
pc_v4_18_p1,pc_v4_18,table,Model-A,deepseek-v4-flash,disabled,pronoun_coreference,Set row18's score to 88; preserve every unrelated object and field.,"Open row18. Change its score so that it reads 88, and leave everything else untouched.",row18,score,88,[],1,"The paraphrase uses 'its' to refer to row18, preserving the coreference and meaning.",1,"{
  ""target_object"": ""row18"",
  ""target_field"": ""score"",
  ""expected_state"": 88,
  ""forbidden_effects"": [],
  ""paraphrase_preserves_meaning"": true,
  ""notes"": ""The paraphrase uses 'its' to refer to row18, preserving the coreference and meaning.""
}",f9ee554bf279,248,0,,15a3b4e68f29,ai-preannotation-json-v1,2026-07-11T17:02:09.210617+00:00,2326.959
pc_v4_18_p2,pc_v4_18,table,Model-A,deepseek-v4-flash,disabled,conditional_negative_constraint,Set row18's score to 88; preserve every unrelated object and field.,"If row18 is present, set score to 88. Do not alter any other object or field.",row18,score,88,"[""any change to other objects or fields""]",1,"The paraphrase adds a conditional 'if row18 is present', which is not in the base instruction. However, since the base instruction implies row18 exists, the conditional does not change the meaning in practice.",1,"{
  ""target_object"": ""row18"",
  ""target_field"": ""score"",
  ""expected_state"": 88,
  ""forbidden_effects"": [""any change to other objects or fields""],
  ""paraphrase_preserves_meaning"": true,
  ""notes"": ""The paraphrase adds a conditional 'if row18 is present', which is not in the base instruction. However, since the base instruction implies row18 exists, the conditional does not change the meaning in practice.""
}",f183e7c61b5f,279,0,,1b7ab4047b1f,ai-preannotation-json-v1,2026-07-11T17:02:09.988310+00:00,2306.472
pc_v4_18_p3,pc_v4_18,table,Model-A,deepseek-v4-flash,disabled,ellipsis_multi_object_preservation,Set row18's score to 88; preserve every unrelated object and field.,"For row18: score -> 88; peer_row_18_a and peer_row_18_b, unchanged.",row18,score,88,"[""peer_row_18_a"", ""peer_row_18_b""]",1,"The paraphrase uses arrow notation and a semicolon to separate the update from the preservation constraint, which is equivalent to the base instruction.",1,"{
  ""target_object"": ""row18"",
  ""target_field"": ""score"",
  ""expected_state"": 88,
  ""forbidden_effects"": [""peer_row_18_a"", ""peer_row_18_b""],
  ""paraphrase_preserves_meaning"": true,
  ""notes"": ""The paraphrase uses arrow notation and a semicolon to separate the update from the preservation constraint, which is equivalent to the base instruction.""
}",971bf06ff43c,276,0,,917f3e1dda05,ai-preannotation-json-v1,2026-07-11T17:02:10.566558+00:00,2379.201
pc_v4_19_p1,pc_v4_19,workflow_micro,Model-A,deepseek-v4-flash,disabled,pronoun_coreference,Set step19's note to checked_19; preserve every unrelated object and field.,"Open step19. Change its note so that it reads checked_19, and leave everything else untouched.",step19,note,checked_19,"[""modify any other field of step19"", ""modify any other object""]",1,"The paraphrase uses 'its' to refer to step19, preserving coreference.",1,"{
  ""target_object"": ""step19"",
  ""target_field"": ""note"",
  ""expected_state"": ""checked_19"",
  ""forbidden_effects"": [""modify any other field of step19"", ""modify any other object""],
  ""paraphrase_preserves_meaning"": true,
  ""notes"": ""The paraphrase uses 'its' to refer to step19, preserving coreference.""
}",adb5e35728f1,268,0,,218986390e67,ai-preannotation-json-v1,2026-07-11T17:02:10.891702+00:00,2547.317
pc_v4_19_p2,pc_v4_19,workflow_micro,Model-A,deepseek-v4-flash,disabled,conditional_negative_constraint,Set step19's note to checked_19; preserve every unrelated object and field.,"If step19 is present, set note to checked_19. Do not alter any other object or field.",step19,note,checked_19,"[""any change to other objects"", ""any change to other fields of step19""]",1,"The paraphrase adds an explicit condition 'If step19 is present', which is implicit in the base instruction. The negative constraint 'Do not alter any other object or field' is equivalent to 'preserve every unrelated object and field'.",1,"{
  ""target_object"": ""step19"",
  ""target_field"": ""note"",
  ""expected_state"": ""checked_19"",
  ""forbidden_effects"": [""any change to other objects"", ""any change to other fields of step19""],
  ""paraphrase_preserves_meaning"": true,
  ""notes"": ""The paraphrase adds an explicit condition 'If step19 is present', which is implicit in the base instruction. The negative constraint 'Do not alter any other object or field' is equivalent to 'preserve every unrelated object and field'.""
}",fa0a81ed8f2c,300,0,,056e9a996df6,ai-preannotation-json-v1,2026-07-11T17:02:11.537769+00:00,2492.606
pc_v4_19_p3,pc_v4_19,workflow_micro,Model-A,deepseek-v4-flash,disabled,ellipsis_multi_object_preservation,Set step19's note to checked_19; preserve every unrelated object and field.,"For step19: note -> checked_19; peer_step_19_a and peer_step_19_b, unchanged.",step19,note,checked_19,"[""peer_step_19_a"", ""peer_step_19_b""]",1,"The paraphrase specifies that only step19's note is changed, and peer_step_19_a and peer_step_19_b remain unchanged.",1,"{
  ""target_object"": ""step19"",
  ""target_field"": ""note"",
  ""expected_state"": ""checked_19"",
  ""forbidden_effects"": [""peer_step_19_a"", ""peer_step_19_b""],
  ""paraphrase_preserves_meaning"": true,
  ""notes"": ""The paraphrase specifies that only step19's note is changed, and peer_step_19_a and peer_step_19_b remain unchanged.""
}",22329b257e5c,283,0,,b4964ac464f2,ai-preannotation-json-v1,2026-07-11T17:02:12.294999+00:00,2143.270
pc_v4_20_p1,pc_v4_20,file,Model-A,deepseek-v4-flash,disabled,pronoun_coreference,Set reports/draft_20.txt's content to approved_20; preserve every unrelated object and field.,"Open reports/draft_20.txt. Change its content so that it reads approved_20, and leave everything else untouched.",reports/draft_20.txt,content,approved_20,[],1,"The paraphrase uses 'its' to refer to the file, preserving the coreference and meaning.",1,"{
  ""target_object"": ""reports/draft_20.txt"",
  ""target_field"": ""content"",
  ""expected_state"": ""approved_20"",
  ""forbidden_effects"": [],
  ""paraphrase_preserves_meaning"": true,
  ""notes"": ""The paraphrase uses 'its' to refer to the file, preserving the coreference and meaning.""
}",489a0a72e83c,265,0,,56c77a06bae0,ai-preannotation-json-v1,2026-07-11T17:02:12.945959+00:00,2213.889
pc_v4_20_p2,pc_v4_20,file,Model-A,deepseek-v4-flash,disabled,conditional_negative_constraint,Set reports/draft_20.txt's content to approved_20; preserve every unrelated object and field.,"If reports/draft_20.txt is present, set content to approved_20. Do not alter any other object or field.",reports/draft_20.txt,content,approved_20,"[""any change to other objects"", ""any change to other fields of reports/draft_20.txt""]",1,"The paraphrase adds a condition ('if present') not in the base instruction, but the core action and preservation constraint are preserved.",1,"{
  ""target_object"": ""reports/draft_20.txt"",
  ""target_field"": ""content"",
  ""expected_state"": ""approved_20"",
  ""forbidden_effects"": [""any change to other objects"", ""any change to other fields of reports/draft_20.txt""],
  ""paraphrase_preserves_meaning"": true,
  ""notes"": ""The paraphrase adds a condition ('if present') not in the base instruction, but the core action and preservation constraint are preserved.""
}",19b5792721cc,292,0,,7d908352e345,ai-preannotation-json-v1,2026-07-11T17:02:13.439245+00:00,2139.181
pc_v4_20_p3,pc_v4_20,file,Model-A,deepseek-v4-flash,disabled,ellipsis_multi_object_preservation,Set reports/draft_20.txt's content to approved_20; preserve every unrelated object and field.,"For reports/draft_20.txt: content -> approved_20; reports/reference_20.txt and reports/archive_20.txt, unchanged.",reports/draft_20.txt,content,approved_20,"[""reports/reference_20.txt"", ""reports/archive_20.txt""]",1,The paraphrase explicitly preserves the two unrelated objects.,1,"{
  ""target_object"": ""reports/draft_20.txt"",
  ""target_field"": ""content"",
  ""expected_state"": ""approved_20"",
  ""forbidden_effects"": [""reports/reference_20.txt"", ""reports/archive_20.txt""],
  ""paraphrase_preserves_meaning"": true,
  ""notes"": ""The paraphrase explicitly preserves the two unrelated objects.""
}",60d6b2df2962,281,0,,eead4ff597fd,ai-preannotation-json-v1,2026-07-11T17:02:14.030609+00:00,3147.433
pc_v4_21_p1,pc_v4_21,web_form,Model-A,deepseek-v4-flash,disabled,pronoun_coreference,Set r21's name to Alice_21; preserve every unrelated object and field.,"Open r21. Change its name so that it reads Alice_21, and leave everything else untouched.",r21,name,Alice_21,[],1,"The paraphrase uses 'its' to refer to r21, maintaining coreference. 'Open r21' is interpreted as accessing the object, and 'leave everything else untouched' matches 'preserve every unrelated object and field.'",1,"{
  ""target_object"": ""r21"",
  ""target_field"": ""name"",
  ""expected_state"": ""Alice_21"",
  ""forbidden_effects"": [],
  ""paraphrase_preserves_meaning"": true,
  ""notes"": ""The paraphrase uses 'its' to refer to r21, maintaining coreference. 'Open r21' is interpreted as accessing the object, and 'leave everything else untouched' matches 'preserve every unrelated object and field.'""
}",76f263958483,280,0,,960723d1497a,ai-preannotation-json-v1,2026-07-11T17:02:14.438482+00:00,2128.374
pc_v4_21_p2,pc_v4_21,web_form,Model-A,deepseek-v4-flash,disabled,conditional_negative_constraint,Set r21's name to Alice_21; preserve every unrelated object and field.,"If r21 is present, set name to Alice_21. Do not alter any other object or field.",r21,name,Alice_21,"[""any change to other objects"", ""any change to other fields of r21""]",1,"The paraphrase adds a condition 'if r21 is present', which is implicit in the base instruction. The negative constraint 'do not alter any other object or field' is preserved.",1,"{
  ""target_object"": ""r21"",
  ""target_field"": ""name"",
  ""expected_state"": ""Alice_21"",
  ""forbidden_effects"": [""any change to other objects"", ""any change to other fields of r21""],
  ""paraphrase_preserves_meaning"": true,
  ""notes"": ""The paraphrase adds a condition 'if r21 is present', which is implicit in the base instruction. The negative constraint 'do not alter any other object or field' is preserved.""
}",e66651f60890,287,0,,9d6e0d70a276,ai-preannotation-json-v1,2026-07-11T17:02:15.160070+00:00,2541.628
pc_v4_21_p3,pc_v4_21,web_form,Model-A,deepseek-v4-flash,disabled,ellipsis_multi_object_preservation,Set r21's name to Alice_21; preserve every unrelated object and field.,"For r21: name -> Alice_21; peer_record_21_a and peer_record_21_b, unchanged.",r21,name,Alice_21,"[""peer_record_21_a"", ""peer_record_21_b""]",1,"The paraphrase uses arrow notation and lists objects to preserve, matching the base instruction's intent.",1,"{
  ""target_object"": ""r21"",
  ""target_field"": ""name"",
  ""expected_state"": ""Alice_21"",
  ""forbidden_effects"": [""peer_record_21_a"", ""peer_record_21_b""],
  ""paraphrase_preserves_meaning"": true,
  ""notes"": ""The paraphrase uses arrow notation and lists objects to preserve, matching the base instruction's intent.""
}",d60e78ef8ef1,272,0,,aecbe93e2e8a,ai-preannotation-json-v1,2026-07-11T17:02:15.578647+00:00,2411.904
pc_v4_22_p1,pc_v4_22,table,Model-A,deepseek-v4-flash,disabled,pronoun_coreference,Set row22's score to 82; preserve every unrelated object and field.,"Open row22. Change its score so that it reads 82, and leave everything else untouched.",row22,score,82,"[""any other row"", ""any other field of row22""]",1,"The paraphrase uses 'its' to refer to row22, preserving the coreference.",1,"{
  ""target_object"": ""row22"",
  ""target_field"": ""score"",
  ""expected_state"": 82,
  ""forbidden_effects"": [""any other row"", ""any other field of row22""],
  ""paraphrase_preserves_meaning"": true,
  ""notes"": ""The paraphrase uses 'its' to refer to row22, preserving the coreference.""
}",e4ed3ed22860,258,0,,e43c6081e98f,ai-preannotation-json-v1,2026-07-11T17:02:16.567116+00:00,2202.406
pc_v4_22_p2,pc_v4_22,table,Model-A,deepseek-v4-flash,disabled,conditional_negative_constraint,Set row22's score to 82; preserve every unrelated object and field.,"If row22 is present, set score to 82. Do not alter any other object or field.",row22,score,82,"[""alter any other object or field""]",1,"The paraphrase adds a conditional 'if row22 is present', which is implicit in the base instruction. The negative constraint 'do not alter any other object or field' matches the base instruction's 'preserve every unrelated object and field'.",1,"{
  ""target_object"": ""row22"",
  ""target_field"": ""score"",
  ""expected_state"": 82,
  ""forbidden_effects"": [""alter any other object or field""],
  ""paraphrase_preserves_meaning"": true,
  ""notes"": ""The paraphrase adds a conditional 'if row22 is present', which is implicit in the base instruction. The negative constraint 'do not alter any other object or field' matches the base instruction's 'preserve every unrelated object and field'.""
}",bfcaa0a29c62,285,0,,fdb46d60c21c,ai-preannotation-json-v1,2026-07-11T17:02:17.178260+00:00,2607.697
pc_v4_22_p3,pc_v4_22,table,Model-A,deepseek-v4-flash,disabled,ellipsis_multi_object_preservation,Set row22's score to 82; preserve every unrelated object and field.,"For row22: score -> 82; peer_row_22_a and peer_row_22_b, unchanged.",row22,score,82,"[""peer_row_22_a"", ""peer_row_22_b""]",1,"The paraphrase uses an arrow notation and explicitly lists objects to remain unchanged, preserving the meaning of the base instruction.",1,"{
  ""target_object"": ""row22"",
  ""target_field"": ""score"",
  ""expected_state"": 82,
  ""forbidden_effects"": [""peer_row_22_a"", ""peer_row_22_b""],
  ""paraphrase_preserves_meaning"": true,
  ""notes"": ""The paraphrase uses an arrow notation and explicitly lists objects to remain unchanged, preserving the meaning of the base instruction.""
}",0fe87c7b4d54,271,0,,c9a7c11aa783,ai-preannotation-json-v1,2026-07-11T17:02:17.701924+00:00,2471.333
pc_v4_23_p1,pc_v4_23,workflow_micro,Model-A,deepseek-v4-flash,disabled,pronoun_coreference,Set step23's note to checked_23; preserve every unrelated object and field.,"Open step23. Change its note so that it reads checked_23, and leave everything else untouched.",step23,note,checked_23,"[""step23.any_other_field"", ""any_other_object.any_field""]",1,"The paraphrase uses 'its' to refer to step23, preserving the coreference and meaning.",1,"{
  ""target_object"": ""step23"",
  ""target_field"": ""note"",
  ""expected_state"": ""checked_23"",
  ""forbidden_effects"": [""step23.any_other_field"", ""any_other_object.any_field""],
  ""paraphrase_preserves_meaning"": true,
  ""notes"": ""The paraphrase uses 'its' to refer to step23, preserving the coreference and meaning.""
}",634cc365120f,272,0,,d65e0fe66d98,ai-preannotation-json-v1,2026-07-11T17:02:17.990813+00:00,2640.563
pc_v4_23_p2,pc_v4_23,workflow_micro,Model-A,deepseek-v4-flash,disabled,conditional_negative_constraint,Set step23's note to checked_23; preserve every unrelated object and field.,"If step23 is present, set note to checked_23. Do not alter any other object or field.",step23,note,checked_23,"[""any change to other objects"", ""any change to other fields of step23""]",1,"The paraphrase adds a condition 'If step23 is present' which is not in the base instruction, but it is a reasonable implicit assumption. The negative constraint 'Do not alter any other object or field' matches the base instruction's 'preserve every unrelated object and field'.",1,"{
  ""target_object"": ""step23"",
  ""target_field"": ""note"",
  ""expected_state"": ""checked_23"",
  ""forbidden_effects"": [""any change to other objects"", ""any change to other fields of step23""],
  ""paraphrase_preserves_meaning"": true,
  ""notes"": ""The paraphrase adds a condition 'If step23 is present' which is not in the base instruction, but it is a reasonable implicit assumption. The negative constraint 'Do not alter any other object or field' matches the base instruction's 'preserve every unrelated object and field'.""
}",00079e289b36,309,0,,54686af36b84,ai-preannotation-json-v1,2026-07-11T17:02:18.769804+00:00,2540.774
pc_v4_23_p3,pc_v4_23,workflow_micro,Model-A,deepseek-v4-flash,disabled,ellipsis_multi_object_preservation,Set step23's note to checked_23; preserve every unrelated object and field.,"For step23: note -> checked_23; peer_step_23_a and peer_step_23_b, unchanged.",step23,note,checked_23,"[""peer_step_23_a"", ""peer_step_23_b""]",1,,1,"{
    ""target_object"": ""step23"",
    ""target_field"": ""note"",
    ""expected_state"": ""checked_23"",
    ""forbidden_effects"": [""peer_step_23_a"", ""peer_step_23_b""],
    ""paraphrase_preserves_meaning"": true,
    ""notes"": """"
}",063b1227b092,256,0,,690c0b818179,ai-preannotation-json-v1,2026-07-11T17:02:19.786196+00:00,2258.960
pc_v4_24_p1,pc_v4_24,file,Model-A,deepseek-v4-flash,disabled,pronoun_coreference,Set reports/draft_24.txt's content to approved_24; preserve every unrelated object and field.,"Open reports/draft_24.txt. Change its content so that it reads approved_24, and leave everything else untouched.",reports/draft_24.txt,content,approved_24,"[""content of other files"", ""other fields of reports/draft_24.txt""]",1,"The paraphrase uses 'its' to refer to the file, preserving coreference.",1,"{
  ""target_object"": ""reports/draft_24.txt"",
  ""target_field"": ""content"",
  ""expected_state"": ""approved_24"",
  ""forbidden_effects"": [""content of other files"", ""other fields of reports/draft_24.txt""],
  ""paraphrase_preserves_meaning"": true,
  ""notes"": ""The paraphrase uses 'its' to refer to the file, preserving coreference.""
}",eaf926ea27e5,278,0,,a577a475cd31,ai-preannotation-json-v1,2026-07-11T17:02:20.173546+00:00,2332.620
pc_v4_24_p2,pc_v4_24,file,Model-A,deepseek-v4-flash,disabled,conditional_negative_constraint,Set reports/draft_24.txt's content to approved_24; preserve every unrelated object and field.,"If reports/draft_24.txt is present, set content to approved_24. Do not alter any other object or field.",reports/draft_24.txt,content,approved_24,"[""reports/draft_24.txt is absent""]",1,"The paraphrase adds a condition that the file must be present, which is implicit in the base instruction. The forbidden effect is that the file might not exist, but the base instruction assumes it does.",1,"{
  ""target_object"": ""reports/draft_24.txt"",
  ""target_field"": ""content"",
  ""expected_state"": ""approved_24"",
  ""forbidden_effects"": [""reports/draft_24.txt is absent""],
  ""paraphrase_preserves_meaning"": true,
  ""notes"": ""The paraphrase adds a condition that the file must be present, which is implicit in the base instruction. The forbidden effect is that the file might not exist, but the base instruction assumes it does.""
}",9d02460f8c74,296,0,,704fc41271b1,ai-preannotation-json-v1,2026-07-11T17:02:20.631598+00:00,2618.638
pc_v4_24_p3,pc_v4_24,file,Model-A,deepseek-v4-flash,disabled,ellipsis_multi_object_preservation,Set reports/draft_24.txt's content to approved_24; preserve every unrelated object and field.,"For reports/draft_24.txt: content -> approved_24; reports/reference_24.txt and reports/archive_24.txt, unchanged.",reports/draft_24.txt,content,approved_24,"[""reports/reference_24.txt"", ""reports/archive_24.txt""]",1,"The paraphrase explicitly preserves two other objects, matching the base instruction's preservation requirement.",1,"{
  ""target_object"": ""reports/draft_24.txt"",
  ""target_field"": ""content"",
  ""expected_state"": ""approved_24"",
  ""forbidden_effects"": [""reports/reference_24.txt"", ""reports/archive_24.txt""],
  ""paraphrase_preserves_meaning"": true,
  ""notes"": ""The paraphrase explicitly preserves two other objects, matching the base instruction's preservation requirement.""
}",5bed0034c747,288,0,,ae4f095d6075,ai-preannotation-json-v1,2026-07-11T17:02:21.310794+00:00,2256.105
pc_v4_25_p1,pc_v4_25,web_form,Model-A,deepseek-v4-flash,disabled,pronoun_coreference,Set r25's status to approved; preserve every unrelated object and field.,"Open r25. Change its status so that it reads approved, and leave everything else untouched.",r25,status,approved,"[""change any other field of r25"", ""modify any other object""]",1,"The paraphrase uses 'its' to refer to r25, preserving coreference. 'Open' implies accessing the object, and 'leave everything else untouched' matches preserving unrelated objects and fields.",1,"{
  ""target_object"": ""r25"",
  ""target_field"": ""status"",
  ""expected_state"": ""approved"",
  ""forbidden_effects"": [""change any other field of r25"", ""modify any other object""],
  ""paraphrase_preserves_meaning"": true,
  ""notes"": ""The paraphrase uses 'its' to refer to r25, preserving coreference. 'Open' implies accessing the object, and 'leave everything else untouched' matches preserving unrelated objects and fields.""
}",8fc59d388157,281,0,,ebccc9d34859,ai-preannotation-json-v1,2026-07-11T17:02:22.045349+00:00,3488.806
pc_v4_25_p2,pc_v4_25,web_form,Model-A,deepseek-v4-flash,disabled,conditional_negative_constraint,Set r25's status to approved; preserve every unrelated object and field.,"If r25 is present, set status to approved. Do not alter any other object or field.",r25,status,approved,"[""any change to other objects"", ""any change to other fields""]",1,"The paraphrase adds a condition 'if r25 is present', which is implicit in the base instruction. The negative constraint is preserved.",1,"{
  ""target_object"": ""r25"",
  ""target_field"": ""status"",
  ""expected_state"": ""approved"",
  ""forbidden_effects"": [""any change to other objects"", ""any change to other fields""],
  ""paraphrase_preserves_meaning"": true,
  ""notes"": ""The paraphrase adds a condition 'if r25 is present', which is implicit in the base instruction. The negative constraint is preserved.""
}",e761f1b9faea,268,0,,ec09803ee5e5,ai-preannotation-json-v1,2026-07-11T17:02:22.506433+00:00,2279.172
pc_v4_25_p3,pc_v4_25,web_form,Model-A,deepseek-v4-flash,disabled,ellipsis_multi_object_preservation,Set r25's status to approved; preserve every unrelated object and field.,"For r25: status -> approved; peer_record_25_a and peer_record_25_b, unchanged.",r25,status,approved,"[""peer_record_25_a"", ""peer_record_25_b""]",1,"The paraphrase explicitly preserves peer_record_25_a and peer_record_25_b, matching the base instruction's preservation of unrelated objects and fields.",1,"{
  ""target_object"": ""r25"",
  ""target_field"": ""status"",
  ""expected_state"": ""approved"",
  ""forbidden_effects"": [""peer_record_25_a"", ""peer_record_25_b""],
  ""paraphrase_preserves_meaning"": true,
  ""notes"": ""The paraphrase explicitly preserves peer_record_25_a and peer_record_25_b, matching the base instruction's preservation of unrelated objects and fields.""
}",7a3a8fc03615,276,0,,16dc71481b5c,ai-preannotation-json-v1,2026-07-11T17:02:23.250450+00:00,2307.290
pc_v4_26_p1,pc_v4_26,table,Model-A,deepseek-v4-flash,disabled,pronoun_coreference,Set row26's score to 86; preserve every unrelated object and field.,"Open row26. Change its score so that it reads 86, and leave everything else untouched.",row26,score,86,"[""any other row"", ""any other field of row26""]",1,"The paraphrase uses 'its' to refer to row26, preserving coreference and meaning.",1,"{
  ""target_object"": ""row26"",
  ""target_field"": ""score"",
  ""expected_state"": 86,
  ""forbidden_effects"": [""any other row"", ""any other field of row26""],
  ""paraphrase_preserves_meaning"": true,
  ""notes"": ""The paraphrase uses 'its' to refer to row26, preserving coreference and meaning.""
}",a9b409916498,259,0,,bd008f48992b,ai-preannotation-json-v1,2026-07-11T17:02:23.567125+00:00,2164.008
pc_v4_26_p2,pc_v4_26,table,Model-A,deepseek-v4-flash,disabled,conditional_negative_constraint,Set row26's score to 86; preserve every unrelated object and field.,"If row26 is present, set score to 86. Do not alter any other object or field.",row26,score,86,"[""any change to other objects"", ""any change to other fields""]",1,"The paraphrase adds a conditional 'if present' which is not in the base instruction, but the core action and constraint are preserved.",1,"{
  ""target_object"": ""row26"",
  ""target_field"": ""score"",
  ""expected_state"": 86,
  ""forbidden_effects"": [""any change to other objects"", ""any change to other fields""],
  ""paraphrase_preserves_meaning"": true,
  ""notes"": ""The paraphrase adds a conditional 'if present' which is not in the base instruction, but the core action and constraint are preserved.""
}",589753cdd5f8,269,0,,23207c97ff99,ai-preannotation-json-v1,2026-07-11T17:02:24.785831+00:00,2636.880
pc_v4_26_p3,pc_v4_26,table,Model-A,deepseek-v4-flash,disabled,ellipsis_multi_object_preservation,Set row26's score to 86; preserve every unrelated object and field.,"For row26: score -> 86; peer_row_26_a and peer_row_26_b, unchanged.",row26,score,86,"[""peer_row_26_a"", ""peer_row_26_b""]",1,"The paraphrase uses arrow notation and lists objects to preserve, matching the base instruction.",1,"{
  ""target_object"": ""row26"",
  ""target_field"": ""score"",
  ""expected_state"": 86,
  ""forbidden_effects"": [""peer_row_26_a"", ""peer_row_26_b""],
  ""paraphrase_preserves_meaning"": true,
  ""notes"": ""The paraphrase uses arrow notation and lists objects to preserve, matching the base instruction.""
}",b1ad61ef73c4,265,0,,0a8c6663aa37,ai-preannotation-json-v1,2026-07-11T17:02:25.534394+00:00,2271.051
pc_v4_27_p1,pc_v4_27,workflow_micro,Model-A,deepseek-v4-flash,disabled,pronoun_coreference,Set step27's note to checked_27; preserve every unrelated object and field.,"Open step27. Change its note so that it reads checked_27, and leave everything else untouched.",step27,note,checked_27,"[""modify any other field of step27"", ""modify any other object""]",1,"The paraphrase uses 'its' to refer to step27, preserving coreference.",1,"{
  ""target_object"": ""step27"",
  ""target_field"": ""note"",
  ""expected_state"": ""checked_27"",
  ""forbidden_effects"": [""modify any other field of step27"", ""modify any other object""],
  ""paraphrase_preserves_meaning"": true,
  ""notes"": ""The paraphrase uses 'its' to refer to step27, preserving coreference.""
}",e20582ba8dd2,268,0,,cffb72b1f620,ai-preannotation-json-v1,2026-07-11T17:02:25.558029+00:00,2134.977
pc_v4_27_p2,pc_v4_27,workflow_micro,Model-A,deepseek-v4-flash,disabled,conditional_negative_constraint,Set step27's note to checked_27; preserve every unrelated object and field.,"If step27 is present, set note to checked_27. Do not alter any other object or field.",step27,note,checked_27,"[""modify any other object"", ""modify any other field""]",1,"The paraphrase adds a condition 'If step27 is present', which is implicit in the base instruction. The negative constraint 'Do not alter any other object or field' matches 'preserve every unrelated object and field'.",1,"{
  ""target_object"": ""step27"",
  ""target_field"": ""note"",
  ""expected_state"": ""checked_27"",
  ""forbidden_effects"": [""modify any other object"", ""modify any other field""],
  ""paraphrase_preserves_meaning"": true,
  ""notes"": ""The paraphrase adds a condition 'If step27 is present', which is implicit in the base instruction. The negative constraint 'Do not alter any other object or field' matches 'preserve every unrelated object and field'.""
}",549d50adf20e,294,0,,0b02c27c7aef,ai-preannotation-json-v1,2026-07-11T17:02:25.731415+00:00,2253.795
pc_v4_27_p3,pc_v4_27,workflow_micro,Model-A,deepseek-v4-flash,disabled,ellipsis_multi_object_preservation,Set step27's note to checked_27; preserve every unrelated object and field.,"For step27: note -> checked_27; peer_step_27_a and peer_step_27_b, unchanged.",step27,note,checked_27,"[""peer_step_27_a"", ""peer_step_27_b""]",1,,1,"{
    ""target_object"": ""step27"",
    ""target_field"": ""note"",
    ""expected_state"": ""checked_27"",
    ""forbidden_effects"": [""peer_step_27_a"", ""peer_step_27_b""],
    ""paraphrase_preserves_meaning"": true,
    ""notes"": """"
}",22a4e9f1ed89,256,0,,59570a5fd0fd,ai-preannotation-json-v1,2026-07-11T17:02:27.423016+00:00,1943.161
pc_v4_28_p1,pc_v4_28,file,Model-A,deepseek-v4-flash,disabled,pronoun_coreference,Set reports/draft_28.txt's content to approved_28; preserve every unrelated object and field.,"Open reports/draft_28.txt. Change its content so that it reads approved_28, and leave everything else untouched.",reports/draft_28.txt,content,approved_28,[],1,"The paraphrase uses 'its' to refer to the file, preserving coreference. 'Leave everything else untouched' matches 'preserve every unrelated object and field'.",1,"{
  ""target_object"": ""reports/draft_28.txt"",
  ""target_field"": ""content"",
  ""expected_state"": ""approved_28"",
  ""forbidden_effects"": [],
  ""paraphrase_preserves_meaning"": true,
  ""notes"": ""The paraphrase uses 'its' to refer to the file, preserving coreference. 'Leave everything else untouched' matches 'preserve every unrelated object and field'.""
}",c09536822275,279,0,,10b0556e3d18,ai-preannotation-json-v1,2026-07-11T17:02:27.693177+00:00,2437.056
pc_v4_28_p2,pc_v4_28,file,Model-A,deepseek-v4-flash,disabled,conditional_negative_constraint,Set reports/draft_28.txt's content to approved_28; preserve every unrelated object and field.,"If reports/draft_28.txt is present, set content to approved_28. Do not alter any other object or field.",reports/draft_28.txt,content,approved_28,"[""*""]",1,"The paraphrase adds a condition 'if present' which is not in the base instruction, but it is a reasonable interpretation for a file operation.",1,"{
  ""target_object"": ""reports/draft_28.txt"",
  ""target_field"": ""content"",
  ""expected_state"": ""approved_28"",
  ""forbidden_effects"": [""*""],
  ""paraphrase_preserves_meaning"": true,
  ""notes"": ""The paraphrase adds a condition 'if present' which is not in the base instruction, but it is a reasonable interpretation for a file operation.""
}",742df33316d9,277,0,,e2789ca24838,ai-preannotation-json-v1,2026-07-11T17:02:27.805655+00:00,2721.633
pc_v4_28_p3,pc_v4_28,file,Model-A,deepseek-v4-flash,disabled,ellipsis_multi_object_preservation,Set reports/draft_28.txt's content to approved_28; preserve every unrelated object and field.,"For reports/draft_28.txt: content -> approved_28; reports/reference_28.txt and reports/archive_28.txt, unchanged.",reports/draft_28.txt,content,approved_28,"[""reports/reference_28.txt"", ""reports/archive_28.txt""]",1,"The paraphrase explicitly preserves two other files, matching the base instruction's preservation requirement.",1,"{
  ""target_object"": ""reports/draft_28.txt"",
  ""target_field"": ""content"",
  ""expected_state"": ""approved_28"",
  ""forbidden_effects"": [
    ""reports/reference_28.txt"",
    ""reports/archive_28.txt""
  ],
  ""paraphrase_preserves_meaning"": true,
  ""notes"": ""The paraphrase explicitly preserves two other files, matching the base instruction's preservation requirement.""
}",4dc9de17ad15,293,0,,18c60bdee8bd,ai-preannotation-json-v1,2026-07-11T17:02:27.985416+00:00,2084.588
pc_v4_29_p1,pc_v4_29,web_form,Model-A,deepseek-v4-flash,disabled,pronoun_coreference,Set r29's status to approved; preserve every unrelated object and field.,"Open r29. Change its status so that it reads approved, and leave everything else untouched.",r29,status,approved,"[""any change to objects other than r29"", ""any change to fields of r29 other than status""]",1,"The paraphrase uses 'its' to refer to r29, preserving coreference. 'Leave everything else untouched' matches 'preserve every unrelated object and field'.",1,"{
  ""target_object"": ""r29"",
  ""target_field"": ""status"",
  ""expected_state"": ""approved"",
  ""forbidden_effects"": [""any change to objects other than r29"", ""any change to fields of r29 other than status""],
  ""paraphrase_preserves_meaning"": true,
  ""notes"": ""The paraphrase uses 'its' to refer to r29, preserving coreference. 'Leave everything else untouched' matches 'preserve every unrelated object and field'.""
}",0d6204dc1dcb,282,0,,5be48f306f60,ai-preannotation-json-v1,2026-07-11T17:02:29.366426+00:00,2212.742
pc_v4_29_p2,pc_v4_29,web_form,Model-A,deepseek-v4-flash,disabled,conditional_negative_constraint,Set r29's status to approved; preserve every unrelated object and field.,"If r29 is present, set status to approved. Do not alter any other object or field.",r29,status,approved,"[""any change to other objects"", ""any change to other fields""]",1,"The paraphrase adds a conditional 'if r29 is present', which is a slight nuance but does not change the core instruction. The negative constraint is preserved.",1,"{
  ""target_object"": ""r29"",
  ""target_field"": ""status"",
  ""expected_state"": ""approved"",
  ""forbidden_effects"": [""any change to other objects"", ""any change to other fields""],
  ""paraphrase_preserves_meaning"": true,
  ""notes"": ""The paraphrase adds a conditional 'if r29 is present', which is a slight nuance but does not change the core instruction. The negative constraint is preserved.""
}",46f98b725e0b,273,0,,b76fea4a1fad,ai-preannotation-json-v1,2026-07-11T17:02:30.070234+00:00,2132.036
pc_v4_29_p3,pc_v4_29,web_form,Model-A,deepseek-v4-flash,disabled,ellipsis_multi_object_preservation,Set r29's status to approved; preserve every unrelated object and field.,"For r29: status -> approved; peer_record_29_a and peer_record_29_b, unchanged.",r29,status,approved,"[""peer_record_29_a"", ""peer_record_29_b""]",1,"The paraphrase uses a colon and arrow notation to specify the update, and explicitly lists two objects that must remain unchanged, matching the base instruction's preservation requirement.",1,"{
  ""target_object"": ""r29"",
  ""target_field"": ""status"",
  ""expected_state"": ""approved"",
  ""forbidden_effects"": [""peer_record_29_a"", ""peer_record_29_b""],
  ""paraphrase_preserves_meaning"": true,
  ""notes"": ""The paraphrase uses a colon and arrow notation to specify the update, and explicitly lists two objects that must remain unchanged, matching the base instruction's preservation requirement.""
}",9bab084f20eb,279,0,,128535e6a24e,ai-preannotation-json-v1,2026-07-11T17:02:30.130425+00:00,2487.787
pc_v4_30_p1,pc_v4_30,table,Model-A,deepseek-v4-flash,disabled,pronoun_coreference,Set row30's score to 80; preserve every unrelated object and field.,"Open row30. Change its score so that it reads 80, and leave everything else untouched.",row30,score,80,"[""any change to other rows"", ""any change to other fields of row30""]",1,"The paraphrase uses 'its' to refer to row30, preserving coreference.",1,"{
  ""target_object"": ""row30"",
  ""target_field"": ""score"",
  ""expected_state"": 80,
  ""forbidden_effects"": [""any change to other rows"", ""any change to other fields of row30""],
  ""paraphrase_preserves_meaning"": true,
  ""notes"": ""The paraphrase uses 'its' to refer to row30, preserving coreference.""
}",684a1a4ad163,261,0,,71aa0d8719d7,ai-preannotation-json-v1,2026-07-11T17:02:30.527584+00:00,2554.919
pc_v4_30_p2,pc_v4_30,table,Model-A,deepseek-v4-flash,disabled,conditional_negative_constraint,Set row30's score to 80; preserve every unrelated object and field.,"If row30 is present, set score to 80. Do not alter any other object or field.",row30,score,80,"[""alter any other object or field""]",1,"The paraphrase adds a conditional 'if row30 is present', which is implicit in the base instruction. The negative constraint 'do not alter any other object or field' matches the base instruction's 'preserve every unrelated object and field'.",1,"{
  ""target_object"": ""row30"",
  ""target_field"": ""score"",
  ""expected_state"": 80,
  ""forbidden_effects"": [""alter any other object or field""],
  ""paraphrase_preserves_meaning"": true,
  ""notes"": ""The paraphrase adds a conditional 'if row30 is present', which is implicit in the base instruction. The negative constraint 'do not alter any other object or field' matches the base instruction's 'preserve every unrelated object and field'.""
}",785e8542f22e,285,0,,96eb1d5e7e73,ai-preannotation-json-v1,2026-07-11T17:02:31.579411+00:00,2559.643
pc_v4_30_p3,pc_v4_30,table,Model-A,deepseek-v4-flash,disabled,ellipsis_multi_object_preservation,Set row30's score to 80; preserve every unrelated object and field.,"For row30: score -> 80; peer_row_30_a and peer_row_30_b, unchanged.",row30,score,80,"[""peer_row_30_a"", ""peer_row_30_b""]",1,"The paraphrase uses an arrow notation and explicitly lists objects to remain unchanged, preserving the base instruction's meaning.",1,"{
  ""target_object"": ""row30"",
  ""target_field"": ""score"",
  ""expected_state"": 80,
  ""forbidden_effects"": [""peer_row_30_a"", ""peer_row_30_b""],
  ""paraphrase_preserves_meaning"": true,
  ""notes"": ""The paraphrase uses an arrow notation and explicitly lists objects to remain unchanged, preserving the base instruction's meaning.""
}",4ba7529ef688,270,0,,0f81ef1d04d9,ai-preannotation-json-v1,2026-07-11T17:02:32.202507+00:00,2172.399
pc_v4_31_p1,pc_v4_31,workflow_micro,Model-A,deepseek-v4-flash,disabled,pronoun_coreference,Set step31's note to checked_31; preserve every unrelated object and field.,"Open step31. Change its note so that it reads checked_31, and leave everything else untouched.",step31,note,checked_31,[],1,"The paraphrase uses 'its' to refer to step31, preserving coreference. 'Open step31' is an additional action not in the base instruction, but it does not change the intended effect on the note field.",1,"{
  ""target_object"": ""step31"",
  ""target_field"": ""note"",
  ""expected_state"": ""checked_31"",
  ""forbidden_effects"": [],
  ""paraphrase_preserves_meaning"": true,
  ""notes"": ""The paraphrase uses 'its' to refer to step31, preserving coreference. 'Open step31' is an additional action not in the base instruction, but it does not change the intended effect on the note field.""
}",de0b065a1393,280,0,,3d99faed35cc,ai-preannotation-json-v1,2026-07-11T17:02:32.618466+00:00,2548.135
pc_v4_31_p2,pc_v4_31,workflow_micro,Model-A,deepseek-v4-flash,disabled,conditional_negative_constraint,Set step31's note to checked_31; preserve every unrelated object and field.,"If step31 is present, set note to checked_31. Do not alter any other object or field.",step31,note,checked_31,"[""any change to any other object or field""]",1,The paraphrase adds a condition 'If step31 is present' which is implicit in the base instruction; the negative constraint 'Do not alter any other object or field' matches 'preserve every unrelated object and field'.,1,"{
  ""target_object"": ""step31"",
  ""target_field"": ""note"",
  ""expected_state"": ""checked_31"",
  ""forbidden_effects"": [""any change to any other object or field""],
  ""paraphrase_preserves_meaning"": true,
  ""notes"": ""The paraphrase adds a condition 'If step31 is present' which is implicit in the base instruction; the negative constraint 'Do not alter any other object or field' matches 'preserve every unrelated object and field'.""
}",6b7278fcd7ea,290,0,,74d0b523a889,ai-preannotation-json-v1,2026-07-11T17:02:33.082738+00:00,2754.862
pc_v4_31_p3,pc_v4_31,workflow_micro,Model-A,deepseek-v4-flash,disabled,ellipsis_multi_object_preservation,Set step31's note to checked_31; preserve every unrelated object and field.,"For step31: note -> checked_31; peer_step_31_a and peer_step_31_b, unchanged.",step31,note,checked_31,"[""peer_step_31_a"", ""peer_step_31_b""]",1,"The paraphrase explicitly preserves peer_step_31_a and peer_step_31_b, matching the base instruction's preservation requirement.",1,"{
    ""target_object"": ""step31"",
    ""target_field"": ""note"",
    ""expected_state"": ""checked_31"",
    ""forbidden_effects"": [""peer_step_31_a"", ""peer_step_31_b""],
    ""paraphrase_preserves_meaning"": true,
    ""notes"": ""The paraphrase explicitly preserves peer_step_31_a and peer_step_31_b, matching the base instruction's preservation requirement.""
}",6a59f1ddfbe0,280,0,,d3883f1f46a5,ai-preannotation-json-v1,2026-07-11T17:02:34.139285+00:00,2274.649
pc_v4_32_p1,pc_v4_32,file,Model-A,deepseek-v4-flash,disabled,pronoun_coreference,Set reports/draft_32.txt's content to approved_32; preserve every unrelated object and field.,"Open reports/draft_32.txt. Change its content so that it reads approved_32, and leave everything else untouched.",reports/draft_32.txt,content,approved_32,"[""any change to other files"", ""any change to other fields of reports/draft_32.txt""]",1,"The paraphrase uses 'its' to refer to the file, preserving coreference.",1,"{
  ""target_object"": ""reports/draft_32.txt"",
  ""target_field"": ""content"",
  ""expected_state"": ""approved_32"",
  ""forbidden_effects"": [""any change to other files"", ""any change to other fields of reports/draft_32.txt""],
  ""paraphrase_preserves_meaning"": true,
  ""notes"": ""The paraphrase uses 'its' to refer to the file, preserving coreference.""
}",86d0568f8774,282,0,,33db77a4775a,ai-preannotation-json-v1,2026-07-11T17:02:34.375148+00:00,2274.143
pc_v4_32_p2,pc_v4_32,file,Model-A,deepseek-v4-flash,disabled,conditional_negative_constraint,Set reports/draft_32.txt's content to approved_32; preserve every unrelated object and field.,"If reports/draft_32.txt is present, set content to approved_32. Do not alter any other object or field.",reports/draft_32.txt,content,approved_32,"[""any other object"", ""any other field""]",1,"The paraphrase adds a condition ('if present') that is not in the base instruction, but the core action and preservation constraint are preserved.",1,"{
  ""target_object"": ""reports/draft_32.txt"",
  ""target_field"": ""content"",
  ""expected_state"": ""approved_32"",
  ""forbidden_effects"": [""any other object"", ""any other field""],
  ""paraphrase_preserves_meaning"": true,
  ""notes"": ""The paraphrase adds a condition ('if present') that is not in the base instruction, but the core action and preservation constraint are preserved.""
}",42b83f7d8e8f,283,0,,202fa7926a29,ai-preannotation-json-v1,2026-07-11T17:02:35.166806+00:00,2874.306
pc_v4_32_p3,pc_v4_32,file,Model-A,deepseek-v4-flash,disabled,ellipsis_multi_object_preservation,Set reports/draft_32.txt's content to approved_32; preserve every unrelated object and field.,"For reports/draft_32.txt: content -> approved_32; reports/reference_32.txt and reports/archive_32.txt, unchanged.",reports/draft_32.txt,content,approved_32,"[""reports/reference_32.txt"", ""reports/archive_32.txt""]",1,"The paraphrase explicitly preserves two other files, matching the base instruction's preservation requirement.",1,"{
  ""target_object"": ""reports/draft_32.txt"",
  ""target_field"": ""content"",
  ""expected_state"": ""approved_32"",
  ""forbidden_effects"": [""reports/reference_32.txt"", ""reports/archive_32.txt""],
  ""paraphrase_preserves_meaning"": true,
  ""notes"": ""The paraphrase explicitly preserves two other files, matching the base instruction's preservation requirement.""
}",55394410d433,288,0,,51a0ad11d60b,ai-preannotation-json-v1,2026-07-11T17:02:35.837822+00:00,2622.324
pc_v4_33_p1,pc_v4_33,web_form,Model-A,deepseek-v4-flash,disabled,pronoun_coreference,Set r33's name to Alice_33; preserve every unrelated object and field.,"Open r33. Change its name so that it reads Alice_33, and leave everything else untouched.",r33,name,Alice_33,[],1,"The paraphrase uses 'its' to refer to r33, preserving coreference and meaning.",1,"{
  ""target_object"": ""r33"",
  ""target_field"": ""name"",
  ""expected_state"": ""Alice_33"",
  ""forbidden_effects"": [],
  ""paraphrase_preserves_meaning"": true,
  ""notes"": ""The paraphrase uses 'its' to refer to r33, preserving coreference and meaning.""
}",1134f69d1c59,252,0,,9517909f2b17,ai-preannotation-json-v1,2026-07-11T17:02:36.414141+00:00,2176.575
pc_v4_33_p2,pc_v4_33,web_form,Model-A,deepseek-v4-flash,disabled,conditional_negative_constraint,Set r33's name to Alice_33; preserve every unrelated object and field.,"If r33 is present, set name to Alice_33. Do not alter any other object or field.",r33,name,Alice_33,"[""any change to other objects"", ""any change to other fields of r33""]",1,"The paraphrase adds a condition 'if r33 is present' which is implicit in the base instruction, but does not change the core meaning.",1,"{
  ""target_object"": ""r33"",
  ""target_field"": ""name"",
  ""expected_state"": ""Alice_33"",
  ""forbidden_effects"": [""any change to other objects"", ""any change to other fields of r33""],
  ""paraphrase_preserves_meaning"": true,
  ""notes"": ""The paraphrase adds a condition 'if r33 is present' which is implicit in the base instruction, but does not change the core meaning.""
}",73f539fa84c9,279,0,,0bb557ad604a,ai-preannotation-json-v1,2026-07-11T17:02:36.649449+00:00,2280.450
pc_v4_33_p3,pc_v4_33,web_form,Model-A,deepseek-v4-flash,disabled,ellipsis_multi_object_preservation,Set r33's name to Alice_33; preserve every unrelated object and field.,"For r33: name -> Alice_33; peer_record_33_a and peer_record_33_b, unchanged.",r33,name,Alice_33,"[""peer_record_33_a"", ""peer_record_33_b""]",1,"The paraphrase uses an arrow notation and explicitly lists objects to preserve, matching the base instruction's intent.",1,"{
  ""target_object"": ""r33"",
  ""target_field"": ""name"",
  ""expected_state"": ""Alice_33"",
  ""forbidden_effects"": [""peer_record_33_a"", ""peer_record_33_b""],
  ""paraphrase_preserves_meaning"": true,
  ""notes"": ""The paraphrase uses an arrow notation and explicitly lists objects to preserve, matching the base instruction's intent.""
}",5ef659c55fff,274,0,,1952a8f51bd6,ai-preannotation-json-v1,2026-07-11T17:02:38.041337+00:00,2807.624
pc_v4_34_p1,pc_v4_34,table,Model-A,deepseek-v4-flash,disabled,pronoun_coreference,Set row34's score to 84; preserve every unrelated object and field.,"Open row34. Change its score so that it reads 84, and leave everything else untouched.",row34,score,84,"[""change any other row"", ""change any other field of row34"", ""modify any other object""]",1,"The paraphrase uses 'its' to refer to row34, preserving coreference. 'Open' is interpreted as selecting or accessing the row, and 'leave everything else untouched' matches the preservation constraint.",1,"{
  ""target_object"": ""row34"",
  ""target_field"": ""score"",
  ""expected_state"": 84,
  ""forbidden_effects"": [""change any other row"", ""change any other field of row34"", ""modify any other object""],
  ""paraphrase_preserves_meaning"": true,
  ""notes"": ""The paraphrase uses 'its' to refer to row34, preserving coreference. 'Open' is interpreted as selecting or accessing the row, and 'leave everything else untouched' matches the preservation constraint.""
}",ee0637f36a0e,290,0,,ae75099af929,ai-preannotation-json-v1,2026-07-11T17:02:38.460408+00:00,3138.705
pc_v4_34_p2,pc_v4_34,table,Model-A,deepseek-v4-flash,disabled,conditional_negative_constraint,Set row34's score to 84; preserve every unrelated object and field.,"If row34 is present, set score to 84. Do not alter any other object or field.",row34,score,84,"[""alter any other object or field""]",1,,1,"{
  ""target_object"": ""row34"",
  ""target_field"": ""score"",
  ""expected_state"": 84,
  ""forbidden_effects"": [""alter any other object or field""],
  ""paraphrase_preserves_meaning"": true,
  ""notes"": """"
}",3ae8c237e137,237,0,,01a28e574756,ai-preannotation-json-v1,2026-07-11T17:02:38.590911+00:00,2261.757
pc_v4_34_p3,pc_v4_34,table,Model-A,deepseek-v4-flash,disabled,ellipsis_multi_object_preservation,Set row34's score to 84; preserve every unrelated object and field.,"For row34: score -> 84; peer_row_34_a and peer_row_34_b, unchanged.",row34,score,84,"[""peer_row_34_a"", ""peer_row_34_b""]",1,"The paraphrase uses arrow notation and lists objects to remain unchanged, preserving the original instruction's meaning.",1,"{
    ""target_object"": ""row34"",
    ""target_field"": ""score"",
    ""expected_state"": 84,
    ""forbidden_effects"": [""peer_row_34_a"", ""peer_row_34_b""],
    ""paraphrase_preserves_meaning"": true,
    ""notes"": ""The paraphrase uses arrow notation and lists objects to remain unchanged, preserving the original instruction's meaning.""
}",0a58dea450fa,268,0,,82f4c3bfbad3,ai-preannotation-json-v1,2026-07-11T17:02:38.930080+00:00,2260.966
pc_v4_35_p1,pc_v4_35,workflow_micro,Model-A,deepseek-v4-flash,disabled,pronoun_coreference,Set step35's note to checked_35; preserve every unrelated object and field.,"Open step35. Change its note so that it reads checked_35, and leave everything else untouched.",step35,note,checked_35,"[""any modification to objects other than step35"", ""any modification to fields other than note in step35""]",1,"The paraphrase uses 'its' to refer to step35, preserving coreference. 'Open step35' is interpreted as accessing the object, not a destructive action.",1,"{
  ""target_object"": ""step35"",
  ""target_field"": ""note"",
  ""expected_state"": ""checked_35"",
  ""forbidden_effects"": [""any modification to objects other than step35"", ""any modification to fields other than note in step35""],
  ""paraphrase_preserves_meaning"": true,
  ""notes"": ""The paraphrase uses 'its' to refer to step35, preserving coreference. 'Open step35' is interpreted as accessing the object, not a destructive action.""
}",62072cf5b028,290,0,,ef3a723d3be2,ai-preannotation-json-v1,2026-07-11T17:02:40.849112+00:00,2718.699
pc_v4_35_p2,pc_v4_35,workflow_micro,Model-A,deepseek-v4-flash,disabled,conditional_negative_constraint,Set step35's note to checked_35; preserve every unrelated object and field.,"If step35 is present, set note to checked_35. Do not alter any other object or field.",step35,note,checked_35,"[""modify other objects"", ""modify other fields of step35""]",1,"The paraphrase adds a condition 'If step35 is present' which is implicit in the base instruction, but does not change the core meaning.",1,"{
  ""target_object"": ""step35"",
  ""target_field"": ""note"",
  ""expected_state"": ""checked_35"",
  ""forbidden_effects"": [""modify other objects"", ""modify other fields of step35""],
  ""paraphrase_preserves_meaning"": true,
  ""notes"": ""The paraphrase adds a condition 'If step35 is present' which is implicit in the base instruction, but does not change the core meaning.""
}",3eb5cfd57903,279,0,,d93658e496ec,ai-preannotation-json-v1,2026-07-11T17:02:40.852792+00:00,2065.256
pc_v4_35_p3,pc_v4_35,workflow_micro,Model-A,deepseek-v4-flash,disabled,ellipsis_multi_object_preservation,Set step35's note to checked_35; preserve every unrelated object and field.,"For step35: note -> checked_35; peer_step_35_a and peer_step_35_b, unchanged.",step35,note,checked_35,"[""peer_step_35_a"", ""peer_step_35_b""]",1,"The paraphrase uses a colon and arrow notation to specify the update, and explicitly lists objects that must remain unchanged.",1,"{
  ""target_object"": ""step35"",
  ""target_field"": ""note"",
  ""expected_state"": ""checked_35"",
  ""forbidden_effects"": [""peer_step_35_a"", ""peer_step_35_b""],
  ""paraphrase_preserves_meaning"": true,
  ""notes"": ""The paraphrase uses a colon and arrow notation to specify the update, and explicitly lists objects that must remain unchanged.""
}",09a5ba37c353,278,0,,6ee473117c60,ai-preannotation-json-v1,2026-07-11T17:02:41.191265+00:00,2087.517
pc_v4_36_p1,pc_v4_36,file,Model-A,deepseek-v4-flash,disabled,pronoun_coreference,Set reports/draft_36.txt's content to approved_36; preserve every unrelated object and field.,"Open reports/draft_36.txt. Change its content so that it reads approved_36, and leave everything else untouched.",reports/draft_36.txt,content,approved_36,"[""any change to other files"", ""any change to other fields of reports/draft_36.txt""]",1,"The paraphrase uses 'its' to refer to the file, preserving coreference. The instruction to 'leave everything else untouched' matches 'preserve every unrelated object and field'.",1,"{
  ""target_object"": ""reports/draft_36.txt"",
  ""target_field"": ""content"",
  ""expected_state"": ""approved_36"",
  ""forbidden_effects"": [""any change to other files"", ""any change to other fields of reports/draft_36.txt""],
  ""paraphrase_preserves_meaning"": true,
  ""notes"": ""The paraphrase uses 'its' to refer to the file, preserving coreference. The instruction to 'leave everything else untouched' matches 'preserve every unrelated object and field'.""
}",744e4c6f8cf8,302,0,,e0c5d1b57304,ai-preannotation-json-v1,2026-07-11T17:02:41.599332+00:00,2431.518
pc_v4_36_p2,pc_v4_36,file,Model-A,deepseek-v4-flash,disabled,conditional_negative_constraint,Set reports/draft_36.txt's content to approved_36; preserve every unrelated object and field.,"If reports/draft_36.txt is present, set content to approved_36. Do not alter any other object or field.",reports/draft_36.txt,content,approved_36,"[""*""]",1,"The paraphrase adds a condition ('if present') not in the base instruction, but the base instruction implies the file exists. The forbidden effects are preserved as 'do not alter any other object or field'.",1,"{
  ""target_object"": ""reports/draft_36.txt"",
  ""target_field"": ""content"",
  ""expected_state"": ""approved_36"",
  ""forbidden_effects"": [""*""],
  ""paraphrase_preserves_meaning"": true,
  ""notes"": ""The paraphrase adds a condition ('if present') not in the base instruction, but the base instruction implies the file exists. The forbidden effects are preserved as 'do not alter any other object or field'.""
}",0b3d05cb770c,290,0,,0c55331d2354,ai-preannotation-json-v1,2026-07-11T17:02:42.918250+00:00,2483.954
pc_v4_36_p3,pc_v4_36,file,Model-A,deepseek-v4-flash,disabled,ellipsis_multi_object_preservation,Set reports/draft_36.txt's content to approved_36; preserve every unrelated object and field.,"For reports/draft_36.txt: content -> approved_36; reports/reference_36.txt and reports/archive_36.txt, unchanged.",reports/draft_36.txt,content,approved_36,"[""reports/reference_36.txt"", ""reports/archive_36.txt""]",1,"The paraphrase explicitly preserves two other objects, matching the base instruction's preservation requirement.",1,"{
  ""target_object"": ""reports/draft_36.txt"",
  ""target_field"": ""content"",
  ""expected_state"": ""approved_36"",
  ""forbidden_effects"": [""reports/reference_36.txt"", ""reports/archive_36.txt""],
  ""paraphrase_preserves_meaning"": true,
  ""notes"": ""The paraphrase explicitly preserves two other objects, matching the base instruction's preservation requirement.""
}",dff209bdc1ec,288,0,,d3da119910d3,ai-preannotation-json-v1,2026-07-11T17:02:43.279020+00:00,1995.525
pc_v4_37_p1,pc_v4_37,web_form,Model-A,deepseek-v4-flash,disabled,pronoun_coreference,Set r37's status to approved; preserve every unrelated object and field.,"Open r37. Change its status so that it reads approved, and leave everything else untouched.",r37,status,approved,"[""modify any other field of r37"", ""modify any other object""]",1,"The paraphrase uses 'its' to refer to r37, maintaining coreference. 'Open r37' is interpreted as accessing the object, and 'leave everything else untouched' matches 'preserve every unrelated object and field'.",1,"{
  ""target_object"": ""r37"",
  ""target_field"": ""status"",
  ""expected_state"": ""approved"",
  ""forbidden_effects"": [""modify any other field of r37"", ""modify any other object""],
  ""paraphrase_preserves_meaning"": true,
  ""notes"": ""The paraphrase uses 'its' to refer to r37, maintaining coreference. 'Open r37' is interpreted as accessing the object, and 'leave everything else untouched' matches 'preserve every unrelated object and field'.""
}",530e2b9f6913,290,0,,ff3f3fb50d48,ai-preannotation-json-v1,2026-07-11T17:02:43.568021+00:00,2695.123
pc_v4_37_p2,pc_v4_37,web_form,Model-A,deepseek-v4-flash,disabled,conditional_negative_constraint,Set r37's status to approved; preserve every unrelated object and field.,"If r37 is present, set status to approved. Do not alter any other object or field.",r37,status,approved,"[""alter any other object or field""]",1,"The paraphrase adds a conditional 'if r37 is present', which is implicit in the base instruction. The constraint 'do not alter any other object or field' is preserved.",1,"{
  ""target_object"": ""r37"",
  ""target_field"": ""status"",
  ""expected_state"": ""approved"",
  ""forbidden_effects"": [""alter any other object or field""],
  ""paraphrase_preserves_meaning"": true,
  ""notes"": ""The paraphrase adds a conditional 'if r37 is present', which is implicit in the base instruction. The constraint 'do not alter any other object or field' is preserved.""
}",36cab6e6faee,271,0,,e77b6df2b6cc,ai-preannotation-json-v1,2026-07-11T17:02:44.031095+00:00,2464.154
pc_v4_37_p3,pc_v4_37,web_form,Model-A,deepseek-v4-flash,disabled,ellipsis_multi_object_preservation,Set r37's status to approved; preserve every unrelated object and field.,"For r37: status -> approved; peer_record_37_a and peer_record_37_b, unchanged.",r37,status,approved,"[""peer_record_37_a"", ""peer_record_37_b""]",1,"The paraphrase explicitly preserves two other objects, matching the base instruction's preservation requirement.",1,"{
  ""target_object"": ""r37"",
  ""target_field"": ""status"",
  ""expected_state"": ""approved"",
  ""forbidden_effects"": [""peer_record_37_a"", ""peer_record_37_b""],
  ""paraphrase_preserves_meaning"": true,
  ""notes"": ""The paraphrase explicitly preserves two other objects, matching the base instruction's preservation requirement.""
}",8cc02e3fc6e8,264,0,,5e8e0edc6b9e,ai-preannotation-json-v1,2026-07-11T17:02:45.274750+00:00,2074.871
pc_v4_38_p1,pc_v4_38,table,Model-A,deepseek-v4-flash,disabled,pronoun_coreference,Set row38's score to 88; preserve every unrelated object and field.,"Open row38. Change its score so that it reads 88, and leave everything else untouched.",row38,score,88,"[""any change to other rows"", ""any change to other fields of row38""]",1,"The paraphrase uses 'its' to refer to row38, preserving coreference. 'Leave everything else untouched' matches 'preserve every unrelated object and field.'",1,"{
  ""target_object"": ""row38"",
  ""target_field"": ""score"",
  ""expected_state"": 88,
  ""forbidden_effects"": [""any change to other rows"", ""any change to other fields of row38""],
  ""paraphrase_preserves_meaning"": true,
  ""notes"": ""The paraphrase uses 'its' to refer to row38, preserving coreference. 'Leave everything else untouched' matches 'preserve every unrelated object and field.'""
}",8d559b36f533,278,0,,3cb22df1dc2e,ai-preannotation-json-v1,2026-07-11T17:02:45.402425+00:00,2368.002
pc_v4_38_p2,pc_v4_38,table,Model-A,deepseek-v4-flash,disabled,conditional_negative_constraint,Set row38's score to 88; preserve every unrelated object and field.,"If row38 is present, set score to 88. Do not alter any other object or field.",row38,score,88,"[""modify any other object"", ""modify any other field""]",1,"The paraphrase adds a condition 'if row38 is present' which is not in the base instruction, but the core action and constraints are preserved.",1,"{
  ""target_object"": ""row38"",
  ""target_field"": ""score"",
  ""expected_state"": 88,
  ""forbidden_effects"": [""modify any other object"", ""modify any other field""],
  ""paraphrase_preserves_meaning"": true,
  ""notes"": ""The paraphrase adds a condition 'if row38 is present' which is not in the base instruction, but the core action and constraints are preserved.""
}",6767e37406eb,272,0,,1c72dfc31420,ai-preannotation-json-v1,2026-07-11T17:02:46.263437+00:00,2180.208
pc_v4_38_p3,pc_v4_38,table,Model-A,deepseek-v4-flash,disabled,ellipsis_multi_object_preservation,Set row38's score to 88; preserve every unrelated object and field.,"For row38: score -> 88; peer_row_38_a and peer_row_38_b, unchanged.",row38,score,88,"[""peer_row_38_a"", ""peer_row_38_b""]",1,"The paraphrase explicitly states that peer_row_38_a and peer_row_38_b remain unchanged, matching the base instruction's preservation requirement.",1,"{
  ""target_object"": ""row38"",
  ""target_field"": ""score"",
  ""expected_state"": 88,
  ""forbidden_effects"": [""peer_row_38_a"", ""peer_row_38_b""],
  ""paraphrase_preserves_meaning"": true,
  ""notes"": ""The paraphrase explicitly states that peer_row_38_a and peer_row_38_b remain unchanged, matching the base instruction's preservation requirement.""
}",76728d00af45,276,0,,3e7c91eeab30,ai-preannotation-json-v1,2026-07-11T17:02:46.495516+00:00,2487.239
pc_v4_39_p1,pc_v4_39,workflow_micro,Model-A,deepseek-v4-flash,disabled,pronoun_coreference,Set step39's note to checked_39; preserve every unrelated object and field.,"Open step39. Change its note so that it reads checked_39, and leave everything else untouched.",step39,note,checked_39,"[""modify other fields of step39"", ""modify any other object""]",1,"The paraphrase uses 'its' to refer to step39, preserving coreference.",1,"{
  ""target_object"": ""step39"",
  ""target_field"": ""note"",
  ""expected_state"": ""checked_39"",
  ""forbidden_effects"": [""modify other fields of step39"", ""modify any other object""],
  ""paraphrase_preserves_meaning"": true,
  ""notes"": ""The paraphrase uses 'its' to refer to step39, preserving coreference.""
}",22594d3e6333,267,0,,3d9ea04a5ffd,ai-preannotation-json-v1,2026-07-11T17:02:47.349823+00:00,2080.110
pc_v4_39_p2,pc_v4_39,workflow_micro,Model-A,deepseek-v4-flash,disabled,conditional_negative_constraint,Set step39's note to checked_39; preserve every unrelated object and field.,"If step39 is present, set note to checked_39. Do not alter any other object or field.",step39,note,checked_39,"[""any other object"", ""any other field""]",1,"The paraphrase adds a condition 'If step39 is present' which is not in the base instruction, but since the base instruction implies step39 exists, the meaning is preserved.",1,"{
  ""target_object"": ""step39"",
  ""target_field"": ""note"",
  ""expected_state"": ""checked_39"",
  ""forbidden_effects"": [""any other object"", ""any other field""],
  ""paraphrase_preserves_meaning"": true,
  ""notes"": ""The paraphrase adds a condition 'If step39 is present' which is not in the base instruction, but since the base instruction implies step39 exists, the meaning is preserved.""
}",52a617c50ee4,281,0,,ca67f0dae39f,ai-preannotation-json-v1,2026-07-11T17:02:47.770697+00:00,2354.227
pc_v4_39_p3,pc_v4_39,workflow_micro,Model-A,deepseek-v4-flash,disabled,ellipsis_multi_object_preservation,Set step39's note to checked_39; preserve every unrelated object and field.,"For step39: note -> checked_39; peer_step_39_a and peer_step_39_b, unchanged.",step39,note,checked_39,"[""peer_step_39_a"", ""peer_step_39_b""]",1,"The paraphrase uses a colon and arrow to indicate the assignment, and explicitly lists the objects that must remain unchanged.",1,"{
  ""target_object"": ""step39"",
  ""target_field"": ""note"",
  ""expected_state"": ""checked_39"",
  ""forbidden_effects"": [""peer_step_39_a"", ""peer_step_39_b""],
  ""paraphrase_preserves_meaning"": true,
  ""notes"": ""The paraphrase uses a colon and arrow to indicate the assignment, and explicitly lists the objects that must remain unchanged.""
}",2c4b691d5539,278,0,,35b9d126eba1,ai-preannotation-json-v1,2026-07-11T17:02:48.443925+00:00,2251.224
pc_v4_40_p1,pc_v4_40,file,Model-A,deepseek-v4-flash,disabled,pronoun_coreference,Set reports/draft_40.txt's content to approved_40; preserve every unrelated object and field.,"Open reports/draft_40.txt. Change its content so that it reads approved_40, and leave everything else untouched.",reports/draft_40.txt,content,approved_40,[],1,"The paraphrase uses 'its' to refer to the file, preserving the coreference and meaning.",1,"{
  ""target_object"": ""reports/draft_40.txt"",
  ""target_field"": ""content"",
  ""expected_state"": ""approved_40"",
  ""forbidden_effects"": [],
  ""paraphrase_preserves_meaning"": true,
  ""notes"": ""The paraphrase uses 'its' to refer to the file, preserving the coreference and meaning.""
}",fd6dc3a10813,265,0,,0c009668fadb,ai-preannotation-json-v1,2026-07-11T17:02:48.982950+00:00,2412.204
pc_v4_40_p2,pc_v4_40,file,Model-A,deepseek-v4-flash,disabled,conditional_negative_constraint,Set reports/draft_40.txt's content to approved_40; preserve every unrelated object and field.,"If reports/draft_40.txt is present, set content to approved_40. Do not alter any other object or field.",reports/draft_40.txt,content,approved_40,"[""any change to other objects"", ""any change to other fields""]",1,"The paraphrase adds a condition 'if present' which is not in the base instruction, but the core action and constraints are preserved.",1,"{
  ""target_object"": ""reports/draft_40.txt"",
  ""target_field"": ""content"",
  ""expected_state"": ""approved_40"",
  ""forbidden_effects"": [""any change to other objects"", ""any change to other fields""],
  ""paraphrase_preserves_meaning"": true,
  ""notes"": ""The paraphrase adds a condition 'if present' which is not in the base instruction, but the core action and constraints are preserved.""
}",017904fd2e9c,286,0,,267943a9ab33,ai-preannotation-json-v1,2026-07-11T17:02:49.430174+00:00,2040.332
pc_v4_40_p3,pc_v4_40,file,Model-A,deepseek-v4-flash,disabled,ellipsis_multi_object_preservation,Set reports/draft_40.txt's content to approved_40; preserve every unrelated object and field.,"For reports/draft_40.txt: content -> approved_40; reports/reference_40.txt and reports/archive_40.txt, unchanged.",reports/draft_40.txt,content,approved_40,"[""reports/reference_40.txt"", ""reports/archive_40.txt""]",1,"The paraphrase explicitly preserves two other objects, matching the base instruction's preservation requirement.",1,"{
  ""target_object"": ""reports/draft_40.txt"",
  ""target_field"": ""content"",
  ""expected_state"": ""approved_40"",
  ""forbidden_effects"": [""reports/reference_40.txt"", ""reports/archive_40.txt""],
  ""paraphrase_preserves_meaning"": true,
  ""notes"": ""The paraphrase explicitly preserves two other objects, matching the base instruction's preservation requirement.""
}",fc6eb1af2962,288,0,,064545c983ee,ai-preannotation-json-v1,2026-07-11T17:02:50.125138+00:00,2381.978
pc_v4_41_p1,pc_v4_41,web_form,Model-A,deepseek-v4-flash,disabled,pronoun_coreference,Set r41's status to approved; preserve every unrelated object and field.,"Open r41. Change its status so that it reads approved, and leave everything else untouched.",r41,status,approved,"[""any change to objects other than r41"", ""any change to fields other than status in r41""]",1,"The paraphrase uses 'its' to refer to r41, preserving the coreference. 'Open r41' is interpreted as accessing the object, and 'leave everything else untouched' matches 'preserve every unrelated object and field'.",1,"{
  ""target_object"": ""r41"",
  ""target_field"": ""status"",
  ""expected_state"": ""approved"",
  ""forbidden_effects"": [""any change to objects other than r41"", ""any change to fields other than status in r41""],
  ""paraphrase_preserves_meaning"": true,
  ""notes"": ""The paraphrase uses 'its' to refer to r41, preserving the coreference. 'Open r41' is interpreted as accessing the object, and 'leave everything else untouched' matches 'preserve every unrelated object and field'.""
}",30169199e25a,296,0,,533f8a3d535d,ai-preannotation-json-v1,2026-07-11T17:02:50.695369+00:00,2434.804
pc_v4_41_p2,pc_v4_41,web_form,Model-A,deepseek-v4-flash,disabled,conditional_negative_constraint,Set r41's status to approved; preserve every unrelated object and field.,"If r41 is present, set status to approved. Do not alter any other object or field.",r41,status,approved,"[""alter any other object or field""]",1,"The paraphrase adds a condition 'if r41 is present', which is implicit in the base instruction. The negative constraint is preserved.",1,"{
  ""target_object"": ""r41"",
  ""target_field"": ""status"",
  ""expected_state"": ""approved"",
  ""forbidden_effects"": [""alter any other object or field""],
  ""paraphrase_preserves_meaning"": true,
  ""notes"": ""The paraphrase adds a condition 'if r41 is present', which is implicit in the base instruction. The negative constraint is preserved.""
}",ce9587b466b3,262,0,,6420c20b7911,ai-preannotation-json-v1,2026-07-11T17:02:51.395359+00:00,3050.882
pc_v4_41_p3,pc_v4_41,web_form,Model-A,deepseek-v4-flash,disabled,ellipsis_multi_object_preservation,Set r41's status to approved; preserve every unrelated object and field.,"For r41: status -> approved; peer_record_41_a and peer_record_41_b, unchanged.",r41,status,approved,"[""peer_record_41_a"", ""peer_record_41_b""]",1,"The paraphrase uses a colon and arrow notation to specify the update, and explicitly lists two objects that must remain unchanged, matching the base instruction's preservation requirement.",1,"{
  ""target_object"": ""r41"",
  ""target_field"": ""status"",
  ""expected_state"": ""approved"",
  ""forbidden_effects"": [""peer_record_41_a"", ""peer_record_41_b""],
  ""paraphrase_preserves_meaning"": true,
  ""notes"": ""The paraphrase uses a colon and arrow notation to specify the update, and explicitly lists two objects that must remain unchanged, matching the base instruction's preservation requirement.""
}",bed2b2aa6737,279,0,,2d530425bc56,ai-preannotation-json-v1,2026-07-11T17:02:51.470718+00:00,2311.512
pc_v4_42_p1,pc_v4_42,table,Model-A,deepseek-v4-flash,disabled,pronoun_coreference,Set row42's score to 82; preserve every unrelated object and field.,"Open row42. Change its score so that it reads 82, and leave everything else untouched.",row42,score,82,"[""any change to other rows"", ""any change to other fields of row42""]",1,"The paraphrase uses 'its' and 'it' to refer to row42, preserving the coreference and meaning.",1,"{
  ""target_object"": ""row42"",
  ""target_field"": ""score"",
  ""expected_state"": 82,
  ""forbidden_effects"": [""any change to other rows"", ""any change to other fields of row42""],
  ""paraphrase_preserves_meaning"": true,
  ""notes"": ""The paraphrase uses 'its' and 'it' to refer to row42, preserving the coreference and meaning.""
}",20e97093242b,268,0,,68bf95299c2b,ai-preannotation-json-v1,2026-07-11T17:02:52.507333+00:00,2294.326
pc_v4_42_p2,pc_v4_42,table,Model-A,deepseek-v4-flash,disabled,conditional_negative_constraint,Set row42's score to 82; preserve every unrelated object and field.,"If row42 is present, set score to 82. Do not alter any other object or field.",row42,score,82,"[""alter any other object or field""]",1,"The paraphrase adds a condition 'if row42 is present', which is implicit in the base instruction (assuming row42 exists). The negative constraint is preserved.",1,"{
  ""target_object"": ""row42"",
  ""target_field"": ""score"",
  ""expected_state"": 82,
  ""forbidden_effects"": [""alter any other object or field""],
  ""paraphrase_preserves_meaning"": true,
  ""notes"": ""The paraphrase adds a condition 'if row42 is present', which is implicit in the base instruction (assuming row42 exists). The negative constraint is preserved.""
}",e3f9200261d3,268,0,,ff12da35b18e,ai-preannotation-json-v1,2026-07-11T17:02:53.130364+00:00,2439.050
pc_v4_42_p3,pc_v4_42,table,Model-A,deepseek-v4-flash,disabled,ellipsis_multi_object_preservation,Set row42's score to 82; preserve every unrelated object and field.,"For row42: score -> 82; peer_row_42_a and peer_row_42_b, unchanged.",row42,score,82,"[""peer_row_42_a"", ""peer_row_42_b""]",1,"The paraphrase uses an arrow notation and explicitly lists objects to remain unchanged, preserving the meaning of the base instruction.",1,"{
  ""target_object"": ""row42"",
  ""target_field"": ""score"",
  ""expected_state"": 82,
  ""forbidden_effects"": [""peer_row_42_a"", ""peer_row_42_b""],
  ""paraphrase_preserves_meaning"": true,
  ""notes"": ""The paraphrase uses an arrow notation and explicitly lists objects to remain unchanged, preserving the meaning of the base instruction.""
}",2b80af703d62,271,0,,51a1e589a1c3,ai-preannotation-json-v1,2026-07-11T17:02:53.782475+00:00,2313.217
pc_v4_43_p1,pc_v4_43,workflow_micro,Model-A,deepseek-v4-flash,disabled,pronoun_coreference,Set step43's note to checked_43; preserve every unrelated object and field.,"Open step43. Change its note so that it reads checked_43, and leave everything else untouched.",step43,note,checked_43,[],1,"The paraphrase uses 'its' to refer to step43, preserving coreference.",1,"{
  ""target_object"": ""step43"",
  ""target_field"": ""note"",
  ""expected_state"": ""checked_43"",
  ""forbidden_effects"": [],
  ""paraphrase_preserves_meaning"": true,
  ""notes"": ""The paraphrase uses 'its' to refer to step43, preserving coreference.""
}",40caa5ecf96b,252,0,,1f200e88622c,ai-preannotation-json-v1,2026-07-11T17:02:54.446437+00:00,2856.429
pc_v4_43_p2,pc_v4_43,workflow_micro,Model-A,deepseek-v4-flash,disabled,conditional_negative_constraint,Set step43's note to checked_43; preserve every unrelated object and field.,"If step43 is present, set note to checked_43. Do not alter any other object or field.",step43,note,checked_43,"[""any change to objects other than step43"", ""any change to fields other than note in step43""]",1,"The paraphrase adds a condition 'if step43 is present', which is implicit in the base instruction. The negative constraint 'do not alter any other object or field' is preserved.",1,"{
  ""target_object"": ""step43"",
  ""target_field"": ""note"",
  ""expected_state"": ""checked_43"",
  ""forbidden_effects"": [""any change to objects other than step43"", ""any change to fields other than note in step43""],
  ""paraphrase_preserves_meaning"": true,
  ""notes"": ""The paraphrase adds a condition 'if step43 is present', which is implicit in the base instruction. The negative constraint 'do not alter any other object or field' is preserved.""
}",b8c140d1c0df,294,0,,e39656893c15,ai-preannotation-json-v1,2026-07-11T17:02:54.801899+00:00,2492.902
pc_v4_43_p3,pc_v4_43,workflow_micro,Model-A,deepseek-v4-flash,disabled,ellipsis_multi_object_preservation,Set step43's note to checked_43; preserve every unrelated object and field.,"For step43: note -> checked_43; peer_step_43_a and peer_step_43_b, unchanged.",step43,note,checked_43,"[""peer_step_43_a"", ""peer_step_43_b""]",1,"The paraphrase uses an arrow notation and lists objects to preserve, matching the base instruction's intent.",1,"{
    ""target_object"": ""step43"",
    ""target_field"": ""note"",
    ""expected_state"": ""checked_43"",
    ""forbidden_effects"": [""peer_step_43_a"", ""peer_step_43_b""],
    ""paraphrase_preserves_meaning"": true,
    ""notes"": ""The paraphrase uses an arrow notation and lists objects to preserve, matching the base instruction's intent.""
}",07a37477f3b4,275,0,,64ab1f3fdc41,ai-preannotation-json-v1,2026-07-11T17:02:55.569627+00:00,2236.653
pc_v4_44_p1,pc_v4_44,file,Model-A,deepseek-v4-flash,disabled,pronoun_coreference,Set reports/draft_44.txt's content to approved_44; preserve every unrelated object and field.,"Open reports/draft_44.txt. Change its content so that it reads approved_44, and leave everything else untouched.",reports/draft_44.txt,content,approved_44,"[""modify any other file"", ""modify any other field of reports/draft_44.txt"", ""delete reports/draft_44.txt"", ""create new files""]",1,"The paraphrase uses 'its' to refer to the file, maintaining coreference. 'Change its content so that it reads approved_44' is equivalent to 'Set reports/draft_44.txt's content to approved_44'. 'Leave everything else untouched' matches 'preserve every unrelated object and field'.",1,"{
  ""target_object"": ""reports/draft_44.txt"",
  ""target_field"": ""content"",
  ""expected_state"": ""approved_44"",
  ""forbidden_effects"": [""modify any other file"", ""modify any other field of reports/draft_44.txt"", ""delete reports/draft_44.txt"", ""create new files""],
  ""paraphrase_preserves_meaning"": true,
  ""notes"": ""The paraphrase uses 'its' to refer to the file, maintaining coreference. 'Change its content so that it reads approved_44' is equivalent to 'Set reports/draft_44.txt's content to approved_44'. 'Leave everything else untouched' matches 'preserve every unrelated object and field'.""
}",c6a74bf45dd0,343,0,,bf2a43fc2192,ai-preannotation-json-v1,2026-07-11T17:02:56.095920+00:00,2664.179
pc_v4_44_p2,pc_v4_44,file,Model-A,deepseek-v4-flash,disabled,conditional_negative_constraint,Set reports/draft_44.txt's content to approved_44; preserve every unrelated object and field.,"If reports/draft_44.txt is present, set content to approved_44. Do not alter any other object or field.",reports/draft_44.txt,content,approved_44,"[""any other object"", ""any other field""]",1,"The paraphrase adds a condition ('if present') not in the base instruction, but the core action and preservation constraint are preserved.",1,"{
  ""target_object"": ""reports/draft_44.txt"",
  ""target_field"": ""content"",
  ""expected_state"": ""approved_44"",
  ""forbidden_effects"": [""any other object"", ""any other field""],
  ""paraphrase_preserves_meaning"": true,
  ""notes"": ""The paraphrase adds a condition ('if present') not in the base instruction, but the core action and preservation constraint are preserved.""
}",61f0ab231b80,281,0,,b89824668648,ai-preannotation-json-v1,2026-07-11T17:02:57.295016+00:00,2456.452
pc_v4_44_p3,pc_v4_44,file,Model-A,deepseek-v4-flash,disabled,ellipsis_multi_object_preservation,Set reports/draft_44.txt's content to approved_44; preserve every unrelated object and field.,"For reports/draft_44.txt: content -> approved_44; reports/reference_44.txt and reports/archive_44.txt, unchanged.",reports/draft_44.txt,content,approved_44,"[""reports/reference_44.txt"", ""reports/archive_44.txt""]",1,"Paraphrase uses colon and arrow notation, but preserves the core instruction: set content of draft_44.txt to approved_44, and leave other files unchanged.",1,"{
  ""target_object"": ""reports/draft_44.txt"",
  ""target_field"": ""content"",
  ""expected_state"": ""approved_44"",
  ""forbidden_effects"": [""reports/reference_44.txt"", ""reports/archive_44.txt""],
  ""paraphrase_preserves_meaning"": true,
  ""notes"": ""Paraphrase uses colon and arrow notation, but preserves the core instruction: set content of draft_44.txt to approved_44, and leave other files unchanged.""
}",e83fb2a408fb,306,0,,997257bca3c3,ai-preannotation-json-v1,2026-07-11T17:02:57.303097+00:00,3591.986
pc_v4_45_p1,pc_v4_45,web_form,Model-A,deepseek-v4-flash,disabled,pronoun_coreference,Set r45's name to Alice_45; preserve every unrelated object and field.,"Open r45. Change its name so that it reads Alice_45, and leave everything else untouched.",r45,name,Alice_45,[],1,"The paraphrase uses 'its' to refer to r45, preserving coreference. 'Open' implies accessing the object, and 'leave everything else untouched' matches 'preserve every unrelated object and field'.",1,"{
  ""target_object"": ""r45"",
  ""target_field"": ""name"",
  ""expected_state"": ""Alice_45"",
  ""forbidden_effects"": [],
  ""paraphrase_preserves_meaning"": true,
  ""notes"": ""The paraphrase uses 'its' to refer to r45, preserving coreference. 'Open' implies accessing the object, and 'leave everything else untouched' matches 'preserve every unrelated object and field'.""
}",9d124a341acc,276,0,,e6e4391c8968,ai-preannotation-json-v1,2026-07-11T17:02:57.806538+00:00,2476.499
pc_v4_45_p2,pc_v4_45,web_form,Model-A,deepseek-v4-flash,disabled,conditional_negative_constraint,Set r45's name to Alice_45; preserve every unrelated object and field.,"If r45 is present, set name to Alice_45. Do not alter any other object or field.",r45,name,Alice_45,"[""any change to other objects"", ""any change to other fields of r45""]",1,The paraphrase adds a condition 'if r45 is present' which is implicit in the base instruction. The negative constraint 'do not alter any other object or field' is preserved.,1,"{
  ""target_object"": ""r45"",
  ""target_field"": ""name"",
  ""expected_state"": ""Alice_45"",
  ""forbidden_effects"": [""any change to other objects"", ""any change to other fields of r45""],
  ""paraphrase_preserves_meaning"": true,
  ""notes"": ""The paraphrase adds a condition 'if r45 is present' which is implicit in the base instruction. The negative constraint 'do not alter any other object or field' is preserved.""
}",1036817beb83,287,0,,b032b564295c,ai-preannotation-json-v1,2026-07-11T17:02:58.760368+00:00,2434.186
pc_v4_45_p3,pc_v4_45,web_form,Model-A,deepseek-v4-flash,disabled,ellipsis_multi_object_preservation,Set r45's name to Alice_45; preserve every unrelated object and field.,"For r45: name -> Alice_45; peer_record_45_a and peer_record_45_b, unchanged.",r45,name,Alice_45,"[""peer_record_45_a"", ""peer_record_45_b""]",1,"The paraphrase uses arrow notation and explicitly lists unrelated objects to preserve, matching the base instruction's intent.",1,"{
  ""target_object"": ""r45"",
  ""target_field"": ""name"",
  ""expected_state"": ""Alice_45"",
  ""forbidden_effects"": [""peer_record_45_a"", ""peer_record_45_b""],
  ""paraphrase_preserves_meaning"": true,
  ""notes"": ""The paraphrase uses arrow notation and explicitly lists unrelated objects to preserve, matching the base instruction's intent.""
}",6d14843a0231,274,0,,e566c61f1b79,ai-preannotation-json-v1,2026-07-11T17:02:59.751773+00:00,2395.523
pc_v4_46_p1,pc_v4_46,table,Model-A,deepseek-v4-flash,disabled,pronoun_coreference,Set row46's score to 86; preserve every unrelated object and field.,"Open row46. Change its score so that it reads 86, and leave everything else untouched.",row46,score,86,"[""row46.other_fields"", ""other_rows""]",1,"The paraphrase uses 'its' to refer to row46, preserving coreference.",1,"{
  ""target_object"": ""row46"",
  ""target_field"": ""score"",
  ""expected_state"": 86,
  ""forbidden_effects"": [""row46.other_fields"", ""other_rows""],
  ""paraphrase_preserves_meaning"": true,
  ""notes"": ""The paraphrase uses 'its' to refer to row46, preserving coreference.""
}",bc615eef2b1c,255,0,,5031f1ed717f,ai-preannotation-json-v1,2026-07-11T17:03:00.283240+00:00,2344.258
pc_v4_46_p2,pc_v4_46,table,Model-A,deepseek-v4-flash,disabled,conditional_negative_constraint,Set row46's score to 86; preserve every unrelated object and field.,"If row46 is present, set score to 86. Do not alter any other object or field.",row46,score,86,"[""any other object or field""]",1,"The paraphrase adds a conditional 'if row46 is present', which is implicit in the base instruction. The negative constraint is preserved.",1,"{
  ""target_object"": ""row46"",
  ""target_field"": ""score"",
  ""expected_state"": 86,
  ""forbidden_effects"": [""any other object or field""],
  ""paraphrase_preserves_meaning"": true,
  ""notes"": ""The paraphrase adds a conditional 'if row46 is present', which is implicit in the base instruction. The negative constraint is preserved.""
}",18967080c1e9,262,0,,7e7f71bab1ac,ai-preannotation-json-v1,2026-07-11T17:03:00.895344+00:00,3083.502
pc_v4_46_p3,pc_v4_46,table,Model-A,deepseek-v4-flash,disabled,ellipsis_multi_object_preservation,Set row46's score to 86; preserve every unrelated object and field.,"For row46: score -> 86; peer_row_46_a and peer_row_46_b, unchanged.",row46,score,86,"[""peer_row_46_a"", ""peer_row_46_b""]",1,"The paraphrase uses an arrow notation and explicitly lists objects to remain unchanged, preserving the meaning of the base instruction.",1,"{
  ""target_object"": ""row46"",
  ""target_field"": ""score"",
  ""expected_state"": 86,
  ""forbidden_effects"": [""peer_row_46_a"", ""peer_row_46_b""],
  ""paraphrase_preserves_meaning"": true,
  ""notes"": ""The paraphrase uses an arrow notation and explicitly lists objects to remain unchanged, preserving the meaning of the base instruction.""
}",86db3203c115,271,0,,bc1ced89963e,ai-preannotation-json-v1,2026-07-11T17:03:01.194772+00:00,2359.624
pc_v4_47_p1,pc_v4_47,workflow_micro,Model-A,deepseek-v4-flash,disabled,pronoun_coreference,Set step47's note to checked_47; preserve every unrelated object and field.,"Open step47. Change its note so that it reads checked_47, and leave everything else untouched.",step47,note,checked_47,[],1,"The paraphrase uses 'its' to refer to step47, maintaining coreference.",1,"{
  ""target_object"": ""step47"",
  ""target_field"": ""note"",
  ""expected_state"": ""checked_47"",
  ""forbidden_effects"": [],
  ""paraphrase_preserves_meaning"": true,
  ""notes"": ""The paraphrase uses 'its' to refer to step47, maintaining coreference.""
}",60121afd6c7b,252,0,,c7b004a6574f,ai-preannotation-json-v1,2026-07-11T17:03:02.147613+00:00,2163.049
pc_v4_47_p2,pc_v4_47,workflow_micro,Model-A,deepseek-v4-flash,disabled,conditional_negative_constraint,Set step47's note to checked_47; preserve every unrelated object and field.,"If step47 is present, set note to checked_47. Do not alter any other object or field.",step47,note,checked_47,"[""any other object"", ""any other field""]",1,"The paraphrase adds a condition 'If step47 is present' which is implicit in the base instruction, but does not change the core meaning.",1,"{
  ""target_object"": ""step47"",
  ""target_field"": ""note"",
  ""expected_state"": ""checked_47"",
  ""forbidden_effects"": [""any other object"", ""any other field""],
  ""paraphrase_preserves_meaning"": true,
  ""notes"": ""The paraphrase adds a condition 'If step47 is present' which is implicit in the base instruction, but does not change the core meaning.""
}",758cd5d60aa1,274,0,,be7bdf8a83bd,ai-preannotation-json-v1,2026-07-11T17:03:02.627767+00:00,2300.227
pc_v4_47_p3,pc_v4_47,workflow_micro,Model-A,deepseek-v4-flash,disabled,ellipsis_multi_object_preservation,Set step47's note to checked_47; preserve every unrelated object and field.,"For step47: note -> checked_47; peer_step_47_a and peer_step_47_b, unchanged.",step47,note,checked_47,"[""peer_step_47_a"", ""peer_step_47_b""]",1,"The paraphrase uses an arrow notation and lists objects that must remain unchanged, preserving the original intent.",1,"{
    ""target_object"": ""step47"",
    ""target_field"": ""note"",
    ""expected_state"": ""checked_47"",
    ""forbidden_effects"": [""peer_step_47_a"", ""peer_step_47_b""],
    ""paraphrase_preserves_meaning"": true,
    ""notes"": ""The paraphrase uses an arrow notation and lists objects that must remain unchanged, preserving the original intent.""
}",40305e91e056,275,0,,fca796013e93,ai-preannotation-json-v1,2026-07-11T17:03:03.554633+00:00,2247.253
pc_v4_48_p1,pc_v4_48,file,Model-A,deepseek-v4-flash,disabled,pronoun_coreference,Set reports/draft_48.txt's content to approved_48; preserve every unrelated object and field.,"Open reports/draft_48.txt. Change its content so that it reads approved_48, and leave everything else untouched.",reports/draft_48.txt,content,approved_48,"[""change any other file"", ""modify any other field of reports/draft_48.txt"", ""alter any other object's state""]",1,"The paraphrase uses 'its' to refer to the file, preserving coreference. 'Leave everything else untouched' matches 'preserve every unrelated object and field.'",1,"{
  ""target_object"": ""reports/draft_48.txt"",
  ""target_field"": ""content"",
  ""expected_state"": ""approved_48"",
  ""forbidden_effects"": [""change any other file"", ""modify any other field of reports/draft_48.txt"", ""alter any other object's state""],
  ""paraphrase_preserves_meaning"": true,
  ""notes"": ""The paraphrase uses 'its' to refer to the file, preserving coreference. 'Leave everything else untouched' matches 'preserve every unrelated object and field.'""
}",59f45020a946,306,0,,bc265b008d39,ai-preannotation-json-v1,2026-07-11T17:03:03.979057+00:00,3450.979
pc_v4_48_p2,pc_v4_48,file,Model-A,deepseek-v4-flash,disabled,conditional_negative_constraint,Set reports/draft_48.txt's content to approved_48; preserve every unrelated object and field.,"If reports/draft_48.txt is present, set content to approved_48. Do not alter any other object or field.",reports/draft_48.txt,content,approved_48,"[""any other object"", ""any other field""]",1,"The paraphrase adds a condition 'if present' which is not in the base instruction, but the core action and constraint are preserved.",1,"{
  ""target_object"": ""reports/draft_48.txt"",
  ""target_field"": ""content"",
  ""expected_state"": ""approved_48"",
  ""forbidden_effects"": [""any other object"", ""any other field""],
  ""paraphrase_preserves_meaning"": true,
  ""notes"": ""The paraphrase adds a condition 'if present' which is not in the base instruction, but the core action and constraint are preserved.""
}",47f0cd36115c,282,0,,13c72c63c58b,ai-preannotation-json-v1,2026-07-11T17:03:04.310882+00:00,2749.354
pc_v4_48_p3,pc_v4_48,file,Model-A,deepseek-v4-flash,disabled,ellipsis_multi_object_preservation,Set reports/draft_48.txt's content to approved_48; preserve every unrelated object and field.,"For reports/draft_48.txt: content -> approved_48; reports/reference_48.txt and reports/archive_48.txt, unchanged.",reports/draft_48.txt,content,approved_48,"[""reports/reference_48.txt"", ""reports/archive_48.txt""]",1,"The paraphrase explicitly preserves two other objects, matching the base instruction's preservation requirement.",1,"{
  ""target_object"": ""reports/draft_48.txt"",
  ""target_field"": ""content"",
  ""expected_state"": ""approved_48"",
  ""forbidden_effects"": [
    ""reports/reference_48.txt"",
    ""reports/archive_48.txt""
  ],
  ""paraphrase_preserves_meaning"": true,
  ""notes"": ""The paraphrase explicitly preserves two other objects, matching the base instruction's preservation requirement.""
}",deccb189a14e,293,0,,171a3f8e8b06,ai-preannotation-json-v1,2026-07-11T17:03:04.928206+00:00,2358.090
pc_v4_49_p1,pc_v4_49,web_form,Model-A,deepseek-v4-flash,disabled,pronoun_coreference,Set r49's status to approved; preserve every unrelated object and field.,"Open r49. Change its status so that it reads approved, and leave everything else untouched.",r49,status,approved,"[""*""]",1,"The paraphrase uses 'its' to refer to r49, preserving coreference. 'Leave everything else untouched' matches 'preserve every unrelated object and field'.",1,"{
  ""target_object"": ""r49"",
  ""target_field"": ""status"",
  ""expected_state"": ""approved"",
  ""forbidden_effects"": [""*""],
  ""paraphrase_preserves_meaning"": true,
  ""notes"": ""The paraphrase uses 'its' to refer to r49, preserving coreference. 'Leave everything else untouched' matches 'preserve every unrelated object and field'.""
}",157311c3ecb7,263,0,,373f14bd583f,ai-preannotation-json-v1,2026-07-11T17:03:05.802135+00:00,2344.802
pc_v4_49_p2,pc_v4_49,web_form,Model-A,deepseek-v4-flash,disabled,conditional_negative_constraint,Set r49's status to approved; preserve every unrelated object and field.,"If r49 is present, set status to approved. Do not alter any other object or field.",r49,status,approved,"[""alter any other object or field""]",1,"The paraphrase adds a condition 'if r49 is present', which is implicit in the base instruction. The negative constraint is preserved.",1,"{
  ""target_object"": ""r49"",
  ""target_field"": ""status"",
  ""expected_state"": ""approved"",
  ""forbidden_effects"": [""alter any other object or field""],
  ""paraphrase_preserves_meaning"": true,
  ""notes"": ""The paraphrase adds a condition 'if r49 is present', which is implicit in the base instruction. The negative constraint is preserved.""
}",630b49cad0e4,262,0,,cfd3ad351080,ai-preannotation-json-v1,2026-07-11T17:03:07.060511+00:00,2417.076
pc_v4_49_p3,pc_v4_49,web_form,Model-A,deepseek-v4-flash,disabled,ellipsis_multi_object_preservation,Set r49's status to approved; preserve every unrelated object and field.,"For r49: status -> approved; peer_record_49_a and peer_record_49_b, unchanged.",r49,status,approved,"[""peer_record_49_a"", ""peer_record_49_b""]",1,"The paraphrase explicitly preserves two other objects, matching the base instruction's preservation requirement.",1,"{
  ""target_object"": ""r49"",
  ""target_field"": ""status"",
  ""expected_state"": ""approved"",
  ""forbidden_effects"": [""peer_record_49_a"", ""peer_record_49_b""],
  ""paraphrase_preserves_meaning"": true,
  ""notes"": ""The paraphrase explicitly preserves two other objects, matching the base instruction's preservation requirement.""
}",9dcd8cb4fe99,264,0,,e903a996d28b,ai-preannotation-json-v1,2026-07-11T17:03:07.286520+00:00,2211.964
pc_v4_50_p1,pc_v4_50,table,Model-A,deepseek-v4-flash,disabled,pronoun_coreference,Set row50's score to 80; preserve every unrelated object and field.,"Open row50. Change its score so that it reads 80, and leave everything else untouched.",row50,score,80,"[""any change to other rows"", ""any change to other fields of row50""]",1,"The paraphrase uses 'its' to refer to row50, preserving the coreference and meaning.",1,"{
  ""target_object"": ""row50"",
  ""target_field"": ""score"",
  ""expected_state"": 80,
  ""forbidden_effects"": [""any change to other rows"", ""any change to other fields of row50""],
  ""paraphrase_preserves_meaning"": true,
  ""notes"": ""The paraphrase uses 'its' to refer to row50, preserving the coreference and meaning.""
}",826df63bd4ee,264,0,,47136a91bf27,ai-preannotation-json-v1,2026-07-11T17:03:07.430221+00:00,3046.298
pc_v4_50_p2,pc_v4_50,table,Model-A,deepseek-v4-flash,disabled,conditional_negative_constraint,Set row50's score to 80; preserve every unrelated object and field.,"If row50 is present, set score to 80. Do not alter any other object or field.",row50,score,80,"[""any change to other objects"", ""any change to other fields of row50""]",1,"The paraphrase adds a conditional 'if row50 is present', which is implicit in the base instruction. Both require row50 to exist for the action to be performed, and both prohibit changes to other objects/fields.",1,"{
  ""target_object"": ""row50"",
  ""target_field"": ""score"",
  ""expected_state"": 80,
  ""forbidden_effects"": [""any change to other objects"", ""any change to other fields of row50""],
  ""paraphrase_preserves_meaning"": true,
  ""notes"": ""The paraphrase adds a conditional 'if row50 is present', which is implicit in the base instruction. Both require row50 to exist for the action to be performed, and both prohibit changes to other objects/fields.""
}",275942c951e5,289,0,,51c902502848,ai-preannotation-json-v1,2026-07-11T17:03:08.147132+00:00,2649.517
pc_v4_50_p3,pc_v4_50,table,Model-A,deepseek-v4-flash,disabled,ellipsis_multi_object_preservation,Set row50's score to 80; preserve every unrelated object and field.,"For row50: score -> 80; peer_row_50_a and peer_row_50_b, unchanged.",row50,score,80,"[""peer_row_50_a"", ""peer_row_50_b""]",1,"The paraphrase uses an arrow notation and explicitly lists objects that must remain unchanged, preserving the original instruction's meaning.",1,"{
  ""target_object"": ""row50"",
  ""target_field"": ""score"",
  ""expected_state"": 80,
  ""forbidden_effects"": [""peer_row_50_a"", ""peer_row_50_b""],
  ""paraphrase_preserves_meaning"": true,
  ""notes"": ""The paraphrase uses an arrow notation and explicitly lists objects that must remain unchanged, preserving the original instruction's meaning.""
}",a0c68cfe2531,271,0,,a567d316a667,ai-preannotation-json-v1,2026-07-11T17:03:09.477805+00:00,2405.451
pc_v4_51_p1,pc_v4_51,workflow_micro,Model-A,deepseek-v4-flash,disabled,pronoun_coreference,Set step51's note to checked_51; preserve every unrelated object and field.,"Open step51. Change its note so that it reads checked_51, and leave everything else untouched.",step51,note,checked_51,"[""step51.*"", ""*.*""]",1,"The paraphrase uses 'its' to refer to step51, preserving coreference. 'Open step51' is an implied action but does not change the meaning of the instruction.",1,"{
    ""target_object"": ""step51"",
    ""target_field"": ""note"",
    ""expected_state"": ""checked_51"",
    ""forbidden_effects"": [""step51.*"", ""*.*""],
    ""paraphrase_preserves_meaning"": true,
    ""notes"": ""The paraphrase uses 'its' to refer to step51, preserving coreference. 'Open step51' is an implied action but does not change the meaning of the instruction.""
}",4842909a634c,278,0,,e4a0ed730d4a,ai-preannotation-json-v1,2026-07-11T17:03:09.498694+00:00,2561.229
pc_v4_51_p2,pc_v4_51,workflow_micro,Model-A,deepseek-v4-flash,disabled,conditional_negative_constraint,Set step51's note to checked_51; preserve every unrelated object and field.,"If step51 is present, set note to checked_51. Do not alter any other object or field.",step51,note,checked_51,"[""any other object"", ""any other field""]",1,"The paraphrase adds a condition 'If step51 is present' which is implicit in the base instruction, but does not change the core meaning.",1,"{
  ""target_object"": ""step51"",
  ""target_field"": ""note"",
  ""expected_state"": ""checked_51"",
  ""forbidden_effects"": [""any other object"", ""any other field""],
  ""paraphrase_preserves_meaning"": true,
  ""notes"": ""The paraphrase adds a condition 'If step51 is present' which is implicit in the base instruction, but does not change the core meaning.""
}",4f2a305b841a,274,0,,535bdd8343f2,ai-preannotation-json-v1,2026-07-11T17:03:10.476633+00:00,2602.284
pc_v4_51_p3,pc_v4_51,workflow_micro,Model-A,deepseek-v4-flash,disabled,ellipsis_multi_object_preservation,Set step51's note to checked_51; preserve every unrelated object and field.,"For step51: note -> checked_51; peer_step_51_a and peer_step_51_b, unchanged.",step51,note,checked_51,"[""peer_step_51_a"", ""peer_step_51_b""]",1,"The paraphrase uses an arrow notation and lists objects to remain unchanged, preserving the base instruction's intent.",1,"{
  ""target_object"": ""step51"",
  ""target_field"": ""note"",
  ""expected_state"": ""checked_51"",
  ""forbidden_effects"": [""peer_step_51_a"", ""peer_step_51_b""],
  ""paraphrase_preserves_meaning"": true,
  ""notes"": ""The paraphrase uses an arrow notation and lists objects to remain unchanged, preserving the base instruction's intent.""
}",6aec678e681d,276,0,,8419b599a693,ai-preannotation-json-v1,2026-07-11T17:03:10.796774+00:00,2150.524
pc_v4_52_p1,pc_v4_52,file,Model-A,deepseek-v4-flash,disabled,pronoun_coreference,Set reports/draft_52.txt's content to approved_52; preserve every unrelated object and field.,"Open reports/draft_52.txt. Change its content so that it reads approved_52, and leave everything else untouched.",reports/draft_52.txt,content,approved_52,"[""any change to other files"", ""any change to other fields of reports/draft_52.txt""]",1,"The paraphrase uses 'its' to refer to the file, preserving coreference. The instruction to 'leave everything else untouched' matches 'preserve every unrelated object and field'.",1,"{
  ""target_object"": ""reports/draft_52.txt"",
  ""target_field"": ""content"",
  ""expected_state"": ""approved_52"",
  ""forbidden_effects"": [""any change to other files"", ""any change to other fields of reports/draft_52.txt""],
  ""paraphrase_preserves_meaning"": true,
  ""notes"": ""The paraphrase uses 'its' to refer to the file, preserving coreference. The instruction to 'leave everything else untouched' matches 'preserve every unrelated object and field'.""
}",6343d2f7cdbc,302,0,,b73081f9c731,ai-preannotation-json-v1,2026-07-11T17:03:11.883451+00:00,3415.668
pc_v4_52_p2,pc_v4_52,file,Model-A,deepseek-v4-flash,disabled,conditional_negative_constraint,Set reports/draft_52.txt's content to approved_52; preserve every unrelated object and field.,"If reports/draft_52.txt is present, set content to approved_52. Do not alter any other object or field.",reports/draft_52.txt,content,approved_52,"[""any other object"", ""any other field""]",1,"The paraphrase adds a condition 'if present' which is not in the base instruction, but the core action and constraints are preserved.",1,"{
  ""target_object"": ""reports/draft_52.txt"",
  ""target_field"": ""content"",
  ""expected_state"": ""approved_52"",
  ""forbidden_effects"": [""any other object"", ""any other field""],
  ""paraphrase_preserves_meaning"": true,
  ""notes"": ""The paraphrase adds a condition 'if present' which is not in the base instruction, but the core action and constraints are preserved.""
}",64dc655f18de,282,0,,df4e2751c62a,ai-preannotation-json-v1,2026-07-11T17:03:12.060145+00:00,2346.141
pc_v4_52_p3,pc_v4_52,file,Model-A,deepseek-v4-flash,disabled,ellipsis_multi_object_preservation,Set reports/draft_52.txt's content to approved_52; preserve every unrelated object and field.,"For reports/draft_52.txt: content -> approved_52; reports/reference_52.txt and reports/archive_52.txt, unchanged.",reports/draft_52.txt,content,approved_52,"[""reports/reference_52.txt"", ""reports/archive_52.txt""]",1,"The paraphrase explicitly preserves two other files, matching the base instruction's preservation requirement.",1,"{
  ""target_object"": ""reports/draft_52.txt"",
  ""target_field"": ""content"",
  ""expected_state"": ""approved_52"",
  ""forbidden_effects"": [""reports/reference_52.txt"", ""reports/archive_52.txt""],
  ""paraphrase_preserves_meaning"": true,
  ""notes"": ""The paraphrase explicitly preserves two other files, matching the base instruction's preservation requirement.""
}",125d51d1121f,288,0,,b676e8366499,ai-preannotation-json-v1,2026-07-11T17:03:12.947522+00:00,2247.111
pc_v4_53_p1,pc_v4_53,web_form,Model-A,deepseek-v4-flash,disabled,pronoun_coreference,Set r53's status to approved; preserve every unrelated object and field.,"Open r53. Change its status so that it reads approved, and leave everything else untouched.",r53,status,approved,"[""change any other field"", ""modify any other object""]",1,"The paraphrase uses 'its' to refer to r53, preserving the coreference. It also clarifies the action of setting the status to 'approved' and leaving everything else unchanged.",1,"{
  ""target_object"": ""r53"",
  ""target_field"": ""status"",
  ""expected_state"": ""approved"",
  ""forbidden_effects"": [""change any other field"", ""modify any other object""],
  ""paraphrase_preserves_meaning"": true,
  ""notes"": ""The paraphrase uses 'its' to refer to r53, preserving the coreference. It also clarifies the action of setting the status to 'approved' and leaving everything else unchanged.""
}",f54b77286ce6,276,0,,f790b3f3055f,ai-preannotation-json-v1,2026-07-11T17:03:13.079118+00:00,3016.454
pc_v4_53_p2,pc_v4_53,web_form,Model-A,deepseek-v4-flash,disabled,conditional_negative_constraint,Set r53's status to approved; preserve every unrelated object and field.,"If r53 is present, set status to approved. Do not alter any other object or field.",r53,status,approved,"[""alter any other object or field""]",1,"The paraphrase adds a condition 'if r53 is present' which is implicit in the base instruction, but does not change the core meaning.",1,"{
  ""target_object"": ""r53"",
  ""target_field"": ""status"",
  ""expected_state"": ""approved"",
  ""forbidden_effects"": [""alter any other object or field""],
  ""paraphrase_preserves_meaning"": true,
  ""notes"": ""The paraphrase adds a condition 'if r53 is present' which is implicit in the base instruction, but does not change the core meaning.""
}",7aaf6af26d3b,264,0,,71abe21eb183,ai-preannotation-json-v1,2026-07-11T17:03:14.406579+00:00,2484.657
pc_v4_53_p3,pc_v4_53,web_form,Model-A,deepseek-v4-flash,disabled,ellipsis_multi_object_preservation,Set r53's status to approved; preserve every unrelated object and field.,"For r53: status -> approved; peer_record_53_a and peer_record_53_b, unchanged.",r53,status,approved,"[""peer_record_53_a"", ""peer_record_53_b""]",1,"The paraphrase uses an arrow notation and explicitly lists objects to remain unchanged, preserving the original instruction's meaning.",1,"{
  ""target_object"": ""r53"",
  ""target_field"": ""status"",
  ""expected_state"": ""approved"",
  ""forbidden_effects"": [""peer_record_53_a"", ""peer_record_53_b""],
  ""paraphrase_preserves_meaning"": true,
  ""notes"": ""The paraphrase uses an arrow notation and explicitly lists objects to remain unchanged, preserving the original instruction's meaning.""
}",7d6a7003338f,269,0,,dbfa39ced09a,ai-preannotation-json-v1,2026-07-11T17:03:15.194847+00:00,2223.514
pc_v4_54_p1,pc_v4_54,table,Model-A,deepseek-v4-flash,disabled,pronoun_coreference,Set row54's score to 84; preserve every unrelated object and field.,"Open row54. Change its score so that it reads 84, and leave everything else untouched.",row54,score,84,"[""any change to other rows"", ""any change to other fields of row54""]",1,"The paraphrase uses 'its' to refer to row54, preserving coreference. 'Leave everything else untouched' matches 'preserve every unrelated object and field'.",1,"{
  ""target_object"": ""row54"",
  ""target_field"": ""score"",
  ""expected_state"": 84,
  ""forbidden_effects"": [""any change to other rows"", ""any change to other fields of row54""],
  ""paraphrase_preserves_meaning"": true,
  ""notes"": ""The paraphrase uses 'its' to refer to row54, preserving coreference. 'Leave everything else untouched' matches 'preserve every unrelated object and field'.""
}",27a5805a9428,278,0,,c210e4bfed90,ai-preannotation-json-v1,2026-07-11T17:03:15.299384+00:00,2718.739
pc_v4_54_p2,pc_v4_54,table,Model-A,deepseek-v4-flash,disabled,conditional_negative_constraint,Set row54's score to 84; preserve every unrelated object and field.,"If row54 is present, set score to 84. Do not alter any other object or field.",row54,score,84,"[""alter any other object or field""]",1,"The paraphrase adds a conditional 'if present' which is not in the base instruction, but the core action and constraint are preserved.",1,"{
  ""target_object"": ""row54"",
  ""target_field"": ""score"",
  ""expected_state"": 84,
  ""forbidden_effects"": [""alter any other object or field""],
  ""paraphrase_preserves_meaning"": true,
  ""notes"": ""The paraphrase adds a conditional 'if present' which is not in the base instruction, but the core action and constraint are preserved.""
}",8228675fa5bc,263,0,,d5f6054f3c8a,ai-preannotation-json-v1,2026-07-11T17:03:16.095807+00:00,2527.221
pc_v4_54_p3,pc_v4_54,table,Model-A,deepseek-v4-flash,disabled,ellipsis_multi_object_preservation,Set row54's score to 84; preserve every unrelated object and field.,"For row54: score -> 84; peer_row_54_a and peer_row_54_b, unchanged.",row54,score,84,"[""peer_row_54_a"", ""peer_row_54_b""]",1,"The paraphrase uses an arrow notation and explicitly lists objects to remain unchanged, preserving the meaning of the base instruction.",1,"{
  ""target_object"": ""row54"",
  ""target_field"": ""score"",
  ""expected_state"": 84,
  ""forbidden_effects"": [""peer_row_54_a"", ""peer_row_54_b""],
  ""paraphrase_preserves_meaning"": true,
  ""notes"": ""The paraphrase uses an arrow notation and explicitly lists objects to remain unchanged, preserving the meaning of the base instruction.""
}",5a5673e0321f,271,0,,cc12f0fbec8a,ai-preannotation-json-v1,2026-07-11T17:03:16.891454+00:00,2319.873
pc_v4_55_p1,pc_v4_55,workflow_micro,Model-A,deepseek-v4-flash,disabled,pronoun_coreference,Set step55's note to checked_55; preserve every unrelated object and field.,"Open step55. Change its note so that it reads checked_55, and leave everything else untouched.",step55,note,checked_55,"[""step55.other_fields"", ""other_steps""]",1,"The paraphrase uses 'its' to refer to step55, preserving coreference. 'Open step55' is an additional action not in the base instruction, but it is a plausible prerequisite and does not change the core operation.",1,"{
  ""target_object"": ""step55"",
  ""target_field"": ""note"",
  ""expected_state"": ""checked_55"",
  ""forbidden_effects"": [""step55.other_fields"", ""other_steps""],
  ""paraphrase_preserves_meaning"": true,
  ""notes"": ""The paraphrase uses 'its' to refer to step55, preserving coreference. 'Open step55' is an additional action not in the base instruction, but it is a plausible prerequisite and does not change the core operation.""
}",3ae0d6dd8f4b,292,0,,c07b01e6f2f1,ai-preannotation-json-v1,2026-07-11T17:03:17.418570+00:00,2644.714
pc_v4_55_p2,pc_v4_55,workflow_micro,Model-A,deepseek-v4-flash,disabled,conditional_negative_constraint,Set step55's note to checked_55; preserve every unrelated object and field.,"If step55 is present, set note to checked_55. Do not alter any other object or field.",step55,note,checked_55,"[""any change to other objects"", ""any change to other fields of step55""]",1,"The paraphrase adds a condition 'If step55 is present', which is implicit in the base instruction. The negative constraint 'Do not alter any other object or field' matches 'preserve every unrelated object and field'.",1,"{
  ""target_object"": ""step55"",
  ""target_field"": ""note"",
  ""expected_state"": ""checked_55"",
  ""forbidden_effects"": [""any change to other objects"", ""any change to other fields of step55""],
  ""paraphrase_preserves_meaning"": true,
  ""notes"": ""The paraphrase adds a condition 'If step55 is present', which is implicit in the base instruction. The negative constraint 'Do not alter any other object or field' matches 'preserve every unrelated object and field'.""
}",17a865487f62,297,0,,9c928e9187d1,ai-preannotation-json-v1,2026-07-11T17:03:18.018347+00:00,2404.337
pc_v4_55_p3,pc_v4_55,workflow_micro,Model-A,deepseek-v4-flash,disabled,ellipsis_multi_object_preservation,Set step55's note to checked_55; preserve every unrelated object and field.,"For step55: note -> checked_55; peer_step_55_a and peer_step_55_b, unchanged.",step55,note,checked_55,"[""peer_step_55_a"", ""peer_step_55_b""]",1,"The paraphrase explicitly preserves peer_step_55_a and peer_step_55_b, matching the base instruction's preservation requirement.",1,"{
  ""target_object"": ""step55"",
  ""target_field"": ""note"",
  ""expected_state"": ""checked_55"",
  ""forbidden_effects"": [""peer_step_55_a"", ""peer_step_55_b""],
  ""paraphrase_preserves_meaning"": true,
  ""notes"": ""The paraphrase explicitly preserves peer_step_55_a and peer_step_55_b, matching the base instruction's preservation requirement.""
}",c16ed16c58ca,280,0,,8fee2bbedf05,ai-preannotation-json-v1,2026-07-11T17:03:18.623266+00:00,2211.638
pc_v4_56_p1,pc_v4_56,file,Model-A,deepseek-v4-flash,disabled,pronoun_coreference,Set reports/draft_56.txt's content to approved_56; preserve every unrelated object and field.,"Open reports/draft_56.txt. Change its content so that it reads approved_56, and leave everything else untouched.",reports/draft_56.txt,content,approved_56,"[""reports/draft_56.txt.other_field"", ""other_files""]",1,"The paraphrase uses 'its' to refer to the file, preserving coreference. 'Leave everything else untouched' matches 'preserve every unrelated object and field'.",1,"{
  ""target_object"": ""reports/draft_56.txt"",
  ""target_field"": ""content"",
  ""expected_state"": ""approved_56"",
  ""forbidden_effects"": [""reports/draft_56.txt.other_field"", ""other_files""],
  ""paraphrase_preserves_meaning"": true,
  ""notes"": ""The paraphrase uses 'its' to refer to the file, preserving coreference. 'Leave everything else untouched' matches 'preserve every unrelated object and field'.""
}",39705b8d046a,294,0,,43f9fd2c3215,ai-preannotation-json-v1,2026-07-11T17:03:19.211565+00:00,2367.779
pc_v4_56_p2,pc_v4_56,file,Model-A,deepseek-v4-flash,disabled,conditional_negative_constraint,Set reports/draft_56.txt's content to approved_56; preserve every unrelated object and field.,"If reports/draft_56.txt is present, set content to approved_56. Do not alter any other object or field.",reports/draft_56.txt,content,approved_56,"[""any change to other objects"", ""any change to other fields""]",1,"The paraphrase adds a condition 'if present' which is not in the base instruction, but the core action and constraints are preserved.",1,"{
  ""target_object"": ""reports/draft_56.txt"",
  ""target_field"": ""content"",
  ""expected_state"": ""approved_56"",
  ""forbidden_effects"": [""any change to other objects"", ""any change to other fields""],
  ""paraphrase_preserves_meaning"": true,
  ""notes"": ""The paraphrase adds a condition 'if present' which is not in the base instruction, but the core action and constraints are preserved.""
}",6862f0789250,286,0,,f9015c37fe77,ai-preannotation-json-v1,2026-07-11T17:03:20.063492+00:00,2419.668
pc_v4_56_p3,pc_v4_56,file,Model-A,deepseek-v4-flash,disabled,ellipsis_multi_object_preservation,Set reports/draft_56.txt's content to approved_56; preserve every unrelated object and field.,"For reports/draft_56.txt: content -> approved_56; reports/reference_56.txt and reports/archive_56.txt, unchanged.",reports/draft_56.txt,content,approved_56,"[""reports/reference_56.txt"", ""reports/archive_56.txt""]",1,"The paraphrase explicitly mentions that the other two files remain unchanged, preserving the multi-object preservation constraint.",1,"{
  ""target_object"": ""reports/draft_56.txt"",
  ""target_field"": ""content"",
  ""expected_state"": ""approved_56"",
  ""forbidden_effects"": [""reports/reference_56.txt"", ""reports/archive_56.txt""],
  ""paraphrase_preserves_meaning"": true,
  ""notes"": ""The paraphrase explicitly mentions that the other two files remain unchanged, preserving the multi-object preservation constraint.""
}",0d4611ca6f43,291,0,,5e47fa589e49,ai-preannotation-json-v1,2026-07-11T17:03:20.422879+00:00,2272.831
pc_v4_57_p1,pc_v4_57,web_form,Model-A,deepseek-v4-flash,disabled,pronoun_coreference,Set r57's name to Alice_57; preserve every unrelated object and field.,"Open r57. Change its name so that it reads Alice_57, and leave everything else untouched.",r57,name,Alice_57,[],1,"The paraphrase uses 'its' to refer to r57, maintaining coreference. 'Open r57' is interpreted as selecting the object, and 'leave everything else untouched' matches 'preserve every unrelated object and field.'",1,"{
  ""target_object"": ""r57"",
  ""target_field"": ""name"",
  ""expected_state"": ""Alice_57"",
  ""forbidden_effects"": [],
  ""paraphrase_preserves_meaning"": true,
  ""notes"": ""The paraphrase uses 'its' to refer to r57, maintaining coreference. 'Open r57' is interpreted as selecting the object, and 'leave everything else untouched' matches 'preserve every unrelated object and field.'""
}",f6d5cdc9f524,280,0,,f1aeef5e2ebc,ai-preannotation-json-v1,2026-07-11T17:03:20.835131+00:00,2455.270
pc_v4_57_p2,pc_v4_57,web_form,Model-A,deepseek-v4-flash,disabled,conditional_negative_constraint,Set r57's name to Alice_57; preserve every unrelated object and field.,"If r57 is present, set name to Alice_57. Do not alter any other object or field.",r57,name,Alice_57,"[""any change to other objects"", ""any change to other fields of r57""]",1,"The paraphrase adds a condition 'if r57 is present', which is implicit in the base instruction. The negative constraint 'do not alter any other object or field' is preserved.",1,"{
  ""target_object"": ""r57"",
  ""target_field"": ""name"",
  ""expected_state"": ""Alice_57"",
  ""forbidden_effects"": [""any change to other objects"", ""any change to other fields of r57""],
  ""paraphrase_preserves_meaning"": true,
  ""notes"": ""The paraphrase adds a condition 'if r57 is present', which is implicit in the base instruction. The negative constraint 'do not alter any other object or field' is preserved.""
}",0030cad0918b,287,0,,baac3ad2537d,ai-preannotation-json-v1,2026-07-11T17:03:21.579548+00:00,2337.347
pc_v4_57_p3,pc_v4_57,web_form,Model-A,deepseek-v4-flash,disabled,ellipsis_multi_object_preservation,Set r57's name to Alice_57; preserve every unrelated object and field.,"For r57: name -> Alice_57; peer_record_57_a and peer_record_57_b, unchanged.",r57,name,Alice_57,"[""peer_record_57_a"", ""peer_record_57_b""]",1,"The paraphrase uses an arrow notation to indicate assignment and explicitly lists objects that must remain unchanged, preserving the meaning of the base instruction.",1,"{
  ""target_object"": ""r57"",
  ""target_field"": ""name"",
  ""expected_state"": ""Alice_57"",
  ""forbidden_effects"": [""peer_record_57_a"", ""peer_record_57_b""],
  ""paraphrase_preserves_meaning"": true,
  ""notes"": ""The paraphrase uses an arrow notation to indicate assignment and explicitly lists objects that must remain unchanged, preserving the meaning of the base instruction.""
}",33995ab0de19,280,0,,ecc204d64f9e,ai-preannotation-json-v1,2026-07-11T17:03:22.483337+00:00,2359.316
pc_v4_58_p1,pc_v4_58,table,Model-A,deepseek-v4-flash,disabled,pronoun_coreference,Set row58's score to 88; preserve every unrelated object and field.,"Open row58. Change its score so that it reads 88, and leave everything else untouched.",row58,score,88,"[""any change to other rows"", ""any change to other fields of row58""]",1,"The paraphrase uses 'its' to refer to row58, preserving the coreference.",1,"{
  ""target_object"": ""row58"",
  ""target_field"": ""score"",
  ""expected_state"": 88,
  ""forbidden_effects"": [""any change to other rows"", ""any change to other fields of row58""],
  ""paraphrase_preserves_meaning"": true,
  ""notes"": ""The paraphrase uses 'its' to refer to row58, preserving the coreference.""
}",4590004e97c1,262,0,,df007b7478fb,ai-preannotation-json-v1,2026-07-11T17:03:22.695904+00:00,2327.163
pc_v4_58_p2,pc_v4_58,table,Model-A,deepseek-v4-flash,disabled,conditional_negative_constraint,Set row58's score to 88; preserve every unrelated object and field.,"If row58 is present, set score to 88. Do not alter any other object or field.",row58,score,88,"[""any change to other objects"", ""any change to other fields""]",1,"The paraphrase adds a conditional 'if present' which is not in the base instruction, but since the base instruction implicitly assumes row58 exists, the meaning is preserved. The negative constraint is explicitly restated.",1,"{
  ""target_object"": ""row58"",
  ""target_field"": ""score"",
  ""expected_state"": 88,
  ""forbidden_effects"": [""any change to other objects"", ""any change to other fields""],
  ""paraphrase_preserves_meaning"": true,
  ""notes"": ""The paraphrase adds a conditional 'if present' which is not in the base instruction, but since the base instruction implicitly assumes row58 exists, the meaning is preserved. The negative constraint is explicitly restated.""
}",a5cd27d701c7,284,0,,a457254779c1,ai-preannotation-json-v1,2026-07-11T17:03:23.290596+00:00,2792.830
pc_v4_58_p3,pc_v4_58,table,Model-A,deepseek-v4-flash,disabled,ellipsis_multi_object_preservation,Set row58's score to 88; preserve every unrelated object and field.,"For row58: score -> 88; peer_row_58_a and peer_row_58_b, unchanged.",row58,score,88,"[""peer_row_58_a"", ""peer_row_58_b""]",1,"The paraphrase uses an arrow notation and explicitly mentions that peer_row_58_a and peer_row_58_b remain unchanged, preserving the ellipsis and multi-object preservation.",1,"{
  ""target_object"": ""row58"",
  ""target_field"": ""score"",
  ""expected_state"": 88,
  ""forbidden_effects"": [""peer_row_58_a"", ""peer_row_58_b""],
  ""paraphrase_preserves_meaning"": true,
  ""notes"": ""The paraphrase uses an arrow notation and explicitly mentions that peer_row_58_a and peer_row_58_b remain unchanged, preserving the ellipsis and multi-object preservation.""
}",7f7bd7834272,283,0,,f7efd2f9b42b,ai-preannotation-json-v1,2026-07-11T17:03:23.917107+00:00,2333.616
pc_v4_59_p1,pc_v4_59,workflow_micro,Model-A,deepseek-v4-flash,disabled,pronoun_coreference,Set step59's note to checked_59; preserve every unrelated object and field.,"Open step59. Change its note so that it reads checked_59, and leave everything else untouched.",step59,note,checked_59,[],1,"The paraphrase uses 'its' to refer to step59, preserving the coreference and meaning.",1,"{
  ""target_object"": ""step59"",
  ""target_field"": ""note"",
  ""expected_state"": ""checked_59"",
  ""forbidden_effects"": [],
  ""paraphrase_preserves_meaning"": true,
  ""notes"": ""The paraphrase uses 'its' to refer to step59, preserving the coreference and meaning.""
}",f21e43e11cfa,255,0,,461c33611786,ai-preannotation-json-v1,2026-07-11T17:03:24.842948+00:00,3478.228
pc_v4_59_p2,pc_v4_59,workflow_micro,Model-A,deepseek-v4-flash,disabled,conditional_negative_constraint,Set step59's note to checked_59; preserve every unrelated object and field.,"If step59 is present, set note to checked_59. Do not alter any other object or field.",step59,note,checked_59,"[""any change to other objects"", ""any change to other fields of step59""]",1,"The paraphrase adds a condition 'If step59 is present' which is implicit in the base instruction, but does not change the core meaning.",1,"{
  ""target_object"": ""step59"",
  ""target_field"": ""note"",
  ""expected_state"": ""checked_59"",
  ""forbidden_effects"": [""any change to other objects"", ""any change to other fields of step59""],
  ""paraphrase_preserves_meaning"": true,
  ""notes"": ""The paraphrase adds a condition 'If step59 is present' which is implicit in the base instruction, but does not change the core meaning.""
}",c849509b2784,281,0,,643be1b7d995,ai-preannotation-json-v1,2026-07-11T17:03:25.023284+00:00,2039.613
pc_v4_59_p3,pc_v4_59,workflow_micro,Model-A,deepseek-v4-flash,disabled,ellipsis_multi_object_preservation,Set step59's note to checked_59; preserve every unrelated object and field.,"For step59: note -> checked_59; peer_step_59_a and peer_step_59_b, unchanged.",step59,note,checked_59,"[""peer_step_59_a"", ""peer_step_59_b""]",1,"The paraphrase explicitly preserves peer_step_59_a and peer_step_59_b, matching the base instruction's preservation requirement.",1,"{
    ""target_object"": ""step59"",
    ""target_field"": ""note"",
    ""expected_state"": ""checked_59"",
    ""forbidden_effects"": [""peer_step_59_a"", ""peer_step_59_b""],
    ""paraphrase_preserves_meaning"": true,
    ""notes"": ""The paraphrase explicitly preserves peer_step_59_a and peer_step_59_b, matching the base instruction's preservation requirement.""
}",edd2bb144ddc,280,0,,78e2cf25e9b9,ai-preannotation-json-v1,2026-07-11T17:03:26.083628+00:00,2537.149
pc_v4_60_p1,pc_v4_60,file,Model-A,deepseek-v4-flash,disabled,pronoun_coreference,Set reports/draft_60.txt's content to approved_60; preserve every unrelated object and field.,"Open reports/draft_60.txt. Change its content so that it reads approved_60, and leave everything else untouched.",reports/draft_60.txt,content,approved_60,"[""modify any other file"", ""modify any other field of reports/draft_60.txt""]",1,"The paraphrase uses 'its' to refer to the file, preserving coreference.",1,"{
  ""target_object"": ""reports/draft_60.txt"",
  ""target_field"": ""content"",
  ""expected_state"": ""approved_60"",
  ""forbidden_effects"": [""modify any other file"", ""modify any other field of reports/draft_60.txt""],
  ""paraphrase_preserves_meaning"": true,
  ""notes"": ""The paraphrase uses 'its' to refer to the file, preserving coreference.""
}",4cbaf4066de2,282,0,,1b9b0bb1aec5,ai-preannotation-json-v1,2026-07-11T17:03:26.250961+00:00,2240.486
pc_v4_60_p2,pc_v4_60,file,Model-A,deepseek-v4-flash,disabled,conditional_negative_constraint,Set reports/draft_60.txt's content to approved_60; preserve every unrelated object and field.,"If reports/draft_60.txt is present, set content to approved_60. Do not alter any other object or field.",reports/draft_60.txt,content,approved_60,"[""any other object"", ""any other field""]",1,"The paraphrase adds a condition 'if present' which is not in the base instruction, but the core action and preservation constraint are preserved.",1,"{
  ""target_object"": ""reports/draft_60.txt"",
  ""target_field"": ""content"",
  ""expected_state"": ""approved_60"",
  ""forbidden_effects"": [""any other object"", ""any other field""],
  ""paraphrase_preserves_meaning"": true,
  ""notes"": ""The paraphrase adds a condition 'if present' which is not in the base instruction, but the core action and preservation constraint are preserved.""
}",3f4c9a8b8955,283,0,,c4e20cf9945d,ai-preannotation-json-v1,2026-07-11T17:03:27.063105+00:00,2315.903
pc_v4_60_p3,pc_v4_60,file,Model-A,deepseek-v4-flash,disabled,ellipsis_multi_object_preservation,Set reports/draft_60.txt's content to approved_60; preserve every unrelated object and field.,"For reports/draft_60.txt: content -> approved_60; reports/reference_60.txt and reports/archive_60.txt, unchanged.",reports/draft_60.txt,content,approved_60,"[""reports/reference_60.txt"", ""reports/archive_60.txt""]",1,"The paraphrase explicitly preserves two other objects, matching the base instruction's preservation requirement.",1,"{
  ""target_object"": ""reports/draft_60.txt"",
  ""target_field"": ""content"",
  ""expected_state"": ""approved_60"",
  ""forbidden_effects"": [""reports/reference_60.txt"", ""reports/archive_60.txt""],
  ""paraphrase_preserves_meaning"": true,
  ""notes"": ""The paraphrase explicitly preserves two other objects, matching the base instruction's preservation requirement.""
}",e1e3c70959f2,288,0,,a17f7bba8a54,ai-preannotation-json-v1,2026-07-11T17:03:28.321421+00:00,2146.157
pc_v4_61_p1,pc_v4_61,web_form,Model-A,deepseek-v4-flash,disabled,pronoun_coreference,Set r61's status to approved; preserve every unrelated object and field.,"Open r61. Change its status so that it reads approved, and leave everything else untouched.",r61,status,approved,"[""change any other field of r61"", ""modify any other object""]",1,"The paraphrase uses 'its' to refer to r61, preserving coreference. 'Open r61' is interpreted as accessing the object, and 'leave everything else untouched' matches 'preserve every unrelated object and field'.",1,"{
  ""target_object"": ""r61"",
  ""target_field"": ""status"",
  ""expected_state"": ""approved"",
  ""forbidden_effects"": [""change any other field of r61"", ""modify any other object""],
  ""paraphrase_preserves_meaning"": true,
  ""notes"": ""The paraphrase uses 'its' to refer to r61, preserving coreference. 'Open r61' is interpreted as accessing the object, and 'leave everything else untouched' matches 'preserve every unrelated object and field'.""
}",766f687d70ec,289,0,,374e16fe6a2f,ai-preannotation-json-v1,2026-07-11T17:03:28.491650+00:00,2391.795
pc_v4_61_p2,pc_v4_61,web_form,Model-A,deepseek-v4-flash,disabled,conditional_negative_constraint,Set r61's status to approved; preserve every unrelated object and field.,"If r61 is present, set status to approved. Do not alter any other object or field.",r61,status,approved,"[""alter any other object or field""]",1,"The paraphrase adds a conditional 'if r61 is present', which is implicit in the base instruction. The negative constraint is preserved.",1,"{
  ""target_object"": ""r61"",
  ""target_field"": ""status"",
  ""expected_state"": ""approved"",
  ""forbidden_effects"": [""alter any other object or field""],
  ""paraphrase_preserves_meaning"": true,
  ""notes"": ""The paraphrase adds a conditional 'if r61 is present', which is implicit in the base instruction. The negative constraint is preserved.""
}",d7ea5a376413,262,0,,17998c5b70f6,ai-preannotation-json-v1,2026-07-11T17:03:28.620886+00:00,2684.199
pc_v4_61_p3,pc_v4_61,web_form,Model-A,deepseek-v4-flash,disabled,ellipsis_multi_object_preservation,Set r61's status to approved; preserve every unrelated object and field.,"For r61: status -> approved; peer_record_61_a and peer_record_61_b, unchanged.",r61,status,approved,"[""peer_record_61_a"", ""peer_record_61_b""]",1,"The paraphrase explicitly preserves two other objects, matching the base instruction's preservation requirement.",1,"{
  ""target_object"": ""r61"",
  ""target_field"": ""status"",
  ""expected_state"": ""approved"",
  ""forbidden_effects"": [""peer_record_61_a"", ""peer_record_61_b""],
  ""paraphrase_preserves_meaning"": true,
  ""notes"": ""The paraphrase explicitly preserves two other objects, matching the base instruction's preservation requirement.""
}",6d9ab5ff5e70,264,0,,be4915a1bb61,ai-preannotation-json-v1,2026-07-11T17:03:29.379217+00:00,2248.942
pc_v4_62_p1,pc_v4_62,table,Model-A,deepseek-v4-flash,disabled,pronoun_coreference,Set row62's score to 82; preserve every unrelated object and field.,"Open row62. Change its score so that it reads 82, and leave everything else untouched.",row62,score,82,"[""any change to other rows"", ""any change to other fields of row62""]",1,"The paraphrase uses 'its' and 'it' to refer to row62, preserving the coreference and meaning.",1,"{
  ""target_object"": ""row62"",
  ""target_field"": ""score"",
  ""expected_state"": 82,
  ""forbidden_effects"": [""any change to other rows"", ""any change to other fields of row62""],
  ""paraphrase_preserves_meaning"": true,
  ""notes"": ""The paraphrase uses 'its' and 'it' to refer to row62, preserving the coreference and meaning.""
}",12f262fc20ca,268,0,,afd650d50dbb,ai-preannotation-json-v1,2026-07-11T17:03:30.467828+00:00,2355.740
pc_v4_62_p2,pc_v4_62,table,Model-A,deepseek-v4-flash,disabled,conditional_negative_constraint,Set row62's score to 82; preserve every unrelated object and field.,"If row62 is present, set score to 82. Do not alter any other object or field.",row62,score,82,"[""any other object"", ""any other field""]",1,"The paraphrase adds a conditional 'if present' which is not in the base instruction, but since the base instruction implies row62 exists, the meaning is preserved.",1,"{
  ""target_object"": ""row62"",
  ""target_field"": ""score"",
  ""expected_state"": 82,
  ""forbidden_effects"": [""any other object"", ""any other field""],
  ""paraphrase_preserves_meaning"": true,
  ""notes"": ""The paraphrase adds a conditional 'if present' which is not in the base instruction, but since the base instruction implies row62 exists, the meaning is preserved.""
}",e9507c2699f7,271,0,,a25dc8941764,ai-preannotation-json-v1,2026-07-11T17:03:30.883679+00:00,2544.055
pc_v4_62_p3,pc_v4_62,table,Model-A,deepseek-v4-flash,disabled,ellipsis_multi_object_preservation,Set row62's score to 82; preserve every unrelated object and field.,"For row62: score -> 82; peer_row_62_a and peer_row_62_b, unchanged.",row62,score,82,"[""peer_row_62_a"", ""peer_row_62_b""]",1,"The paraphrase explicitly preserves peer_row_62_a and peer_row_62_b, matching the base instruction's preservation of unrelated objects.",1,"{
  ""target_object"": ""row62"",
  ""target_field"": ""score"",
  ""expected_state"": 82,
  ""forbidden_effects"": [""peer_row_62_a"", ""peer_row_62_b""],
  ""paraphrase_preserves_meaning"": true,
  ""notes"": ""The paraphrase explicitly preserves peer_row_62_a and peer_row_62_b, matching the base instruction's preservation of unrelated objects.""
}",55f6e96bf98b,275,0,,ca2d3c7e32a1,ai-preannotation-json-v1,2026-07-11T17:03:31.305222+00:00,2710.073
pc_v4_63_p1,pc_v4_63,workflow_micro,Model-A,deepseek-v4-flash,disabled,pronoun_coreference,Set step63's note to checked_63; preserve every unrelated object and field.,"Open step63. Change its note so that it reads checked_63, and leave everything else untouched.",step63,note,checked_63,"[""step63.note"", ""step63.*"", ""*.*""]",1,"The paraphrase uses 'its' to refer to step63, preserving coreference. 'Open step63' is an additional action not in the base instruction, but it is implied by the need to change the note. The core meaning of setting the note to 'checked_63' and preserving everything else is maintained.",1,"{
  ""target_object"": ""step63"",
  ""target_field"": ""note"",
  ""expected_state"": ""checked_63"",
  ""forbidden_effects"": [""step63.note"", ""step63.*"", ""*.*""],
  ""paraphrase_preserves_meaning"": true,
  ""notes"": ""The paraphrase uses 'its' to refer to step63, preserving coreference. 'Open step63' is an additional action not in the base instruction, but it is implied by the need to change the note. The core meaning of setting the note to 'checked_63' and preserving everything else is maintained.""
}",2de7a81fbd4b,312,0,,d72c8d3f342c,ai-preannotation-json-v1,2026-07-11T17:03:31.628367+00:00,3119.104
pc_v4_63_p2,pc_v4_63,workflow_micro,Model-A,deepseek-v4-flash,disabled,conditional_negative_constraint,Set step63's note to checked_63; preserve every unrelated object and field.,"If step63 is present, set note to checked_63. Do not alter any other object or field.",step63,note,checked_63,"[""any change to objects other than step63"", ""any change to fields other than note in step63""]",1,"The paraphrase adds an explicit condition 'If step63 is present', which is implicit in the base instruction. This does not change the meaning because the base instruction assumes step63 exists.",1,"{
  ""target_object"": ""step63"",
  ""target_field"": ""note"",
  ""expected_state"": ""checked_63"",
  ""forbidden_effects"": [""any change to objects other than step63"", ""any change to fields other than note in step63""],
  ""paraphrase_preserves_meaning"": true,
  ""notes"": ""The paraphrase adds an explicit condition 'If step63 is present', which is implicit in the base instruction. This does not change the meaning because the base instruction assumes step63 exists.""
}",2f9c3e570bb2,294,0,,88e308863b24,ai-preannotation-json-v1,2026-07-11T17:03:32.823819+00:00,2391.738
pc_v4_63_p3,pc_v4_63,workflow_micro,Model-A,deepseek-v4-flash,disabled,ellipsis_multi_object_preservation,Set step63's note to checked_63; preserve every unrelated object and field.,"For step63: note -> checked_63; peer_step_63_a and peer_step_63_b, unchanged.",step63,note,checked_63,"[""peer_step_63_a"", ""peer_step_63_b""]",1,"The paraphrase explicitly preserves peer_step_63_a and peer_step_63_b, matching the base instruction's preservation requirement.",1,"{
    ""target_object"": ""step63"",
    ""target_field"": ""note"",
    ""expected_state"": ""checked_63"",
    ""forbidden_effects"": [""peer_step_63_a"", ""peer_step_63_b""],
    ""paraphrase_preserves_meaning"": true,
    ""notes"": ""The paraphrase explicitly preserves peer_step_63_a and peer_step_63_b, matching the base instruction's preservation requirement.""
}",069469e632ba,280,0,,0ff94f13182d,ai-preannotation-json-v1,2026-07-11T17:03:33.427950+00:00,2139.120
pc_v4_64_p1,pc_v4_64,file,Model-A,deepseek-v4-flash,disabled,pronoun_coreference,Set reports/draft_64.txt's content to approved_64; preserve every unrelated object and field.,"Open reports/draft_64.txt. Change its content so that it reads approved_64, and leave everything else untouched.",reports/draft_64.txt,content,approved_64,"[""modify any other file"", ""change any other field of reports/draft_64.txt"", ""delete reports/draft_64.txt"", ""create new files""]",1,"The paraphrase uses 'its' to refer to the file, maintaining coreference. The instruction to 'leave everything else untouched' matches the base instruction's 'preserve every unrelated object and field'.",1,"{
  ""target_object"": ""reports/draft_64.txt"",
  ""target_field"": ""content"",
  ""expected_state"": ""approved_64"",
  ""forbidden_effects"": [""modify any other file"", ""change any other field of reports/draft_64.txt"", ""delete reports/draft_64.txt"", ""create new files""],
  ""paraphrase_preserves_meaning"": true,
  ""notes"": ""The paraphrase uses 'its' to refer to the file, maintaining coreference. The instruction to 'leave everything else untouched' matches the base instruction's 'preserve every unrelated object and field'.""
}",cf630ec5bb16,319,0,,73e7bb2215b7,ai-preannotation-json-v1,2026-07-11T17:03:34.015584+00:00,3227.755
pc_v4_64_p2,pc_v4_64,file,Model-A,deepseek-v4-flash,disabled,conditional_negative_constraint,Set reports/draft_64.txt's content to approved_64; preserve every unrelated object and field.,"If reports/draft_64.txt is present, set content to approved_64. Do not alter any other object or field.",reports/draft_64.txt,content,approved_64,"[""any change to other objects"", ""any change to other fields""]",1,"The paraphrase adds a condition 'if present' which is not in the base instruction, but the core action and constraints are preserved.",1,"{
  ""target_object"": ""reports/draft_64.txt"",
  ""target_field"": ""content"",
  ""expected_state"": ""approved_64"",
  ""forbidden_effects"": [""any change to other objects"", ""any change to other fields""],
  ""paraphrase_preserves_meaning"": true,
  ""notes"": ""The paraphrase adds a condition 'if present' which is not in the base instruction, but the core action and constraints are preserved.""
}",803b2af297b2,286,0,,c64a219b5dcd,ai-preannotation-json-v1,2026-07-11T17:03:34.747738+00:00,3083.685
pc_v4_64_p3,pc_v4_64,file,Model-A,deepseek-v4-flash,disabled,ellipsis_multi_object_preservation,Set reports/draft_64.txt's content to approved_64; preserve every unrelated object and field.,"For reports/draft_64.txt: content -> approved_64; reports/reference_64.txt and reports/archive_64.txt, unchanged.",reports/draft_64.txt,content,approved_64,"[""reports/reference_64.txt"", ""reports/archive_64.txt""]",1,"The paraphrase explicitly mentions two other files that must remain unchanged, matching the base instruction's preservation requirement.",1,"{
  ""target_object"": ""reports/draft_64.txt"",
  ""target_field"": ""content"",
  ""expected_state"": ""approved_64"",
  ""forbidden_effects"": [""reports/reference_64.txt"", ""reports/archive_64.txt""],
  ""paraphrase_preserves_meaning"": true,
  ""notes"": ""The paraphrase explicitly mentions two other files that must remain unchanged, matching the base instruction's preservation requirement.""
}",c762e92ddba7,292,0,,36704902c7e2,ai-preannotation-json-v1,2026-07-11T17:03:35.215839+00:00,3855.267
pc_v4_65_p1,pc_v4_65,web_form,Model-A,deepseek-v4-flash,disabled,pronoun_coreference,Set r65's status to approved; preserve every unrelated object and field.,"Open r65. Change its status so that it reads approved, and leave everything else untouched.",r65,status,approved,"[""change any other field of r65"", ""change any other object""]",1,"The paraphrase uses 'its' to refer to r65, preserving coreference. 'Open' is interpreted as accessing the object, and 'leave everything else untouched' matches 'preserve every unrelated object and field'.",1,"{
  ""target_object"": ""r65"",
  ""target_field"": ""status"",
  ""expected_state"": ""approved"",
  ""forbidden_effects"": [""change any other field of r65"", ""change any other object""],
  ""paraphrase_preserves_meaning"": true,
  ""notes"": ""The paraphrase uses 'its' to refer to r65, preserving coreference. 'Open' is interpreted as accessing the object, and 'leave everything else untouched' matches 'preserve every unrelated object and field'.""
}",ff5fc937aed7,286,0,,6cf5f41b5a92,ai-preannotation-json-v1,2026-07-11T17:03:35.567266+00:00,4467.967
pc_v4_65_p2,pc_v4_65,web_form,Model-A,deepseek-v4-flash,disabled,conditional_negative_constraint,Set r65's status to approved; preserve every unrelated object and field.,"If r65 is present, set status to approved. Do not alter any other object or field.",r65,status,approved,"[""alter any other object or field""]",1,"The paraphrase adds a conditional 'if r65 is present', which is a slight nuance but does not change the core instruction: set status to approved and leave everything else unchanged.",1,"{
  ""target_object"": ""r65"",
  ""target_field"": ""status"",
  ""expected_state"": ""approved"",
  ""forbidden_effects"": [""alter any other object or field""],
  ""paraphrase_preserves_meaning"": true,
  ""notes"": ""The paraphrase adds a conditional 'if r65 is present', which is a slight nuance but does not change the core instruction: set status to approved and leave everything else unchanged.""
}",735fff5c0af8,271,0,,4dc0c2090e60,ai-preannotation-json-v1,2026-07-11T17:03:37.243583+00:00,3807.255
pc_v4_65_p3,pc_v4_65,web_form,Model-A,deepseek-v4-flash,disabled,ellipsis_multi_object_preservation,Set r65's status to approved; preserve every unrelated object and field.,"For r65: status -> approved; peer_record_65_a and peer_record_65_b, unchanged.",r65,status,approved,"[""peer_record_65_a"", ""peer_record_65_b""]",1,"Paraphrase uses arrow notation and explicitly lists objects to preserve, matching base instruction.",1,"{
  ""target_object"": ""r65"",
  ""target_field"": ""status"",
  ""expected_state"": ""approved"",
  ""forbidden_effects"": [""peer_record_65_a"", ""peer_record_65_b""],
  ""paraphrase_preserves_meaning"": true,
  ""notes"": ""Paraphrase uses arrow notation and explicitly lists objects to preserve, matching base instruction.""
}",ddfc7af97ada,266,0,,c458338bd732,ai-preannotation-json-v1,2026-07-11T17:03:37.831640+00:00,2983.659
pc_v4_66_p1,pc_v4_66,table,Model-A,deepseek-v4-flash,disabled,pronoun_coreference,Set row66's score to 86; preserve every unrelated object and field.,"Open row66. Change its score so that it reads 86, and leave everything else untouched.",row66,score,86,"[""row66.other_fields"", ""other_rows""]",1,"The paraphrase uses 'its' to refer to row66, preserving coreference.",1,"{
  ""target_object"": ""row66"",
  ""target_field"": ""score"",
  ""expected_state"": 86,
  ""forbidden_effects"": [""row66.other_fields"", ""other_rows""],
  ""paraphrase_preserves_meaning"": true,
  ""notes"": ""The paraphrase uses 'its' to refer to row66, preserving coreference.""
}",19ee58f7c542,255,0,,819670f8dd19,ai-preannotation-json-v1,2026-07-11T17:03:39.071376+00:00,2160.111
pc_v4_66_p2,pc_v4_66,table,Model-A,deepseek-v4-flash,disabled,conditional_negative_constraint,Set row66's score to 86; preserve every unrelated object and field.,"If row66 is present, set score to 86. Do not alter any other object or field.",row66,score,86,"[""any change to other objects"", ""any change to other fields of row66""]",1,"The paraphrase adds a conditional 'if row66 is present', which is implicit in the base instruction but does not change the core meaning.",1,"{
  ""target_object"": ""row66"",
  ""target_field"": ""score"",
  ""expected_state"": 86,
  ""forbidden_effects"": [""any change to other objects"", ""any change to other fields of row66""],
  ""paraphrase_preserves_meaning"": true,
  ""notes"": ""The paraphrase adds a conditional 'if row66 is present', which is implicit in the base instruction but does not change the core meaning.""
}",2c92705c0781,273,0,,a812f14f67a6,ai-preannotation-json-v1,2026-07-11T17:03:40.035522+00:00,2399.600
pc_v4_66_p3,pc_v4_66,table,Model-A,deepseek-v4-flash,disabled,ellipsis_multi_object_preservation,Set row66's score to 86; preserve every unrelated object and field.,"For row66: score -> 86; peer_row_66_a and peer_row_66_b, unchanged.",row66,score,86,"[""peer_row_66_a"", ""peer_row_66_b""]",1,"The paraphrase uses an arrow notation and explicitly lists objects to remain unchanged, preserving the original intent.",1,"{
  ""target_object"": ""row66"",
  ""target_field"": ""score"",
  ""expected_state"": 86,
  ""forbidden_effects"": [""peer_row_66_a"", ""peer_row_66_b""],
  ""paraphrase_preserves_meaning"": true,
  ""notes"": ""The paraphrase uses an arrow notation and explicitly lists objects to remain unchanged, preserving the original intent.""
}",2aae423072f2,268,0,,3f630085488a,ai-preannotation-json-v1,2026-07-11T17:03:40.815512+00:00,2447.823
pc_v4_67_p1,pc_v4_67,workflow_micro,Model-A,deepseek-v4-flash,disabled,pronoun_coreference,Set step67's note to checked_67; preserve every unrelated object and field.,"Open step67. Change its note so that it reads checked_67, and leave everything else untouched.",step67,note,checked_67,[],1,"The paraphrase uses 'its' to refer to step67, preserving coreference.",1,"{
  ""target_object"": ""step67"",
  ""target_field"": ""note"",
  ""expected_state"": ""checked_67"",
  ""forbidden_effects"": [],
  ""paraphrase_preserves_meaning"": true,
  ""notes"": ""The paraphrase uses 'its' to refer to step67, preserving coreference.""
}",e18bf257a88d,252,0,,775085e9f3b8,ai-preannotation-json-v1,2026-07-11T17:03:41.051073+00:00,2486.805
pc_v4_67_p2,pc_v4_67,workflow_micro,Model-A,deepseek-v4-flash,disabled,conditional_negative_constraint,Set step67's note to checked_67; preserve every unrelated object and field.,"If step67 is present, set note to checked_67. Do not alter any other object or field.",step67,note,checked_67,"[""modify any other object"", ""modify any other field of step67""]",1,"The paraphrase adds a condition 'If step67 is present' which is implicit in the base instruction, but does not change the core meaning.",1,"{
  ""target_object"": ""step67"",
  ""target_field"": ""note"",
  ""expected_state"": ""checked_67"",
  ""forbidden_effects"": [""modify any other object"", ""modify any other field of step67""],
  ""paraphrase_preserves_meaning"": true,
  ""notes"": ""The paraphrase adds a condition 'If step67 is present' which is implicit in the base instruction, but does not change the core meaning.""
}",022cb4200bca,281,0,,89e43841d3ef,ai-preannotation-json-v1,2026-07-11T17:03:41.231705+00:00,2303.354
pc_v4_67_p3,pc_v4_67,workflow_micro,Model-A,deepseek-v4-flash,disabled,ellipsis_multi_object_preservation,Set step67's note to checked_67; preserve every unrelated object and field.,"For step67: note -> checked_67; peer_step_67_a and peer_step_67_b, unchanged.",step67,note,checked_67,"[""peer_step_67_a"", ""peer_step_67_b""]",1,"The paraphrase uses a colon and arrow notation to indicate the assignment, and explicitly lists the objects that must remain unchanged.",1,"{
  ""target_object"": ""step67"",
  ""target_field"": ""note"",
  ""expected_state"": ""checked_67"",
  ""forbidden_effects"": [""peer_step_67_a"", ""peer_step_67_b""],
  ""paraphrase_preserves_meaning"": true,
  ""notes"": ""The paraphrase uses a colon and arrow notation to indicate the assignment, and explicitly lists the objects that must remain unchanged.""
}",de637532a8fd,279,0,,d48bd91e7048,ai-preannotation-json-v1,2026-07-11T17:03:42.435374+00:00,2428.147
pc_v4_68_p1,pc_v4_68,file,Model-A,deepseek-v4-flash,disabled,pronoun_coreference,Set reports/draft_68.txt's content to approved_68; preserve every unrelated object and field.,"Open reports/draft_68.txt. Change its content so that it reads approved_68, and leave everything else untouched.",reports/draft_68.txt,content,approved_68,[],1,"The paraphrase uses 'its' to refer to the file, maintaining coreference. It explicitly states to leave everything else untouched, matching the base instruction.",1,"{
  ""target_object"": ""reports/draft_68.txt"",
  ""target_field"": ""content"",
  ""expected_state"": ""approved_68"",
  ""forbidden_effects"": [],
  ""paraphrase_preserves_meaning"": true,
  ""notes"": ""The paraphrase uses 'its' to refer to the file, maintaining coreference. It explicitly states to leave everything else untouched, matching the base instruction.""
}",44dad63d6863,276,0,,1c35ec2b3640,ai-preannotation-json-v1,2026-07-11T17:03:43.263547+00:00,3007.320
pc_v4_68_p2,pc_v4_68,file,Model-A,deepseek-v4-flash,disabled,conditional_negative_constraint,Set reports/draft_68.txt's content to approved_68; preserve every unrelated object and field.,"If reports/draft_68.txt is present, set content to approved_68. Do not alter any other object or field.",reports/draft_68.txt,content,approved_68,"[""reports/draft_68.txt is not present""]",1,"The paraphrase adds a condition that the file must be present, which is implicit in the base instruction. The forbidden effect is that the action should not occur if the file is absent.",1,"{
  ""target_object"": ""reports/draft_68.txt"",
  ""target_field"": ""content"",
  ""expected_state"": ""approved_68"",
  ""forbidden_effects"": [""reports/draft_68.txt is not present""],
  ""paraphrase_preserves_meaning"": true,
  ""notes"": ""The paraphrase adds a condition that the file must be present, which is implicit in the base instruction. The forbidden effect is that the action should not occur if the file is absent.""
}",fa4b2618e51e,294,0,,f0d0b3bc07eb,ai-preannotation-json-v1,2026-07-11T17:03:43.535298+00:00,2425.035
pc_v4_68_p3,pc_v4_68,file,Model-A,deepseek-v4-flash,disabled,ellipsis_multi_object_preservation,Set reports/draft_68.txt's content to approved_68; preserve every unrelated object and field.,"For reports/draft_68.txt: content -> approved_68; reports/reference_68.txt and reports/archive_68.txt, unchanged.",reports/draft_68.txt,content,approved_68,"[""reports/reference_68.txt"", ""reports/archive_68.txt""]",1,"The paraphrase explicitly mentions two other files that must remain unchanged, matching the base instruction's preservation requirement.",1,"{
  ""target_object"": ""reports/draft_68.txt"",
  ""target_field"": ""content"",
  ""expected_state"": ""approved_68"",
  ""forbidden_effects"": [""reports/reference_68.txt"", ""reports/archive_68.txt""],
  ""paraphrase_preserves_meaning"": true,
  ""notes"": ""The paraphrase explicitly mentions two other files that must remain unchanged, matching the base instruction's preservation requirement.""
}",235307b0bbf0,292,0,,57c2ecb8df5b,ai-preannotation-json-v1,2026-07-11T17:03:43.538045+00:00,2828.776
pc_v4_69_p1,pc_v4_69,web_form,Model-A,deepseek-v4-flash,disabled,pronoun_coreference,Set r69's name to Alice_69; preserve every unrelated object and field.,"Open r69. Change its name so that it reads Alice_69, and leave everything else untouched.",r69,name,Alice_69,[],1,"The paraphrase uses 'its' to refer to r69, maintaining coreference. 'Open r69' is an acceptable action for a web form context, and 'leave everything else untouched' matches 'preserve every unrelated object and field'.",1,"{
  ""target_object"": ""r69"",
  ""target_field"": ""name"",
  ""expected_state"": ""Alice_69"",
  ""forbidden_effects"": [],
  ""paraphrase_preserves_meaning"": true,
  ""notes"": ""The paraphrase uses 'its' to refer to r69, maintaining coreference. 'Open r69' is an acceptable action for a web form context, and 'leave everything else untouched' matches 'preserve every unrelated object and field'.""
}",53d385527cc6,283,0,,ba69bca1d448,ai-preannotation-json-v1,2026-07-11T17:03:44.863718+00:00,2576.781
pc_v4_69_p2,pc_v4_69,web_form,Model-A,deepseek-v4-flash,disabled,conditional_negative_constraint,Set r69's name to Alice_69; preserve every unrelated object and field.,"If r69 is present, set name to Alice_69. Do not alter any other object or field.",r69,name,Alice_69,"[""any change to other objects"", ""any change to other fields of r69""]",1,The paraphrase adds a condition 'if r69 is present' which is implicit in the base instruction. The negative constraint 'do not alter any other object or field' is preserved.,1,"{
  ""target_object"": ""r69"",
  ""target_field"": ""name"",
  ""expected_state"": ""Alice_69"",
  ""forbidden_effects"": [""any change to other objects"", ""any change to other fields of r69""],
  ""paraphrase_preserves_meaning"": true,
  ""notes"": ""The paraphrase adds a condition 'if r69 is present' which is implicit in the base instruction. The negative constraint 'do not alter any other object or field' is preserved.""
}",f5ad844c075a,287,0,,0849df974793,ai-preannotation-json-v1,2026-07-11T17:03:45.960542+00:00,2486.684
pc_v4_69_p3,pc_v4_69,web_form,Model-A,deepseek-v4-flash,disabled,ellipsis_multi_object_preservation,Set r69's name to Alice_69; preserve every unrelated object and field.,"For r69: name -> Alice_69; peer_record_69_a and peer_record_69_b, unchanged.",r69,name,Alice_69,"[""peer_record_69_a"", ""peer_record_69_b""]",1,"Paraphrase uses arrow notation and lists objects to preserve, matching base instruction.",1,"{
  ""target_object"": ""r69"",
  ""target_field"": ""name"",
  ""expected_state"": ""Alice_69"",
  ""forbidden_effects"": [""peer_record_69_a"", ""peer_record_69_b""],
  ""paraphrase_preserves_meaning"": true,
  ""notes"": ""Paraphrase uses arrow notation and lists objects to preserve, matching base instruction.""
}",33d0ce1d1d06,271,0,,620274e07cfb,ai-preannotation-json-v1,2026-07-11T17:03:46.271152+00:00,2236.534
pc_v4_70_p1,pc_v4_70,table,Model-A,deepseek-v4-flash,disabled,pronoun_coreference,Set row70's score to 80; preserve every unrelated object and field.,"Open row70. Change its score so that it reads 80, and leave everything else untouched.",row70,score,80,[],1,,1,"{
  ""target_object"": ""row70"",
  ""target_field"": ""score"",
  ""expected_state"": 80,
  ""forbidden_effects"": [],
  ""paraphrase_preserves_meaning"": true,
  ""notes"": """"
}",bab426eadfbe,229,0,,c513a2b2ea16,ai-preannotation-json-v1,2026-07-11T17:03:46.366990+00:00,2276.977
pc_v4_70_p2,pc_v4_70,table,Model-A,deepseek-v4-flash,disabled,conditional_negative_constraint,Set row70's score to 80; preserve every unrelated object and field.,"If row70 is present, set score to 80. Do not alter any other object or field.",row70,score,80,"[""any change to other objects"", ""any change to other fields of row70""]",1,"The paraphrase adds a conditional 'if row70 is present', which is implicit in the base instruction. The negative constraint 'do not alter any other object or field' matches the base instruction's 'preserve every unrelated object and field'.",1,"{
  ""target_object"": ""row70"",
  ""target_field"": ""score"",
  ""expected_state"": 80,
  ""forbidden_effects"": [""any change to other objects"", ""any change to other fields of row70""],
  ""paraphrase_preserves_meaning"": true,
  ""notes"": ""The paraphrase adds a conditional 'if row70 is present', which is implicit in the base instruction. The negative constraint 'do not alter any other object or field' matches the base instruction's 'preserve every unrelated object and field'.""
}",dad8fa4b7b1b,294,0,,62fda969e52c,ai-preannotation-json-v1,2026-07-11T17:03:47.440752+00:00,2620.262
pc_v4_70_p3,pc_v4_70,table,Model-A,deepseek-v4-flash,disabled,ellipsis_multi_object_preservation,Set row70's score to 80; preserve every unrelated object and field.,"For row70: score -> 80; peer_row_70_a and peer_row_70_b, unchanged.",row70,score,80,"[""peer_row_70_a"", ""peer_row_70_b""]",1,"The paraphrase uses an arrow notation and explicitly lists objects that must remain unchanged, preserving the base instruction's meaning.",1,"{
  ""target_object"": ""row70"",
  ""target_field"": ""score"",
  ""expected_state"": 80,
  ""forbidden_effects"": [""peer_row_70_a"", ""peer_row_70_b""],
  ""paraphrase_preserves_meaning"": true,
  ""notes"": ""The paraphrase uses an arrow notation and explicitly lists objects that must remain unchanged, preserving the base instruction's meaning.""
}",88918db228d8,271,0,,cfe4781f544d,ai-preannotation-json-v1,2026-07-11T17:03:48.447421+00:00,2368.131
pc_v4_71_p1,pc_v4_71,workflow_micro,Model-A,deepseek-v4-flash,disabled,pronoun_coreference,Set step71's note to checked_71; preserve every unrelated object and field.,"Open step71. Change its note so that it reads checked_71, and leave everything else untouched.",step71,note,checked_71,"[""step71.any_other_field"", ""any_other_object.any_field""]",1,"The paraphrase uses 'its' to refer to step71, preserving coreference. 'Open' implies accessing the object, and 'leave everything else untouched' matches preserving unrelated objects and fields.",1,"{
  ""target_object"": ""step71"",
  ""target_field"": ""note"",
  ""expected_state"": ""checked_71"",
  ""forbidden_effects"": [""step71.any_other_field"", ""any_other_object.any_field""],
  ""paraphrase_preserves_meaning"": true,
  ""notes"": ""The paraphrase uses 'its' to refer to step71, preserving coreference. 'Open' implies accessing the object, and 'leave everything else untouched' matches preserving unrelated objects and fields.""
}",c4ae5556d1e0,291,0,,f78d36f38b0e,ai-preannotation-json-v1,2026-07-11T17:03:48.507917+00:00,2730.891
pc_v4_71_p2,pc_v4_71,workflow_micro,Model-A,deepseek-v4-flash,disabled,conditional_negative_constraint,Set step71's note to checked_71; preserve every unrelated object and field.,"If step71 is present, set note to checked_71. Do not alter any other object or field.",step71,note,checked_71,"[""any change to other objects"", ""any change to other fields of step71""]",1,"The paraphrase adds a condition 'If step71 is present', which is implicit in the base instruction. The negative constraint 'Do not alter any other object or field' matches 'preserve every unrelated object and field'.",1,"{
  ""target_object"": ""step71"",
  ""target_field"": ""note"",
  ""expected_state"": ""checked_71"",
  ""forbidden_effects"": [""any change to other objects"", ""any change to other fields of step71""],
  ""paraphrase_preserves_meaning"": true,
  ""notes"": ""The paraphrase adds a condition 'If step71 is present', which is implicit in the base instruction. The negative constraint 'Do not alter any other object or field' matches 'preserve every unrelated object and field'.""
}",0c9203619769,297,0,,28155f378e61,ai-preannotation-json-v1,2026-07-11T17:03:48.644198+00:00,2919.993
pc_v4_71_p3,pc_v4_71,workflow_micro,Model-A,deepseek-v4-flash,disabled,ellipsis_multi_object_preservation,Set step71's note to checked_71; preserve every unrelated object and field.,"For step71: note -> checked_71; peer_step_71_a and peer_step_71_b, unchanged.",step71,note,checked_71,"[""peer_step_71_a"", ""peer_step_71_b""]",1,"The paraphrase uses a colon and arrow notation, but preserves the core instruction: set note to checked_71, leave peer objects unchanged.",1,"{
  ""target_object"": ""step71"",
  ""target_field"": ""note"",
  ""expected_state"": ""checked_71"",
  ""forbidden_effects"": [""peer_step_71_a"", ""peer_step_71_b""],
  ""paraphrase_preserves_meaning"": true,
  ""notes"": ""The paraphrase uses a colon and arrow notation, but preserves the core instruction: set note to checked_71, leave peer objects unchanged.""
}",9ca83f8a6b66,283,0,,2af4da44eb5c,ai-preannotation-json-v1,2026-07-11T17:03:50.061149+00:00,2414.572
pc_v4_72_p1,pc_v4_72,file,Model-A,deepseek-v4-flash,disabled,pronoun_coreference,Set reports/draft_72.txt's content to approved_72; preserve every unrelated object and field.,"Open reports/draft_72.txt. Change its content so that it reads approved_72, and leave everything else untouched.",reports/draft_72.txt,content,approved_72,[],1,"The paraphrase uses 'its' to refer to the file, preserving coreference. 'Leave everything else untouched' matches 'preserve every unrelated object and field'.",1,"{
  ""target_object"": ""reports/draft_72.txt"",
  ""target_field"": ""content"",
  ""expected_state"": ""approved_72"",
  ""forbidden_effects"": [],
  ""paraphrase_preserves_meaning"": true,
  ""notes"": ""The paraphrase uses 'its' to refer to the file, preserving coreference. 'Leave everything else untouched' matches 'preserve every unrelated object and field'.""
}",509aba6c027b,279,0,,fb62ba76300b,ai-preannotation-json-v1,2026-07-11T17:03:50.815754+00:00,2151.600
pc_v4_72_p2,pc_v4_72,file,Model-A,deepseek-v4-flash,disabled,conditional_negative_constraint,Set reports/draft_72.txt's content to approved_72; preserve every unrelated object and field.,"If reports/draft_72.txt is present, set content to approved_72. Do not alter any other object or field.",reports/draft_72.txt,content,approved_72,"[""any change to other objects"", ""any change to other fields""]",1,"The paraphrase adds a conditional check for file presence, which is a reasonable interpretation of the base instruction's implicit assumption that the file exists.",1,"{
  ""target_object"": ""reports/draft_72.txt"",
  ""target_field"": ""content"",
  ""expected_state"": ""approved_72"",
  ""forbidden_effects"": [""any change to other objects"", ""any change to other fields""],
  ""paraphrase_preserves_meaning"": true,
  ""notes"": ""The paraphrase adds a conditional check for file presence, which is a reasonable interpretation of the base instruction's implicit assumption that the file exists.""
}",18a297958d33,287,0,,37524bfc5772,ai-preannotation-json-v1,2026-07-11T17:03:51.239049+00:00,2588.609
pc_v4_72_p3,pc_v4_72,file,Model-A,deepseek-v4-flash,disabled,ellipsis_multi_object_preservation,Set reports/draft_72.txt's content to approved_72; preserve every unrelated object and field.,"For reports/draft_72.txt: content -> approved_72; reports/reference_72.txt and reports/archive_72.txt, unchanged.",reports/draft_72.txt,content,approved_72,"[""reports/reference_72.txt"", ""reports/archive_72.txt""]",1,"The paraphrase explicitly lists the two files that must remain unchanged, matching the base instruction's preservation requirement.",1,"{
  ""target_object"": ""reports/draft_72.txt"",
  ""target_field"": ""content"",
  ""expected_state"": ""approved_72"",
  ""forbidden_effects"": [""reports/reference_72.txt"", ""reports/archive_72.txt""],
  ""paraphrase_preserves_meaning"": true,
  ""notes"": ""The paraphrase explicitly lists the two files that must remain unchanged, matching the base instruction's preservation requirement.""
}",97d76d31c726,292,0,,83d3a480655b,ai-preannotation-json-v1,2026-07-11T17:03:51.564409+00:00,2765.177
pc_v4_73_p1,pc_v4_73,web_form,Model-A,deepseek-v4-flash,disabled,pronoun_coreference,Set r73's status to approved; preserve every unrelated object and field.,"Open r73. Change its status so that it reads approved, and leave everything else untouched.",r73,status,approved,[],1,"The paraphrase uses 'its' to refer to r73, preserving coreference. 'Open r73' is interpreted as accessing the object, and 'leave everything else untouched' matches 'preserve every unrelated object and field'.",1,"{
  ""target_object"": ""r73"",
  ""target_field"": ""status"",
  ""expected_state"": ""approved"",
  ""forbidden_effects"": [],
  ""paraphrase_preserves_meaning"": true,
  ""notes"": ""The paraphrase uses 'its' to refer to r73, preserving coreference. 'Open r73' is interpreted as accessing the object, and 'leave everything else untouched' matches 'preserve every unrelated object and field'.""
}",ee3e41b3b10a,274,0,,eda4e82ee48a,ai-preannotation-json-v1,2026-07-11T17:03:52.475910+00:00,2422.767
pc_v4_73_p2,pc_v4_73,web_form,Model-A,deepseek-v4-flash,disabled,conditional_negative_constraint,Set r73's status to approved; preserve every unrelated object and field.,"If r73 is present, set status to approved. Do not alter any other object or field.",r73,status,approved,"[""alter any other object or field""]",1,"The paraphrase adds a conditional 'if r73 is present', which is implicit in the base instruction. The negative constraint is preserved.",1,"{
  ""target_object"": ""r73"",
  ""target_field"": ""status"",
  ""expected_state"": ""approved"",
  ""forbidden_effects"": [""alter any other object or field""],
  ""paraphrase_preserves_meaning"": true,
  ""notes"": ""The paraphrase adds a conditional 'if r73 is present', which is implicit in the base instruction. The negative constraint is preserved.""
}",28703f79101a,262,0,,eab5f305be90,ai-preannotation-json-v1,2026-07-11T17:03:52.967613+00:00,2250.140
pc_v4_73_p3,pc_v4_73,web_form,Model-A,deepseek-v4-flash,disabled,ellipsis_multi_object_preservation,Set r73's status to approved; preserve every unrelated object and field.,"For r73: status -> approved; peer_record_73_a and peer_record_73_b, unchanged.",r73,status,approved,"[""peer_record_73_a"", ""peer_record_73_b""]",1,"The paraphrase explicitly preserves peer_record_73_a and peer_record_73_b, matching the base instruction's preservation of unrelated objects and fields.",1,"{
  ""target_object"": ""r73"",
  ""target_field"": ""status"",
  ""expected_state"": ""approved"",
  ""forbidden_effects"": [""peer_record_73_a"", ""peer_record_73_b""],
  ""paraphrase_preserves_meaning"": true,
  ""notes"": ""The paraphrase explicitly preserves peer_record_73_a and peer_record_73_b, matching the base instruction's preservation of unrelated objects and fields.""
}",cdb5bcbb6fd1,276,0,,5a4cb58496ae,ai-preannotation-json-v1,2026-07-11T17:03:53.827888+00:00,2211.658
pc_v4_74_p1,pc_v4_74,table,Model-A,deepseek-v4-flash,disabled,pronoun_coreference,Set row74's score to 84; preserve every unrelated object and field.,"Open row74. Change its score so that it reads 84, and leave everything else untouched.",row74,score,84,[],1,"The paraphrase uses 'its' to refer to row74, preserving coreference and meaning.",1,"{
  ""target_object"": ""row74"",
  ""target_field"": ""score"",
  ""expected_state"": 84,
  ""forbidden_effects"": [],
  ""paraphrase_preserves_meaning"": true,
  ""notes"": ""The paraphrase uses 'its' to refer to row74, preserving coreference and meaning.""
}",0ca7e2893bb0,247,0,,6e6ba0d9d983,ai-preannotation-json-v1,2026-07-11T17:03:54.329710+00:00,2449.884
pc_v4_74_p2,pc_v4_74,table,Model-A,deepseek-v4-flash,disabled,conditional_negative_constraint,Set row74's score to 84; preserve every unrelated object and field.,"If row74 is present, set score to 84. Do not alter any other object or field.",row74,score,84,"[""alter any other object or field""]",1,"The paraphrase adds a conditional 'if row74 is present', which is implicit in the base instruction. The negative constraint is preserved.",1,"{
  ""target_object"": ""row74"",
  ""target_field"": ""score"",
  ""expected_state"": 84,
  ""forbidden_effects"": [""alter any other object or field""],
  ""paraphrase_preserves_meaning"": true,
  ""notes"": ""The paraphrase adds a conditional 'if row74 is present', which is implicit in the base instruction. The negative constraint is preserved.""
}",5b46bef8d90e,263,0,,8d18a704f43b,ai-preannotation-json-v1,2026-07-11T17:03:54.898861+00:00,2135.659
pc_v4_74_p3,pc_v4_74,table,Model-A,deepseek-v4-flash,disabled,ellipsis_multi_object_preservation,Set row74's score to 84; preserve every unrelated object and field.,"For row74: score -> 84; peer_row_74_a and peer_row_74_b, unchanged.",row74,score,84,"[""peer_row_74_a"", ""peer_row_74_b""]",1,"The paraphrase uses an arrow notation and explicitly lists objects that must remain unchanged, preserving the original instruction's intent.",1,"{
  ""target_object"": ""row74"",
  ""target_field"": ""score"",
  ""expected_state"": 84,
  ""forbidden_effects"": [""peer_row_74_a"", ""peer_row_74_b""],
  ""paraphrase_preserves_meaning"": true,
  ""notes"": ""The paraphrase uses an arrow notation and explicitly lists objects that must remain unchanged, preserving the original instruction's intent.""
}",f2f913b7f4d4,271,0,,649d757ddfbb,ai-preannotation-json-v1,2026-07-11T17:03:55.217929+00:00,2344.104
pc_v4_75_p1,pc_v4_75,workflow_micro,Model-A,deepseek-v4-flash,disabled,pronoun_coreference,Set step75's note to checked_75; preserve every unrelated object and field.,"Open step75. Change its note so that it reads checked_75, and leave everything else untouched.",step75,note,checked_75,[],1,"The paraphrase uses 'its' to refer to step75, preserving the coreference.",1,"{
  ""target_object"": ""step75"",
  ""target_field"": ""note"",
  ""expected_state"": ""checked_75"",
  ""forbidden_effects"": [],
  ""paraphrase_preserves_meaning"": true,
  ""notes"": ""The paraphrase uses 'its' to refer to step75, preserving the coreference.""
}",377a54d7c41e,253,0,,fecde7312fea,ai-preannotation-json-v1,2026-07-11T17:03:56.039832+00:00,2610.795
pc_v4_75_p2,pc_v4_75,workflow_micro,Model-A,deepseek-v4-flash,disabled,conditional_negative_constraint,Set step75's note to checked_75; preserve every unrelated object and field.,"If step75 is present, set note to checked_75. Do not alter any other object or field.",step75,note,checked_75,"[""any other object"", ""any other field""]",1,"The paraphrase adds a condition 'If step75 is present' which is implicit in the base instruction, but does not change the core meaning.",1,"{
  ""target_object"": ""step75"",
  ""target_field"": ""note"",
  ""expected_state"": ""checked_75"",
  ""forbidden_effects"": [""any other object"", ""any other field""],
  ""paraphrase_preserves_meaning"": true,
  ""notes"": ""The paraphrase adds a condition 'If step75 is present' which is implicit in the base instruction, but does not change the core meaning.""
}",395459c4da71,274,0,,44b65bd8490a,ai-preannotation-json-v1,2026-07-11T17:03:56.779803+00:00,4927.164
pc_v4_75_p3,pc_v4_75,workflow_micro,Model-A,deepseek-v4-flash,disabled,ellipsis_multi_object_preservation,Set step75's note to checked_75; preserve every unrelated object and field.,"For step75: note -> checked_75; peer_step_75_a and peer_step_75_b, unchanged.",step75,note,checked_75,"[""peer_step_75_a"", ""peer_step_75_b""]",1,"The paraphrase uses a colon and arrow to indicate the update, and explicitly mentions that peer_step_75_a and peer_step_75_b are unchanged, preserving the base instruction's intent.",1,"{
  ""target_object"": ""step75"",
  ""target_field"": ""note"",
  ""expected_state"": ""checked_75"",
  ""forbidden_effects"": [""peer_step_75_a"", ""peer_step_75_b""],
  ""paraphrase_preserves_meaning"": true,
  ""notes"": ""The paraphrase uses a colon and arrow to indicate the update, and explicitly mentions that peer_step_75_a and peer_step_75_b are unchanged, preserving the base instruction's intent.""
}",8540c0fea8e3,293,0,,d442e1aec48a,ai-preannotation-json-v1,2026-07-11T17:03:57.034797+00:00,3489.362
pc_v4_76_p1,pc_v4_76,file,Model-A,deepseek-v4-flash,disabled,pronoun_coreference,Set reports/draft_76.txt's content to approved_76; preserve every unrelated object and field.,"Open reports/draft_76.txt. Change its content so that it reads approved_76, and leave everything else untouched.",reports/draft_76.txt,content,approved_76,"[""modify any other file"", ""modify any other field of reports/draft_76.txt""]",1,"The paraphrase uses 'its' to refer to the file, preserving coreference.",1,"{
  ""target_object"": ""reports/draft_76.txt"",
  ""target_field"": ""content"",
  ""expected_state"": ""approved_76"",
  ""forbidden_effects"": [""modify any other file"", ""modify any other field of reports/draft_76.txt""],
  ""paraphrase_preserves_meaning"": true,
  ""notes"": ""The paraphrase uses 'its' to refer to the file, preserving coreference.""
}",46e2397bbe29,282,0,,238b48c5cc90,ai-preannotation-json-v1,2026-07-11T17:03:57.562242+00:00,4692.926
pc_v4_76_p2,pc_v4_76,file,Model-A,deepseek-v4-flash,disabled,conditional_negative_constraint,Set reports/draft_76.txt's content to approved_76; preserve every unrelated object and field.,"If reports/draft_76.txt is present, set content to approved_76. Do not alter any other object or field.",reports/draft_76.txt,content,approved_76,"[""any change to other objects"", ""any change to other fields of reports/draft_76.txt""]",1,"The paraphrase adds a condition 'if present' which is not in the base instruction, but it does not change the core action or constraints.",1,"{
  ""target_object"": ""reports/draft_76.txt"",
  ""target_field"": ""content"",
  ""expected_state"": ""approved_76"",
  ""forbidden_effects"": [""any change to other objects"", ""any change to other fields of reports/draft_76.txt""],
  ""paraphrase_preserves_meaning"": true,
  ""notes"": ""The paraphrase adds a condition 'if present' which is not in the base instruction, but it does not change the core action or constraints.""
}",21ce6e6b19fb,295,0,,a5df273ef608,ai-preannotation-json-v1,2026-07-11T17:03:58.650841+00:00,2749.296
pc_v4_76_p3,pc_v4_76,file,Model-A,deepseek-v4-flash,disabled,ellipsis_multi_object_preservation,Set reports/draft_76.txt's content to approved_76; preserve every unrelated object and field.,"For reports/draft_76.txt: content -> approved_76; reports/reference_76.txt and reports/archive_76.txt, unchanged.",reports/draft_76.txt,content,approved_76,"[""reports/reference_76.txt"", ""reports/archive_76.txt""]",1,"The paraphrase explicitly lists two other files that must remain unchanged, matching the base instruction's preservation requirement.",1,"{
  ""target_object"": ""reports/draft_76.txt"",
  ""target_field"": ""content"",
  ""expected_state"": ""approved_76"",
  ""forbidden_effects"": [""reports/reference_76.txt"", ""reports/archive_76.txt""],
  ""paraphrase_preserves_meaning"": true,
  ""notes"": ""The paraphrase explicitly lists two other files that must remain unchanged, matching the base instruction's preservation requirement.""
}",d14beb89f108,292,0,,7bc9fe343e01,ai-preannotation-json-v1,2026-07-11T17:04:00.524402+00:00,2243.043
pc_v4_77_p1,pc_v4_77,web_form,Model-A,deepseek-v4-flash,disabled,pronoun_coreference,Set r77's status to approved; preserve every unrelated object and field.,"Open r77. Change its status so that it reads approved, and leave everything else untouched.",r77,status,approved,"[""change any other field of r77"", ""modify any other object""]",1,"The paraphrase uses 'its' to refer to r77, preserving coreference. 'Open' is interpreted as accessing the object, and 'leave everything else untouched' matches 'preserve every unrelated object and field'.",1,"{
  ""target_object"": ""r77"",
  ""target_field"": ""status"",
  ""expected_state"": ""approved"",
  ""forbidden_effects"": [""change any other field of r77"", ""modify any other object""],
  ""paraphrase_preserves_meaning"": true,
  ""notes"": ""The paraphrase uses 'its' to refer to r77, preserving coreference. 'Open' is interpreted as accessing the object, and 'leave everything else untouched' matches 'preserve every unrelated object and field'.""
}",90e821968946,287,0,,9af6d04c6304,ai-preannotation-json-v1,2026-07-11T17:04:01.400326+00:00,2707.685
pc_v4_77_p2,pc_v4_77,web_form,Model-A,deepseek-v4-flash,disabled,conditional_negative_constraint,Set r77's status to approved; preserve every unrelated object and field.,"If r77 is present, set status to approved. Do not alter any other object or field.",r77,status,approved,"[""alter any other object or field""]",1,"The paraphrase adds a conditional 'if r77 is present' which is implicit in the base instruction, but the meaning is preserved.",1,"{
  ""target_object"": ""r77"",
  ""target_field"": ""status"",
  ""expected_state"": ""approved"",
  ""forbidden_effects"": [""alter any other object or field""],
  ""paraphrase_preserves_meaning"": true,
  ""notes"": ""The paraphrase adds a conditional 'if r77 is present' which is implicit in the base instruction, but the meaning is preserved.""
}",54182083a8fd,262,0,,a2f3e32d0cc2,ai-preannotation-json-v1,2026-07-11T17:04:01.707327+00:00,2552.205
pc_v4_77_p3,pc_v4_77,web_form,Model-A,deepseek-v4-flash,disabled,ellipsis_multi_object_preservation,Set r77's status to approved; preserve every unrelated object and field.,"For r77: status -> approved; peer_record_77_a and peer_record_77_b, unchanged.",r77,status,approved,"[""peer_record_77_a"", ""peer_record_77_b""]",1,"The paraphrase explicitly preserves two other objects, matching the base instruction's preservation requirement.",1,"{
  ""target_object"": ""r77"",
  ""target_field"": ""status"",
  ""expected_state"": ""approved"",
  ""forbidden_effects"": [""peer_record_77_a"", ""peer_record_77_b""],
  ""paraphrase_preserves_meaning"": true,
  ""notes"": ""The paraphrase explicitly preserves two other objects, matching the base instruction's preservation requirement.""
}",fbd75239bad5,264,0,,3b4bd28d3572,ai-preannotation-json-v1,2026-07-11T17:04:02.255478+00:00,2079.326
pc_v4_78_p1,pc_v4_78,table,Model-A,deepseek-v4-flash,disabled,pronoun_coreference,Set row78's score to 88; preserve every unrelated object and field.,"Open row78. Change its score so that it reads 88, and leave everything else untouched.",row78,score,88,"[""any change to other rows"", ""any change to other fields of row78""]",1,"The paraphrase uses 'its' to refer to row78, maintaining coreference. It explicitly states to leave everything else untouched.",1,"{
  ""target_object"": ""row78"",
  ""target_field"": ""score"",
  ""expected_state"": 88,
  ""forbidden_effects"": [""any change to other rows"", ""any change to other fields of row78""],
  ""paraphrase_preserves_meaning"": true,
  ""notes"": ""The paraphrase uses 'its' to refer to row78, maintaining coreference. It explicitly states to leave everything else untouched.""
}",057cd86445cb,270,0,,8eb90a6d817b,ai-preannotation-json-v1,2026-07-11T17:04:02.767661+00:00,2376.485
pc_v4_78_p2,pc_v4_78,table,Model-A,deepseek-v4-flash,disabled,conditional_negative_constraint,Set row78's score to 88; preserve every unrelated object and field.,"If row78 is present, set score to 88. Do not alter any other object or field.",row78,score,88,"[""alter any other object or field""]",1,"The paraphrase adds a conditional 'if row78 is present', which is implicit in the base instruction but does not change the core action.",1,"{
  ""target_object"": ""row78"",
  ""target_field"": ""score"",
  ""expected_state"": 88,
  ""forbidden_effects"": [""alter any other object or field""],
  ""paraphrase_preserves_meaning"": true,
  ""notes"": ""The paraphrase adds a conditional 'if row78 is present', which is implicit in the base instruction but does not change the core action.""
}",b2c9392d888f,264,0,,8f7293022755,ai-preannotation-json-v1,2026-07-11T17:04:04.108242+00:00,2331.827
pc_v4_78_p3,pc_v4_78,table,Model-A,deepseek-v4-flash,disabled,ellipsis_multi_object_preservation,Set row78's score to 88; preserve every unrelated object and field.,"For row78: score -> 88; peer_row_78_a and peer_row_78_b, unchanged.",row78,score,88,"[""peer_row_78_a"", ""peer_row_78_b""]",1,"The paraphrase uses an arrow notation and explicitly lists objects that must remain unchanged, preserving the meaning of the base instruction.",1,"{
  ""target_object"": ""row78"",
  ""target_field"": ""score"",
  ""expected_state"": 88,
  ""forbidden_effects"": [""peer_row_78_a"", ""peer_row_78_b""],
  ""paraphrase_preserves_meaning"": true,
  ""notes"": ""The paraphrase uses an arrow notation and explicitly lists objects that must remain unchanged, preserving the meaning of the base instruction.""
}",45d5da6a1531,272,0,,d44efd07f5d0,ai-preannotation-json-v1,2026-07-11T17:04:04.259775+00:00,2911.054
pc_v4_79_p1,pc_v4_79,workflow_micro,Model-A,deepseek-v4-flash,disabled,pronoun_coreference,Set step79's note to checked_79; preserve every unrelated object and field.,"Open step79. Change its note so that it reads checked_79, and leave everything else untouched.",step79,note,checked_79,"[""any change to other objects"", ""any change to other fields of step79""]",1,"The paraphrase uses 'its' to refer to step79, preserving coreference. 'Open' is interpreted as accessing the object, and 'leave everything else untouched' matches 'preserve every unrelated object and field'.",1,"{
  ""target_object"": ""step79"",
  ""target_field"": ""note"",
  ""expected_state"": ""checked_79"",
  ""forbidden_effects"": [""any change to other objects"", ""any change to other fields of step79""],
  ""paraphrase_preserves_meaning"": true,
  ""notes"": ""The paraphrase uses 'its' to refer to step79, preserving coreference. 'Open' is interpreted as accessing the object, and 'leave everything else untouched' matches 'preserve every unrelated object and field'.""
}",79c4c3e2fc4b,296,0,,0b9df88a52a2,ai-preannotation-json-v1,2026-07-11T17:04:04.335050+00:00,2608.920
pc_v4_79_p2,pc_v4_79,workflow_micro,Model-A,deepseek-v4-flash,disabled,conditional_negative_constraint,Set step79's note to checked_79; preserve every unrelated object and field.,"If step79 is present, set note to checked_79. Do not alter any other object or field.",step79,note,checked_79,"[""any other object"", ""any other field""]",1,,1,"{
  ""target_object"": ""step79"",
  ""target_field"": ""note"",
  ""expected_state"": ""checked_79"",
  ""forbidden_effects"": [""any other object"", ""any other field""],
  ""paraphrase_preserves_meaning"": true,
  ""notes"": """"
}",95957c1ec473,246,0,,031ece72b31b,ai-preannotation-json-v1,2026-07-11T17:04:05.144373+00:00,2031.058
pc_v4_79_p3,pc_v4_79,workflow_micro,Model-A,deepseek-v4-flash,disabled,ellipsis_multi_object_preservation,Set step79's note to checked_79; preserve every unrelated object and field.,"For step79: note -> checked_79; peer_step_79_a and peer_step_79_b, unchanged.",step79,note,checked_79,"[""peer_step_79_a"", ""peer_step_79_b""]",1,,1,"{
    ""target_object"": ""step79"",
    ""target_field"": ""note"",
    ""expected_state"": ""checked_79"",
    ""forbidden_effects"": [""peer_step_79_a"", ""peer_step_79_b""],
    ""paraphrase_preserves_meaning"": true,
    ""notes"": """"
}",c0abf86c411f,256,0,,cf86a3d9b6bc,ai-preannotation-json-v1,2026-07-11T17:04:06.440353+00:00,2327.218
pc_v4_00_p1,pc_v4_00,file,Model-B,deepseek-v4-pro,disabled,pronoun_coreference,Set reports/draft_0.txt's content to approved_0; preserve every unrelated object and field.,"Open reports/draft_0.txt. Change its content so that it reads approved_0, and leave everything else untouched.",reports/draft_0.txt,content,approved_0,[],1,"The paraphrase accurately captures the base instruction: it specifies the same file, the same field (content), the same desired state (approved_0), and the same constraint to preserve unrelated objects and fields. The phrasing 'leave everything else untouched' is equivalent to 'preserve every unrelated object and field'.",1,"{
  ""target_object"": ""reports/draft_0.txt"",
  ""target_field"": ""content"",
  ""expected_state"": ""approved_0"",
  ""forbidden_effects"": [],
  ""paraphrase_preserves_meaning"": true,
  ""notes"": ""The paraphrase accurately captures the base instruction: it specifies the same file, the same field (content), the same desired state (approved_0), and the same constraint to preserve unrelated objects and fields. The phrasing 'leave everything else untouched' is equivalent to 'preserve every unrelated object and field'.""
}",71f880a18246,307,0,,a4f8190f524d,ai-preannotation-json-v1,2026-07-11T16:58:30.739086+00:00,3159.738
pc_v4_00_p2,pc_v4_00,file,Model-B,deepseek-v4-pro,disabled,conditional_negative_constraint,Set reports/draft_0.txt's content to approved_0; preserve every unrelated object and field.,"If reports/draft_0.txt is present, set content to approved_0. Do not alter any other object or field.",reports/draft_0.txt,content,approved_0,"[""alter any other object or field""]",1,"The paraphrase captures the conditional nature of the original instruction, specifying that the content should be set to approved_0 only if the file exists, while preserving all other objects and fields.",1,"{
  ""target_object"": ""reports/draft_0.txt"",
  ""target_field"": ""content"",
  ""expected_state"": ""approved_0"",
  ""forbidden_effects"": [""alter any other object or field""],
  ""paraphrase_preserves_meaning"": true,
  ""notes"": ""The paraphrase captures the conditional nature of the original instruction, specifying that the content should be set to approved_0 only if the file exists, while preserving all other objects and fields.""
}",234ef5536315,290,0,,94210ea3a194,ai-preannotation-json-v1,2026-07-11T16:58:30.739387+00:00,3190.930
pc_v4_00_p3,pc_v4_00,file,Model-B,deepseek-v4-pro,disabled,ellipsis_multi_object_preservation,Set reports/draft_0.txt's content to approved_0; preserve every unrelated object and field.,"For reports/draft_0.txt: content -> approved_0; reports/reference_00.txt and reports/archive_00.txt, unchanged.",reports/draft_0.txt,content,approved_0,"[""reports/reference_00.txt"", ""reports/archive_00.txt""]",1,"The paraphrase explicitly lists the objects to preserve, matching the base instruction's requirement to preserve every unrelated object and field.",1,"{
  ""target_object"": ""reports/draft_0.txt"",
  ""target_field"": ""content"",
  ""expected_state"": ""approved_0"",
  ""forbidden_effects"": [""reports/reference_00.txt"", ""reports/archive_00.txt""],
  ""paraphrase_preserves_meaning"": true,
  ""notes"": ""The paraphrase explicitly lists the objects to preserve, matching the base instruction's requirement to preserve every unrelated object and field.""
}",8c7dc66291db,295,0,,057d084b3fb5,ai-preannotation-json-v1,2026-07-11T16:58:30.739492+00:00,2832.417
pc_v4_01_p1,pc_v4_01,web_form,Model-B,deepseek-v4-pro,disabled,pronoun_coreference,Set r01's status to approved; preserve every unrelated object and field.,"Open r01. Change its status so that it reads approved, and leave everything else untouched.",r01,status,approved,[],1,"The paraphrase uses 'its' to refer to r01, preserving the coreference. It explicitly instructs to change the status to approved and leave everything else untouched, matching the base instruction.",1,"{
  ""target_object"": ""r01"",
  ""target_field"": ""status"",
  ""expected_state"": ""approved"",
  ""forbidden_effects"": [],
  ""paraphrase_preserves_meaning"": true,
  ""notes"": ""The paraphrase uses 'its' to refer to r01, preserving the coreference. It explicitly instructs to change the status to approved and leave everything else untouched, matching the base instruction.""
}",8a0c50d0538e,266,0,,91083b2848ba,ai-preannotation-json-v1,2026-07-11T16:58:30.739583+00:00,3384.487
pc_v4_01_p2,pc_v4_01,web_form,Model-B,deepseek-v4-pro,disabled,conditional_negative_constraint,Set r01's status to approved; preserve every unrelated object and field.,"If r01 is present, set status to approved. Do not alter any other object or field.",r01,status,approved,[],1,"The paraphrase adds a condition 'If r01 is present', but the base instruction implies r01 exists. The core action and preservation of unrelated objects/fields are maintained.",1,"{
  ""target_object"": ""r01"",
  ""target_field"": ""status"",
  ""expected_state"": ""approved"",
  ""forbidden_effects"": [],
  ""paraphrase_preserves_meaning"": true,
  ""notes"": ""The paraphrase adds a condition 'If r01 is present', but the base instruction implies r01 exists. The core action and preservation of unrelated objects/fields are maintained.""
}",7789aaf328a5,263,0,,c1ea1583de5b,ai-preannotation-json-v1,2026-07-11T16:58:33.572317+00:00,3023.325
pc_v4_01_p3,pc_v4_01,web_form,Model-B,deepseek-v4-pro,disabled,ellipsis_multi_object_preservation,Set r01's status to approved; preserve every unrelated object and field.,"For r01: status -> approved; peer_record_01_a and peer_record_01_b, unchanged.",r01,status,approved,"[""peer_record_01_a"", ""peer_record_01_b""]",1,"The paraphrase explicitly sets r01's status to approved and states that peer_record_01_a and peer_record_01_b should remain unchanged, matching the base instruction's requirement to preserve every unrelated object and field.",1,"{
  ""target_object"": ""r01"",
  ""target_field"": ""status"",
  ""expected_state"": ""approved"",
  ""forbidden_effects"": [""peer_record_01_a"", ""peer_record_01_b""],
  ""paraphrase_preserves_meaning"": true,
  ""notes"": ""The paraphrase explicitly sets r01's status to approved and states that peer_record_01_a and peer_record_01_b should remain unchanged, matching the base instruction's requirement to preserve every unrelated object and field.""
}",4845168b06c8,290,0,,cdf18ff70d1a,ai-preannotation-json-v1,2026-07-11T16:58:33.899386+00:00,2857.541
pc_v4_02_p1,pc_v4_02,table,Model-B,deepseek-v4-pro,disabled,pronoun_coreference,Set row02's score to 82; preserve every unrelated object and field.,"Open row02. Change its score so that it reads 82, and leave everything else untouched.",row02,score,82,[],1,"The paraphrase correctly identifies the target object and field, specifies the new value, and instructs to leave everything else unchanged, matching the base instruction.",1,"{
  ""target_object"": ""row02"",
  ""target_field"": ""score"",
  ""expected_state"": ""82"",
  ""forbidden_effects"": [],
  ""paraphrase_preserves_meaning"": true,
  ""notes"": ""The paraphrase correctly identifies the target object and field, specifies the new value, and instructs to leave everything else unchanged, matching the base instruction.""
}",467223ee16dc,258,0,,1075479d9f8e,ai-preannotation-json-v1,2026-07-11T16:58:33.930612+00:00,2512.310
pc_v4_02_p2,pc_v4_02,table,Model-B,deepseek-v4-pro,disabled,conditional_negative_constraint,Set row02's score to 82; preserve every unrelated object and field.,"If row02 is present, set score to 82. Do not alter any other object or field.",row02,score,82,"[""alter any other object or field""]",1,"The paraphrase captures the conditional nature and the negative constraint, preserving the original meaning.",1,"{
  ""target_object"": ""row02"",
  ""target_field"": ""score"",
  ""expected_state"": ""82"",
  ""forbidden_effects"": [""alter any other object or field""],
  ""paraphrase_preserves_meaning"": true,
  ""notes"": ""The paraphrase captures the conditional nature and the negative constraint, preserving the original meaning.""
}",a31e8c41ad6f,253,0,,bc34e295f05e,ai-preannotation-json-v1,2026-07-11T16:58:34.124340+00:00,2938.831
pc_v4_02_p3,pc_v4_02,table,Model-B,deepseek-v4-pro,disabled,ellipsis_multi_object_preservation,Set row02's score to 82; preserve every unrelated object and field.,"For row02: score -> 82; peer_row_02_a and peer_row_02_b, unchanged.",row02,score,82,"[""peer_row_02_a"", ""peer_row_02_b""]",1,"The paraphrase explicitly sets row02's score to 82 and states that peer_row_02_a and peer_row_02_b remain unchanged, matching the base instruction's requirement to preserve every unrelated object and field.",1,"{
  ""target_object"": ""row02"",
  ""target_field"": ""score"",
  ""expected_state"": ""82"",
  ""forbidden_effects"": [""peer_row_02_a"", ""peer_row_02_b""],
  ""paraphrase_preserves_meaning"": true,
  ""notes"": ""The paraphrase explicitly sets row02's score to 82 and states that peer_row_02_a and peer_row_02_b remain unchanged, matching the base instruction's requirement to preserve every unrelated object and field.""
}",1d704af1ee4b,291,0,,b8e4135b6aa3,ai-preannotation-json-v1,2026-07-11T16:58:36.443180+00:00,4704.285
pc_v4_03_p1,pc_v4_03,workflow_micro,Model-B,deepseek-v4-pro,disabled,pronoun_coreference,Set step03's note to checked_3; preserve every unrelated object and field.,"Open step03. Change its note so that it reads checked_3, and leave everything else untouched.",step03,note,checked_3,[],1,"The paraphrase explicitly instructs to open step03, change its note to checked_3, and leave everything else untouched, which matches the base instruction's intent to set step03's note to checked_3 and preserve all unrelated objects and fields.",1,"{
  ""target_object"": ""step03"",
  ""target_field"": ""note"",
  ""expected_state"": ""checked_3"",
  ""forbidden_effects"": [],
  ""paraphrase_preserves_meaning"": true,
  ""notes"": ""The paraphrase explicitly instructs to open step03, change its note to checked_3, and leave everything else untouched, which matches the base instruction's intent to set step03's note to checked_3 and preserve all unrelated objects and fields.""
}",b0de711570d6,285,0,,684d2767e6d3,ai-preannotation-json-v1,2026-07-11T16:58:36.595922+00:00,4281.391
pc_v4_03_p2,pc_v4_03,workflow_micro,Model-B,deepseek-v4-pro,disabled,conditional_negative_constraint,Set step03's note to checked_3; preserve every unrelated object and field.,"If step03 is present, set note to checked_3. Do not alter any other object or field.",step03,note,checked_3,"[""alter any other object or field""]",1,"The paraphrase captures the conditional nature and the negative constraint, preserving the original meaning.",1,"{
  ""target_object"": ""step03"",
  ""target_field"": ""note"",
  ""expected_state"": ""checked_3"",
  ""forbidden_effects"": [""alter any other object or field""],
  ""paraphrase_preserves_meaning"": true,
  ""notes"": ""The paraphrase captures the conditional nature and the negative constraint, preserving the original meaning.""
}",cdd1eaa035fa,260,0,,a3552598a5be,ai-preannotation-json-v1,2026-07-11T16:58:36.757208+00:00,4218.370
pc_v4_03_p3,pc_v4_03,workflow_micro,Model-B,deepseek-v4-pro,disabled,ellipsis_multi_object_preservation,Set step03's note to checked_3; preserve every unrelated object and field.,"For step03: note -> checked_3; peer_step_03_a and peer_step_03_b, unchanged.",step03,note,checked_3,"[""peer_step_03_a"", ""peer_step_03_b""]",1,"The paraphrase explicitly sets step03's note to checked_3 and states that peer_step_03_a and peer_step_03_b remain unchanged, matching the base instruction's requirement to preserve every unrelated object and field.",1,"{
  ""target_object"": ""step03"",
  ""target_field"": ""note"",
  ""expected_state"": ""checked_3"",
  ""forbidden_effects"": [""peer_step_03_a"", ""peer_step_03_b""],
  ""paraphrase_preserves_meaning"": true,
  ""notes"": ""The paraphrase explicitly sets step03's note to checked_3 and states that peer_step_03_a and peer_step_03_b remain unchanged, matching the base instruction's requirement to preserve every unrelated object and field.""
}",2f2071495731,299,0,,293397ff3655,ai-preannotation-json-v1,2026-07-11T16:58:37.063429+00:00,4339.537
pc_v4_04_p1,pc_v4_04,file,Model-B,deepseek-v4-pro,disabled,pronoun_coreference,Set reports/draft_4.txt's content to approved_4; preserve every unrelated object and field.,"Open reports/draft_4.txt. Change its content so that it reads approved_4, and leave everything else untouched.",reports/draft_4.txt,content,approved_4,[],1,"The paraphrase uses 'its' to refer to the file, preserving the coreference and meaning.",1,"{
  ""target_object"": ""reports/draft_4.txt"",
  ""target_field"": ""content"",
  ""expected_state"": ""approved_4"",
  ""forbidden_effects"": [],
  ""paraphrase_preserves_meaning"": true,
  ""notes"": ""The paraphrase uses 'its' to refer to the file, preserving the coreference and meaning.""
}",461bd29f92a6,265,0,,a791a1e96a9a,ai-preannotation-json-v1,2026-07-11T16:58:40.877591+00:00,2737.594
pc_v4_04_p2,pc_v4_04,file,Model-B,deepseek-v4-pro,disabled,conditional_negative_constraint,Set reports/draft_4.txt's content to approved_4; preserve every unrelated object and field.,"If reports/draft_4.txt is present, set content to approved_4. Do not alter any other object or field.",reports/draft_4.txt,content,approved_4,"[""alter any other object or field""]",1,"The paraphrase adds a conditional 'If reports/draft_4.txt is present', which slightly changes the meaning by making the action conditional, whereas the base instruction unconditionally sets the content. However, the core intent of setting the content and preserving other objects/fields is maintained.",1,"{
  ""target_object"": ""reports/draft_4.txt"",
  ""target_field"": ""content"",
  ""expected_state"": ""approved_4"",
  ""forbidden_effects"": [""alter any other object or field""],
  ""paraphrase_preserves_meaning"": true,
  ""notes"": ""The paraphrase adds a conditional 'If reports/draft_4.txt is present', which slightly changes the meaning by making the action conditional, whereas the base instruction unconditionally sets the content. However, the core intent of setting the content and preserving other objects/fields is maintained.""
}",379dae902e98,309,0,,7138c4df532c,ai-preannotation-json-v1,2026-07-11T16:58:40.975862+00:00,3511.027
pc_v4_04_p3,pc_v4_04,file,Model-B,deepseek-v4-pro,disabled,ellipsis_multi_object_preservation,Set reports/draft_4.txt's content to approved_4; preserve every unrelated object and field.,"For reports/draft_4.txt: content -> approved_4; reports/reference_04.txt and reports/archive_04.txt, unchanged.",reports/draft_4.txt,content,approved_4,"[""reports/reference_04.txt"", ""reports/archive_04.txt""]",1,"The paraphrase explicitly lists the objects to preserve, matching the base instruction's requirement to preserve every unrelated object and field.",1,"{
  ""target_object"": ""reports/draft_4.txt"",
  ""target_field"": ""content"",
  ""expected_state"": ""approved_4"",
  ""forbidden_effects"": [""reports/reference_04.txt"", ""reports/archive_04.txt""],
  ""paraphrase_preserves_meaning"": true,
  ""notes"": ""The paraphrase explicitly lists the objects to preserve, matching the base instruction's requirement to preserve every unrelated object and field.""
}",7022119e988f,295,0,,4b326e2c31ef,ai-preannotation-json-v1,2026-07-11T16:58:41.147736+00:00,2702.082
pc_v4_05_p1,pc_v4_05,web_form,Model-B,deepseek-v4-pro,disabled,pronoun_coreference,Set r05's status to approved; preserve every unrelated object and field.,"Open r05. Change its status so that it reads approved, and leave everything else untouched.",r05,status,approved,[],1,"The paraphrase explicitly mentions opening r05, changing its status to approved, and leaving everything else untouched, which matches the base instruction's intent to set r05's status to approved while preserving all other objects and fields.",1,"{
  ""target_object"": ""r05"",
  ""target_field"": ""status"",
  ""expected_state"": ""approved"",
  ""forbidden_effects"": [],
  ""paraphrase_preserves_meaning"": true,
  ""notes"": ""The paraphrase explicitly mentions opening r05, changing its status to approved, and leaving everything else untouched, which matches the base instruction's intent to set r05's status to approved while preserving all other objects and fields.""
}",9be79a6a6a79,271,0,,019dff8b1c18,ai-preannotation-json-v1,2026-07-11T16:58:41.403271+00:00,2699.052
pc_v4_05_p2,pc_v4_05,web_form,Model-B,deepseek-v4-pro,disabled,conditional_negative_constraint,Set r05's status to approved; preserve every unrelated object and field.,"If r05 is present, set status to approved. Do not alter any other object or field.",r05,status,approved,"[""alter any other object or field""]",1,"The paraphrase adds a conditional 'If r05 is present', which is not in the base instruction, but the core action and constraint are preserved.",1,"{
  ""target_object"": ""r05"",
  ""target_field"": ""status"",
  ""expected_state"": ""approved"",
  ""forbidden_effects"": [""alter any other object or field""],
  ""paraphrase_preserves_meaning"": true,
  ""notes"": ""The paraphrase adds a conditional 'If r05 is present', which is not in the base instruction, but the core action and constraint are preserved.""
}",eda6432ef2c3,265,0,,f9dff01b7d6b,ai-preannotation-json-v1,2026-07-11T16:58:43.615444+00:00,2744.485
pc_v4_05_p3,pc_v4_05,web_form,Model-B,deepseek-v4-pro,disabled,ellipsis_multi_object_preservation,Set r05's status to approved; preserve every unrelated object and field.,"For r05: status -> approved; peer_record_05_a and peer_record_05_b, unchanged.",r05,status,approved,"[""peer_record_05_a"", ""peer_record_05_b""]",1,"The paraphrase explicitly sets r05's status to approved and states that peer_record_05_a and peer_record_05_b remain unchanged, matching the base instruction's requirement to preserve every unrelated object and field.",1,"{
  ""target_object"": ""r05"",
  ""target_field"": ""status"",
  ""expected_state"": ""approved"",
  ""forbidden_effects"": [""peer_record_05_a"", ""peer_record_05_b""],
  ""paraphrase_preserves_meaning"": true,
  ""notes"": ""The paraphrase explicitly sets r05's status to approved and states that peer_record_05_a and peer_record_05_b remain unchanged, matching the base instruction's requirement to preserve every unrelated object and field.""
}",49c548c99657,289,0,,3052e73909a8,ai-preannotation-json-v1,2026-07-11T16:58:43.850102+00:00,3001.125
pc_v4_06_p1,pc_v4_06,table,Model-B,deepseek-v4-pro,disabled,pronoun_coreference,Set row06's score to 86; preserve every unrelated object and field.,"Open row06. Change its score so that it reads 86, and leave everything else untouched.",row06,score,86,[],1,The paraphrase maintains the core instruction to set row06's score to 86 and preserve all other objects and fields. 'Open row06' is an additional step but does not alter the intended outcome.,1,"{
  ""target_object"": ""row06"",
  ""target_field"": ""score"",
  ""expected_state"": ""86"",
  ""forbidden_effects"": [],
  ""paraphrase_preserves_meaning"": true,
  ""notes"": ""The paraphrase maintains the core instruction to set row06's score to 86 and preserve all other objects and fields. 'Open row06' is an additional step but does not alter the intended outcome.""
}",4da889e1eea6,269,0,,a6bd97028e3f,ai-preannotation-json-v1,2026-07-11T16:58:44.102550+00:00,2761.002
pc_v4_06_p2,pc_v4_06,table,Model-B,deepseek-v4-pro,disabled,conditional_negative_constraint,Set row06's score to 86; preserve every unrelated object and field.,"If row06 is present, set score to 86. Do not alter any other object or field.",row06,score,86,"[""alter any other object or field""]",1,"The paraphrase explicitly conditions the update on row06's presence, but the core instruction to set score to 86 and preserve everything else is maintained.",1,"{
  ""target_object"": ""row06"",
  ""target_field"": ""score"",
  ""expected_state"": ""86"",
  ""forbidden_effects"": [""alter any other object or field""],
  ""paraphrase_preserves_meaning"": true,
  ""notes"": ""The paraphrase explicitly conditions the update on row06's presence, but the core instruction to set score to 86 and preserve everything else is maintained.""
}",35ae3ab90545,266,0,,a1c704bcb738,ai-preannotation-json-v1,2026-07-11T16:58:44.487309+00:00,2576.725
pc_v4_06_p3,pc_v4_06,table,Model-B,deepseek-v4-pro,disabled,ellipsis_multi_object_preservation,Set row06's score to 86; preserve every unrelated object and field.,"For row06: score -> 86; peer_row_06_a and peer_row_06_b, unchanged.",row06,score,86,"[""peer_row_06_a"", ""peer_row_06_b""]",1,"The paraphrase explicitly sets row06's score to 86 and states that peer_row_06_a and peer_row_06_b should remain unchanged, matching the base instruction's requirement to preserve every unrelated object and field.",1,"{
  ""target_object"": ""row06"",
  ""target_field"": ""score"",
  ""expected_state"": ""86"",
  ""forbidden_effects"": [""peer_row_06_a"", ""peer_row_06_b""],
  ""paraphrase_preserves_meaning"": true,
  ""notes"": ""The paraphrase explicitly sets row06's score to 86 and states that peer_row_06_a and peer_row_06_b should remain unchanged, matching the base instruction's requirement to preserve every unrelated object and field.""
}",53e788ab2802,292,0,,8c097e06d668,ai-preannotation-json-v1,2026-07-11T16:58:46.360181+00:00,3216.830
pc_v4_07_p1,pc_v4_07,workflow_micro,Model-B,deepseek-v4-pro,disabled,pronoun_coreference,Set step07's note to checked_7; preserve every unrelated object and field.,"Open step07. Change its note so that it reads checked_7, and leave everything else untouched.",step07,note,checked_7,[],1,"The paraphrase explicitly instructs to open step07 and change its note to checked_7, while leaving everything else untouched, which matches the base instruction's intent to set step07's note to checked_7 and preserve all unrelated objects and fields.",1,"{
  ""target_object"": ""step07"",
  ""target_field"": ""note"",
  ""expected_state"": ""checked_7"",
  ""forbidden_effects"": [],
  ""paraphrase_preserves_meaning"": true,
  ""notes"": ""The paraphrase explicitly instructs to open step07 and change its note to checked_7, while leaving everything else untouched, which matches the base instruction's intent to set step07's note to checked_7 and preserve all unrelated objects and fields.""
}",8796971b6070,285,0,,5f06ff16d299,ai-preannotation-json-v1,2026-07-11T16:58:46.851494+00:00,2986.547
pc_v4_07_p2,pc_v4_07,workflow_micro,Model-B,deepseek-v4-pro,disabled,conditional_negative_constraint,Set step07's note to checked_7; preserve every unrelated object and field.,"If step07 is present, set note to checked_7. Do not alter any other object or field.",step07,note,checked_7,[],1,The paraphrase captures the conditional nature and the negative constraint to preserve unrelated objects and fields.,1,"{
  ""target_object"": ""step07"",
  ""target_field"": ""note"",
  ""expected_state"": ""checked_7"",
  ""forbidden_effects"": [],
  ""paraphrase_preserves_meaning"": true,
  ""notes"": ""The paraphrase captures the conditional nature and the negative constraint to preserve unrelated objects and fields.""
}",d603809b3841,254,0,,b887d3336e0d,ai-preannotation-json-v1,2026-07-11T16:58:46.863767+00:00,2715.203
pc_v4_07_p3,pc_v4_07,workflow_micro,Model-B,deepseek-v4-pro,disabled,ellipsis_multi_object_preservation,Set step07's note to checked_7; preserve every unrelated object and field.,"For step07: note -> checked_7; peer_step_07_a and peer_step_07_b, unchanged.",step07,note,checked_7,"[""peer_step_07_a"", ""peer_step_07_b""]",1,"The paraphrase explicitly sets step07's note to checked_7 and states that peer_step_07_a and peer_step_07_b remain unchanged, matching the base instruction's requirement to preserve every unrelated object and field.",1,"{
  ""target_object"": ""step07"",
  ""target_field"": ""note"",
  ""expected_state"": ""checked_7"",
  ""forbidden_effects"": [""peer_step_07_a"", ""peer_step_07_b""],
  ""paraphrase_preserves_meaning"": true,
  ""notes"": ""The paraphrase explicitly sets step07's note to checked_7 and states that peer_step_07_a and peer_step_07_b remain unchanged, matching the base instruction's requirement to preserve every unrelated object and field.""
}",46cb796d77ce,299,0,,ae27dd269e2e,ai-preannotation-json-v1,2026-07-11T16:58:47.064316+00:00,2853.418
pc_v4_08_p1,pc_v4_08,file,Model-B,deepseek-v4-pro,disabled,pronoun_coreference,Set reports/draft_8.txt's content to approved_8; preserve every unrelated object and field.,"Open reports/draft_8.txt. Change its content so that it reads approved_8, and leave everything else untouched.",reports/draft_8.txt,content,approved_8,[],1,"The paraphrase uses 'its' to refer to 'reports/draft_8.txt', preserving the coreference. The action of setting content to 'approved_8' and preserving unrelated objects/fields is maintained.",1,"{
  ""target_object"": ""reports/draft_8.txt"",
  ""target_field"": ""content"",
  ""expected_state"": ""approved_8"",
  ""forbidden_effects"": [],
  ""paraphrase_preserves_meaning"": true,
  ""notes"": ""The paraphrase uses 'its' to refer to 'reports/draft_8.txt', preserving the coreference. The action of setting content to 'approved_8' and preserving unrelated objects/fields is maintained.""
}",b231e3988e84,289,0,,0d139c89e3f5,ai-preannotation-json-v1,2026-07-11T16:58:49.577235+00:00,3098.568
pc_v4_08_p2,pc_v4_08,file,Model-B,deepseek-v4-pro,disabled,conditional_negative_constraint,Set reports/draft_8.txt's content to approved_8; preserve every unrelated object and field.,"If reports/draft_8.txt is present, set content to approved_8. Do not alter any other object or field.",reports/draft_8.txt,content,approved_8,"[""alter any other object or field""]",1,"The paraphrase captures the conditional aspect and the negative constraint, preserving the original meaning.",1,"{
  ""target_object"": ""reports/draft_8.txt"",
  ""target_field"": ""content"",
  ""expected_state"": ""approved_8"",
  ""forbidden_effects"": [""alter any other object or field""],
  ""paraphrase_preserves_meaning"": true,
  ""notes"": ""The paraphrase captures the conditional aspect and the negative constraint, preserving the original meaning.""
}",da90725ae92a,270,0,,09cd4e3ab7ba,ai-preannotation-json-v1,2026-07-11T16:58:49.579171+00:00,2703.979
pc_v4_08_p3,pc_v4_08,file,Model-B,deepseek-v4-pro,disabled,ellipsis_multi_object_preservation,Set reports/draft_8.txt's content to approved_8; preserve every unrelated object and field.,"For reports/draft_8.txt: content -> approved_8; reports/reference_08.txt and reports/archive_08.txt, unchanged.",reports/draft_8.txt,content,approved_8,"[""reports/reference_08.txt"", ""reports/archive_08.txt""]",1,"The paraphrase explicitly states the target object and field, the desired state, and lists the objects that must remain unchanged, preserving the original instruction's meaning.",1,"{
  ""target_object"": ""reports/draft_8.txt"",
  ""target_field"": ""content"",
  ""expected_state"": ""approved_8"",
  ""forbidden_effects"": [""reports/reference_08.txt"", ""reports/archive_08.txt""],
  ""paraphrase_preserves_meaning"": true,
  ""notes"": ""The paraphrase explicitly states the target object and field, the desired state, and lists the objects that must remain unchanged, preserving the original instruction's meaning.""
}",53d35b16395b,302,0,,1de90fccbc8a,ai-preannotation-json-v1,2026-07-11T16:58:49.838216+00:00,2844.823
pc_v4_09_p1,pc_v4_09,web_form,Model-B,deepseek-v4-pro,disabled,pronoun_coreference,Set r09's name to Alice_9; preserve every unrelated object and field.,"Open r09. Change its name so that it reads Alice_9, and leave everything else untouched.",r09,name,Alice_9,[],1,"The paraphrase uses 'its' to refer to r09, preserving the coreference. It explicitly states to change the name to Alice_9 and leave everything else untouched, matching the base instruction.",1,"{
  ""target_object"": ""r09"",
  ""target_field"": ""name"",
  ""expected_state"": ""Alice_9"",
  ""forbidden_effects"": [],
  ""paraphrase_preserves_meaning"": true,
  ""notes"": ""The paraphrase uses 'its' to refer to r09, preserving the coreference. It explicitly states to change the name to Alice_9 and leave everything else untouched, matching the base instruction.""
}",3fd7d31a0320,273,0,,711feafb78ee,ai-preannotation-json-v1,2026-07-11T16:58:49.917903+00:00,2585.223
pc_v4_09_p2,pc_v4_09,web_form,Model-B,deepseek-v4-pro,disabled,conditional_negative_constraint,Set r09's name to Alice_9; preserve every unrelated object and field.,"If r09 is present, set name to Alice_9. Do not alter any other object or field.",r09,name,Alice_9,"[""alter any other object or field""]",1,"The paraphrase adds a conditional 'If r09 is present', but the base instruction assumes r09 exists. The core action and constraint are preserved.",1,"{
  ""target_object"": ""r09"",
  ""target_field"": ""name"",
  ""expected_state"": ""Alice_9"",
  ""forbidden_effects"": [""alter any other object or field""],
  ""paraphrase_preserves_meaning"": true,
  ""notes"": ""The paraphrase adds a conditional 'If r09 is present', but the base instruction assumes r09 exists. The core action and constraint are preserved.""
}",d1d4cef4a79f,271,0,,adf54c74155b,ai-preannotation-json-v1,2026-07-11T16:58:52.283378+00:00,2892.054
pc_v4_09_p3,pc_v4_09,web_form,Model-B,deepseek-v4-pro,disabled,ellipsis_multi_object_preservation,Set r09's name to Alice_9; preserve every unrelated object and field.,"For r09: name -> Alice_9; peer_record_09_a and peer_record_09_b, unchanged.",r09,name,Alice_9,"[""peer_record_09_a"", ""peer_record_09_b""]",1,"The paraphrase explicitly instructs to set r09's name to Alice_9 and keep peer_record_09_a and peer_record_09_b unchanged, matching the base instruction's requirement to preserve every unrelated object and field.",1,"{
  ""target_object"": ""r09"",
  ""target_field"": ""name"",
  ""expected_state"": ""Alice_9"",
  ""forbidden_effects"": [""peer_record_09_a"", ""peer_record_09_b""],
  ""paraphrase_preserves_meaning"": true,
  ""notes"": ""The paraphrase explicitly instructs to set r09's name to Alice_9 and keep peer_record_09_a and peer_record_09_b unchanged, matching the base instruction's requirement to preserve every unrelated object and field.""
}",5fa0ff6a1d1c,298,0,,fd467faa36ff,ai-preannotation-json-v1,2026-07-11T16:58:52.503341+00:00,2883.644
pc_v4_10_p1,pc_v4_10,table,Model-B,deepseek-v4-pro,disabled,pronoun_coreference,Set row10's score to 80; preserve every unrelated object and field.,"Open row10. Change its score so that it reads 80, and leave everything else untouched.",row10,score,80,[],1,The paraphrase maintains the core instruction: set row10's score to 80 and preserve all other objects and fields. The phrase 'leave everything else untouched' corresponds to 'preserve every unrelated object and field'.,1,"{
  ""target_object"": ""row10"",
  ""target_field"": ""score"",
  ""expected_state"": ""80"",
  ""forbidden_effects"": [],
  ""paraphrase_preserves_meaning"": true,
  ""notes"": ""The paraphrase maintains the core instruction: set row10's score to 80 and preserve all other objects and fields. The phrase 'leave everything else untouched' corresponds to 'preserve every unrelated object and field'.""
}",34a8fc276aea,272,0,,a1c1f0b60ab8,ai-preannotation-json-v1,2026-07-11T16:58:52.676021+00:00,2648.181
pc_v4_10_p2,pc_v4_10,table,Model-B,deepseek-v4-pro,disabled,conditional_negative_constraint,Set row10's score to 80; preserve every unrelated object and field.,"If row10 is present, set score to 80. Do not alter any other object or field.",row10,score,80,"[""alter any other object or field""]",1,"The paraphrase explicitly conditions on row10's presence and maintains the prohibition on altering unrelated objects and fields, preserving the original meaning.",1,"{
  ""target_object"": ""row10"",
  ""target_field"": ""score"",
  ""expected_state"": ""80"",
  ""forbidden_effects"": [""alter any other object or field""],
  ""paraphrase_preserves_meaning"": true,
  ""notes"": ""The paraphrase explicitly conditions on row10's presence and maintains the prohibition on altering unrelated objects and fields, preserving the original meaning.""
}",be8f1faf7ac5,262,0,,c06bfabc7a24,ai-preannotation-json-v1,2026-07-11T16:58:52.683296+00:00,3176.716
pc_v4_10_p3,pc_v4_10,table,Model-B,deepseek-v4-pro,disabled,ellipsis_multi_object_preservation,Set row10's score to 80; preserve every unrelated object and field.,"For row10: score -> 80; peer_row_10_a and peer_row_10_b, unchanged.",row10,score,80,"[""peer_row_10_a"", ""peer_row_10_b""]",1,"The paraphrase explicitly sets row10's score to 80 and states that peer_row_10_a and peer_row_10_b remain unchanged, matching the base instruction's requirement to preserve every unrelated object and field.",1,"{
  ""target_object"": ""row10"",
  ""target_field"": ""score"",
  ""expected_state"": ""80"",
  ""forbidden_effects"": [""peer_row_10_a"", ""peer_row_10_b""],
  ""paraphrase_preserves_meaning"": true,
  ""notes"": ""The paraphrase explicitly sets row10's score to 80 and states that peer_row_10_a and peer_row_10_b remain unchanged, matching the base instruction's requirement to preserve every unrelated object and field.""
}",c17234148897,291,0,,8688337f9c5a,ai-preannotation-json-v1,2026-07-11T16:58:55.175706+00:00,2851.260
pc_v4_11_p1,pc_v4_11,workflow_micro,Model-B,deepseek-v4-pro,disabled,pronoun_coreference,Set step11's note to checked_11; preserve every unrelated object and field.,"Open step11. Change its note so that it reads checked_11, and leave everything else untouched.",step11,note,checked_11,[],1,"The paraphrase explicitly mentions opening step11 and changing its note to checked_11, while instructing to leave everything else untouched, which matches the base instruction's intent to set the note and preserve unrelated objects and fields.",1,"{
  ""target_object"": ""step11"",
  ""target_field"": ""note"",
  ""expected_state"": ""checked_11"",
  ""forbidden_effects"": [],
  ""paraphrase_preserves_meaning"": true,
  ""notes"": ""The paraphrase explicitly mentions opening step11 and changing its note to checked_11, while instructing to leave everything else untouched, which matches the base instruction's intent to set the note and preserve unrelated objects and fields.""
}",3352aff59137,279,0,,319c52f1b337,ai-preannotation-json-v1,2026-07-11T16:58:55.324406+00:00,2879.169
pc_v4_11_p2,pc_v4_11,workflow_micro,Model-B,deepseek-v4-pro,disabled,conditional_negative_constraint,Set step11's note to checked_11; preserve every unrelated object and field.,"If step11 is present, set note to checked_11. Do not alter any other object or field.",step11,note,checked_11,[],1,"The paraphrase captures the conditional nature of the original instruction, specifying that the action applies only if step11 exists, and explicitly forbids altering any other object or field.",1,"{
  ""target_object"": ""step11"",
  ""target_field"": ""note"",
  ""expected_state"": ""checked_11"",
  ""forbidden_effects"": [],
  ""paraphrase_preserves_meaning"": true,
  ""notes"": ""The paraphrase captures the conditional nature of the original instruction, specifying that the action applies only if step11 exists, and explicitly forbids altering any other object or field.""
}",b070425ad8e2,270,0,,2c31542754e3,ai-preannotation-json-v1,2026-07-11T16:58:55.387267+00:00,2664.384
pc_v4_11_p3,pc_v4_11,workflow_micro,Model-B,deepseek-v4-pro,disabled,ellipsis_multi_object_preservation,Set step11's note to checked_11; preserve every unrelated object and field.,"For step11: note -> checked_11; peer_step_11_a and peer_step_11_b, unchanged.",step11,note,checked_11,"[""peer_step_11_a"", ""peer_step_11_b""]",1,"The paraphrase explicitly states the target change and specifies that peer_step_11_a and peer_step_11_b should remain unchanged, which aligns with the base instruction's requirement to preserve every unrelated object and field.",1,"{
  ""target_object"": ""step11"",
  ""target_field"": ""note"",
  ""expected_state"": ""checked_11"",
  ""forbidden_effects"": [""peer_step_11_a"", ""peer_step_11_b""],
  ""paraphrase_preserves_meaning"": true,
  ""notes"": ""The paraphrase explicitly states the target change and specifies that peer_step_11_a and peer_step_11_b should remain unchanged, which aligns with the base instruction's requirement to preserve every unrelated object and field.""
}",cad54d2654e8,297,0,,5ad4cc0071b9,ai-preannotation-json-v1,2026-07-11T16:58:55.860251+00:00,2738.881
pc_v4_12_p1,pc_v4_12,file,Model-B,deepseek-v4-pro,disabled,pronoun_coreference,Set reports/draft_12.txt's content to approved_12; preserve every unrelated object and field.,"Open reports/draft_12.txt. Change its content so that it reads approved_12, and leave everything else untouched.",reports/draft_12.txt,content,approved_12,[],1,"The paraphrase uses 'its' to refer to the file, preserving the coreference and meaning.",1,"{
  ""target_object"": ""reports/draft_12.txt"",
  ""target_field"": ""content"",
  ""expected_state"": ""approved_12"",
  ""forbidden_effects"": [],
  ""paraphrase_preserves_meaning"": true,
  ""notes"": ""The paraphrase uses 'its' to refer to the file, preserving the coreference and meaning.""
}",b3e569305802,265,0,,ebae8787dd7e,ai-preannotation-json-v1,2026-07-11T16:58:58.027184+00:00,2500.881
pc_v4_12_p2,pc_v4_12,file,Model-B,deepseek-v4-pro,disabled,conditional_negative_constraint,Set reports/draft_12.txt's content to approved_12; preserve every unrelated object and field.,"If reports/draft_12.txt is present, set content to approved_12. Do not alter any other object or field.",reports/draft_12.txt,content,approved_12,"[""alter any other object or field""]",1,"The paraphrase captures the conditional aspect ('If reports/draft_12.txt is present') and the negative constraint ('Do not alter any other object or field'), which aligns with the base instruction's 'preserve every unrelated object and field'.",1,"{
  ""target_object"": ""reports/draft_12.txt"",
  ""target_field"": ""content"",
  ""expected_state"": ""approved_12"",
  ""forbidden_effects"": [""alter any other object or field""],
  ""paraphrase_preserves_meaning"": true,
  ""notes"": ""The paraphrase captures the conditional aspect ('If reports/draft_12.txt is present') and the negative constraint ('Do not alter any other object or field'), which aligns with the base instruction's 'preserve every unrelated object and field'.""
}",e90764632fe9,302,0,,07c18c9b2a2f,ai-preannotation-json-v1,2026-07-11T16:58:58.051898+00:00,3031.362
pc_v4_12_p3,pc_v4_12,file,Model-B,deepseek-v4-pro,disabled,ellipsis_multi_object_preservation,Set reports/draft_12.txt's content to approved_12; preserve every unrelated object and field.,"For reports/draft_12.txt: content -> approved_12; reports/reference_12.txt and reports/archive_12.txt, unchanged.",reports/draft_12.txt,content,approved_12,"[""reports/reference_12.txt"", ""reports/archive_12.txt""]",1,"The paraphrase explicitly states the target object and field, the desired state, and lists the unrelated objects that must remain unchanged, preserving the original instruction's meaning.",1,"{
  ""target_object"": ""reports/draft_12.txt"",
  ""target_field"": ""content"",
  ""expected_state"": ""approved_12"",
  ""forbidden_effects"": [""reports/reference_12.txt"", ""reports/archive_12.txt""],
  ""paraphrase_preserves_meaning"": true,
  ""notes"": ""The paraphrase explicitly states the target object and field, the desired state, and lists the unrelated objects that must remain unchanged, preserving the original instruction's meaning.""
}",a50551c6a6c8,303,0,,c84d5ef433c4,ai-preannotation-json-v1,2026-07-11T16:58:58.203836+00:00,2760.366
pc_v4_13_p1,pc_v4_13,web_form,Model-B,deepseek-v4-pro,disabled,pronoun_coreference,Set r13's status to approved; preserve every unrelated object and field.,"Open r13. Change its status so that it reads approved, and leave everything else untouched.",r13,status,approved,[],1,"The paraphrase uses 'Open r13' which implies interacting with the object, but the core instruction to change status to approved and leave everything else untouched is preserved.",1,"{
  ""target_object"": ""r13"",
  ""target_field"": ""status"",
  ""expected_state"": ""approved"",
  ""forbidden_effects"": [],
  ""paraphrase_preserves_meaning"": true,
  ""notes"": ""The paraphrase uses 'Open r13' which implies interacting with the object, but the core instruction to change status to approved and leave everything else untouched is preserved.""
}",95aadeca4013,260,0,,6b24516ba4b7,ai-preannotation-json-v1,2026-07-11T16:58:58.599417+00:00,2925.714
pc_v4_13_p2,pc_v4_13,web_form,Model-B,deepseek-v4-pro,disabled,conditional_negative_constraint,Set r13's status to approved; preserve every unrelated object and field.,"If r13 is present, set status to approved. Do not alter any other object or field.",r13,status,approved,"[""alter any other object or field""]",1,"The paraphrase adds a conditional 'If r13 is present', which is implied in the base instruction. It explicitly forbids altering any other object or field, matching the base instruction's 'preserve every unrelated object and field'.",1,"{
  ""target_object"": ""r13"",
  ""target_field"": ""status"",
  ""expected_state"": ""approved"",
  ""forbidden_effects"": [""alter any other object or field""],
  ""paraphrase_preserves_meaning"": true,
  ""notes"": ""The paraphrase adds a conditional 'If r13 is present', which is implied in the base instruction. It explicitly forbids altering any other object or field, matching the base instruction's 'preserve every unrelated object and field'.""
}",ab657b9ae5f2,282,0,,c785debce441,ai-preannotation-json-v1,2026-07-11T16:59:00.528270+00:00,2670.652
pc_v4_13_p3,pc_v4_13,web_form,Model-B,deepseek-v4-pro,disabled,ellipsis_multi_object_preservation,Set r13's status to approved; preserve every unrelated object and field.,"For r13: status -> approved; peer_record_13_a and peer_record_13_b, unchanged.",r13,status,approved,"[""peer_record_13_a"", ""peer_record_13_b""]",1,"The paraphrase explicitly sets r13's status to approved and states that peer_record_13_a and peer_record_13_b remain unchanged, matching the base instruction's requirement to preserve every unrelated object and field.",1,"{
  ""target_object"": ""r13"",
  ""target_field"": ""status"",
  ""expected_state"": ""approved"",
  ""forbidden_effects"": [""peer_record_13_a"", ""peer_record_13_b""],
  ""paraphrase_preserves_meaning"": true,
  ""notes"": ""The paraphrase explicitly sets r13's status to approved and states that peer_record_13_a and peer_record_13_b remain unchanged, matching the base instruction's requirement to preserve every unrelated object and field.""
}",37b4dbed05ec,289,0,,a0ad984c60fb,ai-preannotation-json-v1,2026-07-11T16:59:00.964408+00:00,2693.444
pc_v4_14_p1,pc_v4_14,table,Model-B,deepseek-v4-pro,disabled,pronoun_coreference,Set row14's score to 84; preserve every unrelated object and field.,"Open row14. Change its score so that it reads 84, and leave everything else untouched.",row14,score,84,[],1,"The paraphrase uses 'its' to refer to row14, maintaining coreference. It specifies changing the score to 84 and leaving everything else untouched, which matches the base instruction.",1,"{
  ""target_object"": ""row14"",
  ""target_field"": ""score"",
  ""expected_state"": ""84"",
  ""forbidden_effects"": [],
  ""paraphrase_preserves_meaning"": true,
  ""notes"": ""The paraphrase uses 'its' to refer to row14, maintaining coreference. It specifies changing the score to 84 and leaving everything else untouched, which matches the base instruction.""
}",2d57a33f4a7f,265,0,,8d78478296c4,ai-preannotation-json-v1,2026-07-11T16:59:01.083501+00:00,2763.693
pc_v4_14_p2,pc_v4_14,table,Model-B,deepseek-v4-pro,disabled,conditional_negative_constraint,Set row14's score to 84; preserve every unrelated object and field.,"If row14 is present, set score to 84. Do not alter any other object or field.",row14,score,84,"[""alter any other object or field""]",1,The paraphrase maintains the conditional nature and the negative constraint.,1,"{
  ""target_object"": ""row14"",
  ""target_field"": ""score"",
  ""expected_state"": ""84"",
  ""forbidden_effects"": [""alter any other object or field""],
  ""paraphrase_preserves_meaning"": true,
  ""notes"": ""The paraphrase maintains the conditional nature and the negative constraint.""
}",0d58e028ecc8,248,0,,19279f92b316,ai-preannotation-json-v1,2026-07-11T16:59:01.525382+00:00,2279.158
pc_v4_14_p3,pc_v4_14,table,Model-B,deepseek-v4-pro,disabled,ellipsis_multi_object_preservation,Set row14's score to 84; preserve every unrelated object and field.,"For row14: score -> 84; peer_row_14_a and peer_row_14_b, unchanged.",row14,score,84,"[""peer_row_14_a"", ""peer_row_14_b""]",1,"The paraphrase specifies the same target object and field, sets the score to 84, and explicitly states that peer_row_14_a and peer_row_14_b should remain unchanged, matching the base instruction's requirement to preserve every unrelated object and field.",1,"{
  ""target_object"": ""row14"",
  ""target_field"": ""score"",
  ""expected_state"": ""84"",
  ""forbidden_effects"": [""peer_row_14_a"", ""peer_row_14_b""],
  ""paraphrase_preserves_meaning"": true,
  ""notes"": ""The paraphrase specifies the same target object and field, sets the score to 84, and explicitly states that peer_row_14_a and peer_row_14_b should remain unchanged, matching the base instruction's requirement to preserve every unrelated object and field.""
}",1e7ad92d821b,299,0,,b3236b2a88aa,ai-preannotation-json-v1,2026-07-11T16:59:03.199172+00:00,3032.430
pc_v4_15_p1,pc_v4_15,workflow_micro,Model-B,deepseek-v4-pro,disabled,pronoun_coreference,Set step15's note to checked_15; preserve every unrelated object and field.,"Open step15. Change its note so that it reads checked_15, and leave everything else untouched.",step15,note,checked_15,[],1,"The paraphrase explicitly instructs to open step15, change its note to checked_15, and leave everything else untouched, which matches the base instruction's intent to set step15's note to checked_15 while preserving all other objects and fields.",1,"{
  ""target_object"": ""step15"",
  ""target_field"": ""note"",
  ""expected_state"": ""checked_15"",
  ""forbidden_effects"": [],
  ""paraphrase_preserves_meaning"": true,
  ""notes"": ""The paraphrase explicitly instructs to open step15, change its note to checked_15, and leave everything else untouched, which matches the base instruction's intent to set step15's note to checked_15 while preserving all other objects and fields.""
}",69dfe44a7d2a,285,0,,2bedb05a8742,ai-preannotation-json-v1,2026-07-11T16:59:03.658138+00:00,2729.758
pc_v4_15_p2,pc_v4_15,workflow_micro,Model-B,deepseek-v4-pro,disabled,conditional_negative_constraint,Set step15's note to checked_15; preserve every unrelated object and field.,"If step15 is present, set note to checked_15. Do not alter any other object or field.",step15,note,checked_15,"[""alter any other object or field""]",1,The paraphrase captures the conditional nature and the prohibition on altering unrelated objects/fields.,1,"{
  ""target_object"": ""step15"",
  ""target_field"": ""note"",
  ""expected_state"": ""checked_15"",
  ""forbidden_effects"": [""alter any other object or field""],
  ""paraphrase_preserves_meaning"": true,
  ""notes"": ""The paraphrase captures the conditional nature and the prohibition on altering unrelated objects/fields.""
}",b3d4846835dd,260,0,,bf84a442fb1f,ai-preannotation-json-v1,2026-07-11T16:59:03.804825+00:00,2665.937
pc_v4_15_p3,pc_v4_15,workflow_micro,Model-B,deepseek-v4-pro,disabled,ellipsis_multi_object_preservation,Set step15's note to checked_15; preserve every unrelated object and field.,"For step15: note -> checked_15; peer_step_15_a and peer_step_15_b, unchanged.",step15,note,checked_15,"[""peer_step_15_a"", ""peer_step_15_b""]",1,"The paraphrase explicitly mentions the target object and field, and states that peer_step_15_a and peer_step_15_b should remain unchanged, which aligns with the base instruction's requirement to preserve every unrelated object and field.",1,"{
  ""target_object"": ""step15"",
  ""target_field"": ""note"",
  ""expected_state"": ""checked_15"",
  ""forbidden_effects"": [""peer_step_15_a"", ""peer_step_15_b""],
  ""paraphrase_preserves_meaning"": true,
  ""notes"": ""The paraphrase explicitly mentions the target object and field, and states that peer_step_15_a and peer_step_15_b should remain unchanged, which aligns with the base instruction's requirement to preserve every unrelated object and field.""
}",4aeca90b80ca,300,0,,3e916fc2c16f,ai-preannotation-json-v1,2026-07-11T16:59:03.847384+00:00,2884.199
pc_v4_16_p1,pc_v4_16,file,Model-B,deepseek-v4-pro,disabled,pronoun_coreference,Set reports/draft_16.txt's content to approved_16; preserve every unrelated object and field.,"Open reports/draft_16.txt. Change its content so that it reads approved_16, and leave everything else untouched.",reports/draft_16.txt,content,approved_16,[],1,"The paraphrase uses 'its' to refer to the file, preserving the coreference and meaning.",1,"{
  ""target_object"": ""reports/draft_16.txt"",
  ""target_field"": ""content"",
  ""expected_state"": ""approved_16"",
  ""forbidden_effects"": [],
  ""paraphrase_preserves_meaning"": true,
  ""notes"": ""The paraphrase uses 'its' to refer to the file, preserving the coreference and meaning.""
}",9bfc3ffa4dd0,265,0,,2b72c17ed25a,ai-preannotation-json-v1,2026-07-11T16:59:06.231867+00:00,2483.689
pc_v4_16_p2,pc_v4_16,file,Model-B,deepseek-v4-pro,disabled,conditional_negative_constraint,Set reports/draft_16.txt's content to approved_16; preserve every unrelated object and field.,"If reports/draft_16.txt is present, set content to approved_16. Do not alter any other object or field.",reports/draft_16.txt,content,approved_16,"[""alter any other object or field""]",1,"The paraphrase captures the conditional aspect and the negative constraint, preserving the original meaning.",1,"{
  ""target_object"": ""reports/draft_16.txt"",
  ""target_field"": ""content"",
  ""expected_state"": ""approved_16"",
  ""forbidden_effects"": [""alter any other object or field""],
  ""paraphrase_preserves_meaning"": true,
  ""notes"": ""The paraphrase captures the conditional aspect and the negative constraint, preserving the original meaning.""
}",81c04b61fc1d,270,0,,491a7c5652a9,ai-preannotation-json-v1,2026-07-11T16:59:06.388120+00:00,2575.393
pc_v4_16_p3,pc_v4_16,file,Model-B,deepseek-v4-pro,disabled,ellipsis_multi_object_preservation,Set reports/draft_16.txt's content to approved_16; preserve every unrelated object and field.,"For reports/draft_16.txt: content -> approved_16; reports/reference_16.txt and reports/archive_16.txt, unchanged.",reports/draft_16.txt,content,approved_16,"[""reports/reference_16.txt"", ""reports/archive_16.txt""]",1,"The paraphrase explicitly states the target object and field change, and lists the objects that must remain unchanged, matching the base instruction's requirement to preserve every unrelated object and field.",1,"{
  ""target_object"": ""reports/draft_16.txt"",
  ""target_field"": ""content"",
  ""expected_state"": ""approved_16"",
  ""forbidden_effects"": [""reports/reference_16.txt"", ""reports/archive_16.txt""],
  ""paraphrase_preserves_meaning"": true,
  ""notes"": ""The paraphrase explicitly states the target object and field change, and lists the objects that must remain unchanged, matching the base instruction's requirement to preserve every unrelated object and field.""
}",08323925a3b8,306,0,,011b9c6dccc9,ai-preannotation-json-v1,2026-07-11T16:59:06.470991+00:00,2900.114
pc_v4_17_p1,pc_v4_17,web_form,Model-B,deepseek-v4-pro,disabled,pronoun_coreference,Set r17's status to approved; preserve every unrelated object and field.,"Open r17. Change its status so that it reads approved, and leave everything else untouched.",r17,status,approved,[],1,"The paraphrase explicitly mentions opening r17, changing its status to approved, and leaving everything else untouched, which matches the base instruction.",1,"{
  ""target_object"": ""r17"",
  ""target_field"": ""status"",
  ""expected_state"": ""approved"",
  ""forbidden_effects"": [],
  ""paraphrase_preserves_meaning"": true,
  ""notes"": ""The paraphrase explicitly mentions opening r17, changing its status to approved, and leaving everything else untouched, which matches the base instruction.""
}",065ffa3cb1e2,254,0,,c65c2b75b858,ai-preannotation-json-v1,2026-07-11T16:59:06.731799+00:00,2883.491
pc_v4_17_p2,pc_v4_17,web_form,Model-B,deepseek-v4-pro,disabled,conditional_negative_constraint,Set r17's status to approved; preserve every unrelated object and field.,"If r17 is present, set status to approved. Do not alter any other object or field.",r17,status,approved,"[""alter any other object or field""]",1,"The paraphrase adds a conditional 'If r17 is present', which is implied in the base instruction. The core action and constraint are preserved.",1,"{
  ""target_object"": ""r17"",
  ""target_field"": ""status"",
  ""expected_state"": ""approved"",
  ""forbidden_effects"": [""alter any other object or field""],
  ""paraphrase_preserves_meaning"": true,
  ""notes"": ""The paraphrase adds a conditional 'If r17 is present', which is implied in the base instruction. The core action and constraint are preserved.""
}",ba52c13a82e9,264,0,,27e667dbbce7,ai-preannotation-json-v1,2026-07-11T16:59:08.715782+00:00,4451.066
pc_v4_17_p3,pc_v4_17,web_form,Model-B,deepseek-v4-pro,disabled,ellipsis_multi_object_preservation,Set r17's status to approved; preserve every unrelated object and field.,"For r17: status -> approved; peer_record_17_a and peer_record_17_b, unchanged.",r17,status,approved,"[""peer_record_17_a"", ""peer_record_17_b""]",1,"The paraphrase explicitly sets r17's status to approved and states that peer_record_17_a and peer_record_17_b remain unchanged, matching the base instruction's requirement to preserve every unrelated object and field.",1,"{
  ""target_object"": ""r17"",
  ""target_field"": ""status"",
  ""expected_state"": ""approved"",
  ""forbidden_effects"": [""peer_record_17_a"", ""peer_record_17_b""],
  ""paraphrase_preserves_meaning"": true,
  ""notes"": ""The paraphrase explicitly sets r17's status to approved and states that peer_record_17_a and peer_record_17_b remain unchanged, matching the base instruction's requirement to preserve every unrelated object and field.""
}",1f9644b42805,289,0,,f11686cd03e9,ai-preannotation-json-v1,2026-07-11T16:59:08.963756+00:00,4171.576
pc_v4_18_p1,pc_v4_18,table,Model-B,deepseek-v4-pro,disabled,pronoun_coreference,Set row18's score to 88; preserve every unrelated object and field.,"Open row18. Change its score so that it reads 88, and leave everything else untouched.",row18,score,88,[],1,"The paraphrase uses 'its' to refer to row18, maintaining the same target and action while explicitly stating to leave everything else untouched, which matches the base instruction's preservation clause.",1,"{
  ""target_object"": ""row18"",
  ""target_field"": ""score"",
  ""expected_state"": ""88"",
  ""forbidden_effects"": [],
  ""paraphrase_preserves_meaning"": true,
  ""notes"": ""The paraphrase uses 'its' to refer to row18, maintaining the same target and action while explicitly stating to leave everything else untouched, which matches the base instruction's preservation clause.""
}",910ee4ddacd3,265,0,,15a3b4e68f29,ai-preannotation-json-v1,2026-07-11T16:59:09.371341+00:00,3937.730
pc_v4_18_p2,pc_v4_18,table,Model-B,deepseek-v4-pro,disabled,conditional_negative_constraint,Set row18's score to 88; preserve every unrelated object and field.,"If row18 is present, set score to 88. Do not alter any other object or field.",row18,score,88,"[""alter any other object or field""]",1,The paraphrase captures the conditional update and the prohibition on altering unrelated objects and fields.,1,"{
  ""target_object"": ""row18"",
  ""target_field"": ""score"",
  ""expected_state"": ""88"",
  ""forbidden_effects"": [""alter any other object or field""],
  ""paraphrase_preserves_meaning"": true,
  ""notes"": ""The paraphrase captures the conditional update and the prohibition on altering unrelated objects and fields.""
}",0b6fe74444ab,253,0,,1b7ab4047b1f,ai-preannotation-json-v1,2026-07-11T16:59:09.615517+00:00,3522.422
pc_v4_18_p3,pc_v4_18,table,Model-B,deepseek-v4-pro,disabled,ellipsis_multi_object_preservation,Set row18's score to 88; preserve every unrelated object and field.,"For row18: score -> 88; peer_row_18_a and peer_row_18_b, unchanged.",row18,score,88,"[""peer_row_18_a"", ""peer_row_18_b""]",1,"The paraphrase explicitly sets row18's score to 88 and states that peer_row_18_a and peer_row_18_b should remain unchanged, matching the base instruction's requirement to preserve every unrelated object and field.",1,"{
  ""target_object"": ""row18"",
  ""target_field"": ""score"",
  ""expected_state"": ""88"",
  ""forbidden_effects"": [""peer_row_18_a"", ""peer_row_18_b""],
  ""paraphrase_preserves_meaning"": true,
  ""notes"": ""The paraphrase explicitly sets row18's score to 88 and states that peer_row_18_a and peer_row_18_b should remain unchanged, matching the base instruction's requirement to preserve every unrelated object and field.""
}",3895e223bf43,292,0,,917f3e1dda05,ai-preannotation-json-v1,2026-07-11T16:59:13.135611+00:00,2632.176
pc_v4_19_p1,pc_v4_19,workflow_micro,Model-B,deepseek-v4-pro,disabled,pronoun_coreference,Set step19's note to checked_19; preserve every unrelated object and field.,"Open step19. Change its note so that it reads checked_19, and leave everything else untouched.",step19,note,checked_19,[],1,"The paraphrase explicitly instructs to open step19, change its note to checked_19, and leave everything else untouched, which matches the base instruction's intent to set step19's note to checked_19 and preserve all unrelated objects and fields.",1,"{
  ""target_object"": ""step19"",
  ""target_field"": ""note"",
  ""expected_state"": ""checked_19"",
  ""forbidden_effects"": [],
  ""paraphrase_preserves_meaning"": true,
  ""notes"": ""The paraphrase explicitly instructs to open step19, change its note to checked_19, and leave everything else untouched, which matches the base instruction's intent to set step19's note to checked_19 and preserve all unrelated objects and fields.""
}",7c70a923e211,285,0,,218986390e67,ai-preannotation-json-v1,2026-07-11T16:59:13.138138+00:00,2698.201
pc_v4_19_p2,pc_v4_19,workflow_micro,Model-B,deepseek-v4-pro,disabled,conditional_negative_constraint,Set step19's note to checked_19; preserve every unrelated object and field.,"If step19 is present, set note to checked_19. Do not alter any other object or field.",step19,note,checked_19,[],1,The paraphrase captures the conditional nature and the constraint to preserve unrelated objects and fields.,1,"{
  ""target_object"": ""step19"",
  ""target_field"": ""note"",
  ""expected_state"": ""checked_19"",
  ""forbidden_effects"": [],
  ""paraphrase_preserves_meaning"": true,
  ""notes"": ""The paraphrase captures the conditional nature and the constraint to preserve unrelated objects and fields.""
}",8c65d47148ef,253,0,,056e9a996df6,ai-preannotation-json-v1,2026-07-11T16:59:13.167112+00:00,2301.380
pc_v4_19_p3,pc_v4_19,workflow_micro,Model-B,deepseek-v4-pro,disabled,ellipsis_multi_object_preservation,Set step19's note to checked_19; preserve every unrelated object and field.,"For step19: note -> checked_19; peer_step_19_a and peer_step_19_b, unchanged.",step19,note,checked_19,"[""peer_step_19_a"", ""peer_step_19_b""]",1,"The paraphrase explicitly states the target change and mentions that peer_step_19_a and peer_step_19_b should remain unchanged, preserving the meaning of the base instruction.",1,"{
  ""target_object"": ""step19"",
  ""target_field"": ""note"",
  ""expected_state"": ""checked_19"",
  ""forbidden_effects"": [""peer_step_19_a"", ""peer_step_19_b""],
  ""paraphrase_preserves_meaning"": true,
  ""notes"": ""The paraphrase explicitly states the target change and mentions that peer_step_19_a and peer_step_19_b should remain unchanged, preserving the meaning of the base instruction.""
}",d9ca81c12f04,289,0,,b4964ac464f2,ai-preannotation-json-v1,2026-07-11T16:59:13.309308+00:00,2974.361
pc_v4_20_p1,pc_v4_20,file,Model-B,deepseek-v4-pro,disabled,pronoun_coreference,Set reports/draft_20.txt's content to approved_20; preserve every unrelated object and field.,"Open reports/draft_20.txt. Change its content so that it reads approved_20, and leave everything else untouched.",reports/draft_20.txt,content,approved_20,[],1,"The paraphrase uses 'its' to refer to 'reports/draft_20.txt', preserving the coreference. The action is the same: set the content to 'approved_20' and leave other objects and fields unchanged.",1,"{
  ""target_object"": ""reports/draft_20.txt"",
  ""target_field"": ""content"",
  ""expected_state"": ""approved_20"",
  ""forbidden_effects"": [],
  ""paraphrase_preserves_meaning"": true,
  ""notes"": ""The paraphrase uses 'its' to refer to 'reports/draft_20.txt', preserving the coreference. The action is the same: set the content to 'approved_20' and leave other objects and fields unchanged.""
}",64d44e2b0fc4,292,0,,56c77a06bae0,ai-preannotation-json-v1,2026-07-11T16:59:15.468770+00:00,2890.084
pc_v4_20_p2,pc_v4_20,file,Model-B,deepseek-v4-pro,disabled,conditional_negative_constraint,Set reports/draft_20.txt's content to approved_20; preserve every unrelated object and field.,"If reports/draft_20.txt is present, set content to approved_20. Do not alter any other object or field.",reports/draft_20.txt,content,approved_20,"[""alter any other object or field""]",1,"The paraphrase captures the conditional aspect ('If reports/draft_20.txt is present') and the negative constraint ('Do not alter any other object or field'), which aligns with the base instruction's 'preserve every unrelated object and field'.",1,"{
  ""target_object"": ""reports/draft_20.txt"",
  ""target_field"": ""content"",
  ""expected_state"": ""approved_20"",
  ""forbidden_effects"": [""alter any other object or field""],
  ""paraphrase_preserves_meaning"": true,
  ""notes"": ""The paraphrase captures the conditional aspect ('If reports/draft_20.txt is present') and the negative constraint ('Do not alter any other object or field'), which aligns with the base instruction's 'preserve every unrelated object and field'.""
}",e85e7b604837,302,0,,7d908352e345,ai-preannotation-json-v1,2026-07-11T16:59:15.768014+00:00,3195.787
pc_v4_20_p3,pc_v4_20,file,Model-B,deepseek-v4-pro,disabled,ellipsis_multi_object_preservation,Set reports/draft_20.txt's content to approved_20; preserve every unrelated object and field.,"For reports/draft_20.txt: content -> approved_20; reports/reference_20.txt and reports/archive_20.txt, unchanged.",reports/draft_20.txt,content,approved_20,"[""reports/reference_20.txt"", ""reports/archive_20.txt""]",1,"The paraphrase explicitly sets the content of reports/draft_20.txt to approved_20 and states that reports/reference_20.txt and reports/archive_20.txt remain unchanged, matching the base instruction's requirement to preserve every unrelated object and field.",1,"{
  ""target_object"": ""reports/draft_20.txt"",
  ""target_field"": ""content"",
  ""expected_state"": ""approved_20"",
  ""forbidden_effects"": [""reports/reference_20.txt"", ""reports/archive_20.txt""],
  ""paraphrase_preserves_meaning"": true,
  ""notes"": ""The paraphrase explicitly sets the content of reports/draft_20.txt to approved_20 and states that reports/reference_20.txt and reports/archive_20.txt remain unchanged, matching the base instruction's requirement to preserve every unrelated object and field.""
}",c94fa9860c5e,322,0,,eead4ff597fd,ai-preannotation-json-v1,2026-07-11T16:59:15.836524+00:00,3034.756
pc_v4_21_p1,pc_v4_21,web_form,Model-B,deepseek-v4-pro,disabled,pronoun_coreference,Set r21's name to Alice_21; preserve every unrelated object and field.,"Open r21. Change its name so that it reads Alice_21, and leave everything else untouched.",r21,name,Alice_21,[],1,"The paraphrase instructs to open r21, change its name to Alice_21, and leave everything else untouched, which matches the base instruction to set r21's name to Alice_21 and preserve every unrelated object and field.",1,"{
  ""target_object"": ""r21"",
  ""target_field"": ""name"",
  ""expected_state"": ""Alice_21"",
  ""forbidden_effects"": [],
  ""paraphrase_preserves_meaning"": true,
  ""notes"": ""The paraphrase instructs to open r21, change its name to Alice_21, and leave everything else untouched, which matches the base instruction to set r21's name to Alice_21 and preserve every unrelated object and field.""
}",8bdb9ae5a79c,280,0,,960723d1497a,ai-preannotation-json-v1,2026-07-11T16:59:16.283897+00:00,2599.367
pc_v4_21_p2,pc_v4_21,web_form,Model-B,deepseek-v4-pro,disabled,conditional_negative_constraint,Set r21's name to Alice_21; preserve every unrelated object and field.,"If r21 is present, set name to Alice_21. Do not alter any other object or field.",r21,name,Alice_21,"[""alter any other object or field""]",1,The paraphrase captures the conditional nature and the prohibition on altering unrelated objects/fields.,1,"{
  ""target_object"": ""r21"",
  ""target_field"": ""name"",
  ""expected_state"": ""Alice_21"",
  ""forbidden_effects"": [""alter any other object or field""],
  ""paraphrase_preserves_meaning"": true,
  ""notes"": ""The paraphrase captures the conditional nature and the prohibition on altering unrelated objects/fields.""
}",c639e578accd,258,0,,9d6e0d70a276,ai-preannotation-json-v1,2026-07-11T16:59:18.359061+00:00,2608.467
pc_v4_21_p3,pc_v4_21,web_form,Model-B,deepseek-v4-pro,disabled,ellipsis_multi_object_preservation,Set r21's name to Alice_21; preserve every unrelated object and field.,"For r21: name -> Alice_21; peer_record_21_a and peer_record_21_b, unchanged.",r21,name,Alice_21,"[""peer_record_21_a"", ""peer_record_21_b""]",1,"The paraphrase explicitly states the target object and field, and specifies that peer_record_21_a and peer_record_21_b should remain unchanged, which aligns with the base instruction's requirement to preserve every unrelated object and field.",1,"{
  ""target_object"": ""r21"",
  ""target_field"": ""name"",
  ""expected_state"": ""Alice_21"",
  ""forbidden_effects"": [""peer_record_21_a"", ""peer_record_21_b""],
  ""paraphrase_preserves_meaning"": true,
  ""notes"": ""The paraphrase explicitly states the target object and field, and specifies that peer_record_21_a and peer_record_21_b should remain unchanged, which aligns with the base instruction's requirement to preserve every unrelated object and field.""
}",a48f04306c5f,298,0,,aecbe93e2e8a,ai-preannotation-json-v1,2026-07-11T16:59:18.871507+00:00,3084.614
pc_v4_22_p1,pc_v4_22,table,Model-B,deepseek-v4-pro,disabled,pronoun_coreference,Set row22's score to 82; preserve every unrelated object and field.,"Open row22. Change its score so that it reads 82, and leave everything else untouched.",row22,score,82,[],1,"The paraphrase uses 'its' to refer to row22, maintaining coreference. It specifies changing the score to 82 and leaving everything else untouched, matching the base instruction.",1,"{
  ""target_object"": ""row22"",
  ""target_field"": ""score"",
  ""expected_state"": ""82"",
  ""forbidden_effects"": [],
  ""paraphrase_preserves_meaning"": true,
  ""notes"": ""The paraphrase uses 'its' to refer to row22, maintaining coreference. It specifies changing the score to 82 and leaving everything else untouched, matching the base instruction.""
}",7e41406d5863,264,0,,e43c6081e98f,ai-preannotation-json-v1,2026-07-11T16:59:18.883491+00:00,2693.398
pc_v4_22_p2,pc_v4_22,table,Model-B,deepseek-v4-pro,disabled,conditional_negative_constraint,Set row22's score to 82; preserve every unrelated object and field.,"If row22 is present, set score to 82. Do not alter any other object or field.",row22,score,82,"[""alter any other object or field""]",1,The paraphrase adds a conditional 'If row22 is present' but the core instruction to set score to 82 and preserve everything else remains the same.,1,"{
  ""target_object"": ""row22"",
  ""target_field"": ""score"",
  ""expected_state"": ""82"",
  ""forbidden_effects"": [""alter any other object or field""],
  ""paraphrase_preserves_meaning"": true,
  ""notes"": ""The paraphrase adds a conditional 'If row22 is present' but the core instruction to set score to 82 and preserve everything else remains the same.""
}",ed8b2872bd7c,267,0,,fdb46d60c21c,ai-preannotation-json-v1,2026-07-11T16:59:18.964023+00:00,3031.508
pc_v4_22_p3,pc_v4_22,table,Model-B,deepseek-v4-pro,disabled,ellipsis_multi_object_preservation,Set row22's score to 82; preserve every unrelated object and field.,"For row22: score -> 82; peer_row_22_a and peer_row_22_b, unchanged.",row22,score,82,"[""peer_row_22_a"", ""peer_row_22_b""]",1,"The paraphrase explicitly sets row22's score to 82 and states that peer_row_22_a and peer_row_22_b should remain unchanged, matching the base instruction's requirement to preserve every unrelated object and field.",1,"{
  ""target_object"": ""row22"",
  ""target_field"": ""score"",
  ""expected_state"": ""82"",
  ""forbidden_effects"": [""peer_row_22_a"", ""peer_row_22_b""],
  ""paraphrase_preserves_meaning"": true,
  ""notes"": ""The paraphrase explicitly sets row22's score to 82 and states that peer_row_22_a and peer_row_22_b should remain unchanged, matching the base instruction's requirement to preserve every unrelated object and field.""
}",0d082baa20b2,292,0,,c9a7c11aa783,ai-preannotation-json-v1,2026-07-11T16:59:20.967747+00:00,2832.131
pc_v4_23_p1,pc_v4_23,workflow_micro,Model-B,deepseek-v4-pro,disabled,pronoun_coreference,Set step23's note to checked_23; preserve every unrelated object and field.,"Open step23. Change its note so that it reads checked_23, and leave everything else untouched.",step23,note,checked_23,[],1,"The paraphrase explicitly instructs to open step23 and change its note to checked_23, while leaving everything else untouched, which matches the base instruction's intent to set step23's note to checked_23 and preserve all unrelated objects and fields.",1,"{
  ""target_object"": ""step23"",
  ""target_field"": ""note"",
  ""expected_state"": ""checked_23"",
  ""forbidden_effects"": [],
  ""paraphrase_preserves_meaning"": true,
  ""notes"": ""The paraphrase explicitly instructs to open step23 and change its note to checked_23, while leaving everything else untouched, which matches the base instruction's intent to set step23's note to checked_23 and preserve all unrelated objects and fields.""
}",ee00260367ec,285,0,,d65e0fe66d98,ai-preannotation-json-v1,2026-07-11T16:59:21.577121+00:00,2710.417
pc_v4_23_p2,pc_v4_23,workflow_micro,Model-B,deepseek-v4-pro,disabled,conditional_negative_constraint,Set step23's note to checked_23; preserve every unrelated object and field.,"If step23 is present, set note to checked_23. Do not alter any other object or field.",step23,note,checked_23,"[""alter any other object or field""]",1,"The paraphrase captures the conditional nature of the original instruction, specifying that the action applies only if step23 exists, and explicitly forbids changes to other objects or fields.",1,"{
  ""target_object"": ""step23"",
  ""target_field"": ""note"",
  ""expected_state"": ""checked_23"",
  ""forbidden_effects"": [""alter any other object or field""],
  ""paraphrase_preserves_meaning"": true,
  ""notes"": ""The paraphrase captures the conditional nature of the original instruction, specifying that the action applies only if step23 exists, and explicitly forbids changes to other objects or fields.""
}",2e99a4e89bd1,277,0,,54686af36b84,ai-preannotation-json-v1,2026-07-11T16:59:21.956392+00:00,2991.739
pc_v4_23_p3,pc_v4_23,workflow_micro,Model-B,deepseek-v4-pro,disabled,ellipsis_multi_object_preservation,Set step23's note to checked_23; preserve every unrelated object and field.,"For step23: note -> checked_23; peer_step_23_a and peer_step_23_b, unchanged.",step23,note,checked_23,"[""peer_step_23_a"", ""peer_step_23_b""]",1,"The paraphrase explicitly states the target object and field, the desired value, and specifies that peer_step_23_a and peer_step_23_b should remain unchanged, which aligns with the base instruction's requirement to preserve every unrelated object and field.",1,"{
  ""target_object"": ""step23"",
  ""target_field"": ""note"",
  ""expected_state"": ""checked_23"",
  ""forbidden_effects"": [""peer_step_23_a"", ""peer_step_23_b""],
  ""paraphrase_preserves_meaning"": true,
  ""notes"": ""The paraphrase explicitly states the target object and field, the desired value, and specifies that peer_step_23_a and peer_step_23_b should remain unchanged, which aligns with the base instruction's requirement to preserve every unrelated object and field.""
}",8cb5eb318978,304,0,,690c0b818179,ai-preannotation-json-v1,2026-07-11T16:59:21.995711+00:00,3170.379
pc_v4_24_p1,pc_v4_24,file,Model-B,deepseek-v4-pro,disabled,pronoun_coreference,Set reports/draft_24.txt's content to approved_24; preserve every unrelated object and field.,"Open reports/draft_24.txt. Change its content so that it reads approved_24, and leave everything else untouched.",reports/draft_24.txt,content,approved_24,[],1,"The paraphrase uses 'Open reports/draft_24.txt. Change its content so that it reads approved_24, and leave everything else untouched.' which maintains the same meaning as the base instruction. The pronoun 'its' refers to the file, and the action is equivalent to setting the content to 'approved_24' while preserving other objects and fields.",1,"{
  ""target_object"": ""reports/draft_24.txt"",
  ""target_field"": ""content"",
  ""expected_state"": ""approved_24"",
  ""forbidden_effects"": [],
  ""paraphrase_preserves_meaning"": true,
  ""notes"": ""The paraphrase uses 'Open reports/draft_24.txt. Change its content so that it reads approved_24, and leave everything else untouched.' which maintains the same meaning as the base instruction. The pronoun 'its' refers to the file, and the action is equivalent to setting the content to 'approved_24' while preserving other objects and fields.""
}",aac24db12150,317,0,,a577a475cd31,ai-preannotation-json-v1,2026-07-11T16:59:23.800169+00:00,3140.459
pc_v4_24_p2,pc_v4_24,file,Model-B,deepseek-v4-pro,disabled,conditional_negative_constraint,Set reports/draft_24.txt's content to approved_24; preserve every unrelated object and field.,"If reports/draft_24.txt is present, set content to approved_24. Do not alter any other object or field.",reports/draft_24.txt,content,approved_24,"[""alter any other object or field""]",1,"The paraphrase adds a conditional 'If reports/draft_24.txt is present', but the base instruction assumes the object exists. The core action and constraint are preserved.",1,"{
  ""target_object"": ""reports/draft_24.txt"",
  ""target_field"": ""content"",
  ""expected_state"": ""approved_24"",
  ""forbidden_effects"": [""alter any other object or field""],
  ""paraphrase_preserves_meaning"": true,
  ""notes"": ""The paraphrase adds a conditional 'If reports/draft_24.txt is present', but the base instruction assumes the object exists. The core action and constraint are preserved.""
}",81aa21fffe7c,287,0,,704fc41271b1,ai-preannotation-json-v1,2026-07-11T16:59:24.287778+00:00,3092.606
pc_v4_24_p3,pc_v4_24,file,Model-B,deepseek-v4-pro,disabled,ellipsis_multi_object_preservation,Set reports/draft_24.txt's content to approved_24; preserve every unrelated object and field.,"For reports/draft_24.txt: content -> approved_24; reports/reference_24.txt and reports/archive_24.txt, unchanged.",reports/draft_24.txt,content,approved_24,"[""reports/reference_24.txt"", ""reports/archive_24.txt""]",1,"The paraphrase explicitly states the target object and field, the desired state, and lists two other objects that must remain unchanged, preserving the original instruction's meaning.",1,"{
  ""target_object"": ""reports/draft_24.txt"",
  ""target_field"": ""content"",
  ""expected_state"": ""approved_24"",
  ""forbidden_effects"": [""reports/reference_24.txt"", ""reports/archive_24.txt""],
  ""paraphrase_preserves_meaning"": true,
  ""notes"": ""The paraphrase explicitly states the target object and field, the desired state, and lists two other objects that must remain unchanged, preserving the original instruction's meaning.""
}",9d76fbac7172,303,0,,ae4f095d6075,ai-preannotation-json-v1,2026-07-11T16:59:24.948391+00:00,3127.784
pc_v4_25_p1,pc_v4_25,web_form,Model-B,deepseek-v4-pro,disabled,pronoun_coreference,Set r25's status to approved; preserve every unrelated object and field.,"Open r25. Change its status so that it reads approved, and leave everything else untouched.",r25,status,approved,[],1,"The paraphrase correctly identifies the target object and field, specifies the desired state, and instructs to leave everything else unchanged, preserving the original meaning.",1,"{
  ""target_object"": ""r25"",
  ""target_field"": ""status"",
  ""expected_state"": ""approved"",
  ""forbidden_effects"": [],
  ""paraphrase_preserves_meaning"": true,
  ""notes"": ""The paraphrase correctly identifies the target object and field, specifies the desired state, and instructs to leave everything else unchanged, preserving the original meaning.""
}",0036a09f0090,257,0,,ebccc9d34859,ai-preannotation-json-v1,2026-07-11T16:59:25.166218+00:00,3690.825
pc_v4_25_p2,pc_v4_25,web_form,Model-B,deepseek-v4-pro,disabled,conditional_negative_constraint,Set r25's status to approved; preserve every unrelated object and field.,"If r25 is present, set status to approved. Do not alter any other object or field.",r25,status,approved,"[""alter any other object or field""]",1,"The paraphrase explicitly states the condition 'If r25 is present' and the action 'set status to approved', while forbidding changes to other objects or fields, which matches the base instruction's intent.",1,"{
  ""target_object"": ""r25"",
  ""target_field"": ""status"",
  ""expected_state"": ""approved"",
  ""forbidden_effects"": [""alter any other object or field""],
  ""paraphrase_preserves_meaning"": true,
  ""notes"": ""The paraphrase explicitly states the condition 'If r25 is present' and the action 'set status to approved', while forbidding changes to other objects or fields, which matches the base instruction's intent.""
}",96f145cb7847,276,0,,ec09803ee5e5,ai-preannotation-json-v1,2026-07-11T16:59:26.940863+00:00,3310.555
pc_v4_25_p3,pc_v4_25,web_form,Model-B,deepseek-v4-pro,disabled,ellipsis_multi_object_preservation,Set r25's status to approved; preserve every unrelated object and field.,"For r25: status -> approved; peer_record_25_a and peer_record_25_b, unchanged.",r25,status,approved,"[""peer_record_25_a"", ""peer_record_25_b""]",1,"The paraphrase specifies the target object and field, the desired state, and explicitly states that peer_record_25_a and peer_record_25_b should remain unchanged, matching the base instruction's requirement to preserve every unrelated object and field.",1,"{
  ""target_object"": ""r25"",
  ""target_field"": ""status"",
  ""expected_state"": ""approved"",
  ""forbidden_effects"": [""peer_record_25_a"", ""peer_record_25_b""],
  ""paraphrase_preserves_meaning"": true,
  ""notes"": ""The paraphrase specifies the target object and field, the desired state, and explicitly states that peer_record_25_a and peer_record_25_b should remain unchanged, matching the base instruction's requirement to preserve every unrelated object and field.""
}",06008fffc836,294,0,,16dc71481b5c,ai-preannotation-json-v1,2026-07-11T16:59:27.380641+00:00,3150.787
pc_v4_26_p1,pc_v4_26,table,Model-B,deepseek-v4-pro,disabled,pronoun_coreference,Set row26's score to 86; preserve every unrelated object and field.,"Open row26. Change its score so that it reads 86, and leave everything else untouched.",row26,score,86,[],1,"The paraphrase uses 'its' to refer to row26, maintaining the same target and action while explicitly stating to leave everything else untouched, matching the base instruction.",1,"{
  ""target_object"": ""row26"",
  ""target_field"": ""score"",
  ""expected_state"": ""86"",
  ""forbidden_effects"": [],
  ""paraphrase_preserves_meaning"": true,
  ""notes"": ""The paraphrase uses 'its' to refer to row26, maintaining the same target and action while explicitly stating to leave everything else untouched, matching the base instruction.""
}",5dbc3dbd9baa,261,0,,bd008f48992b,ai-preannotation-json-v1,2026-07-11T16:59:28.076408+00:00,3343.102
pc_v4_26_p2,pc_v4_26,table,Model-B,deepseek-v4-pro,disabled,conditional_negative_constraint,Set row26's score to 86; preserve every unrelated object and field.,"If row26 is present, set score to 86. Do not alter any other object or field.",row26,score,86,"[""alter any other object or field""]",1,"The paraphrase explicitly conditions the update on row26's presence, which is implied in the base instruction. Both specify setting score to 86 and preserving all other objects and fields.",1,"{
  ""target_object"": ""row26"",
  ""target_field"": ""score"",
  ""expected_state"": ""86"",
  ""forbidden_effects"": [""alter any other object or field""],
  ""paraphrase_preserves_meaning"": true,
  ""notes"": ""The paraphrase explicitly conditions the update on row26's presence, which is implied in the base instruction. Both specify setting score to 86 and preserving all other objects and fields.""
}",e9247988ec2e,272,0,,23207c97ff99,ai-preannotation-json-v1,2026-07-11T16:59:28.857365+00:00,3315.989
pc_v4_26_p3,pc_v4_26,table,Model-B,deepseek-v4-pro,disabled,ellipsis_multi_object_preservation,Set row26's score to 86; preserve every unrelated object and field.,"For row26: score -> 86; peer_row_26_a and peer_row_26_b, unchanged.",row26,score,86,"[""peer_row_26_a"", ""peer_row_26_b""]",1,"The paraphrase explicitly sets row26's score to 86 and states that peer_row_26_a and peer_row_26_b should remain unchanged, matching the base instruction's requirement to preserve every unrelated object and field.",1,"{
  ""target_object"": ""row26"",
  ""target_field"": ""score"",
  ""expected_state"": ""86"",
  ""forbidden_effects"": [""peer_row_26_a"", ""peer_row_26_b""],
  ""paraphrase_preserves_meaning"": true,
  ""notes"": ""The paraphrase explicitly sets row26's score to 86 and states that peer_row_26_a and peer_row_26_b should remain unchanged, matching the base instruction's requirement to preserve every unrelated object and field.""
}",9d439cd8d912,292,0,,0a8c6663aa37,ai-preannotation-json-v1,2026-07-11T16:59:30.251642+00:00,2916.071
pc_v4_27_p1,pc_v4_27,workflow_micro,Model-B,deepseek-v4-pro,disabled,pronoun_coreference,Set step27's note to checked_27; preserve every unrelated object and field.,"Open step27. Change its note so that it reads checked_27, and leave everything else untouched.",step27,note,checked_27,[],1,"The paraphrase uses 'Open step27' which implies selecting or focusing on the object, but the core instruction to set the note to 'checked_27' and preserve everything else is maintained.",1,"{
  ""target_object"": ""step27"",
  ""target_field"": ""note"",
  ""expected_state"": ""checked_27"",
  ""forbidden_effects"": [],
  ""paraphrase_preserves_meaning"": true,
  ""notes"": ""The paraphrase uses 'Open step27' which implies selecting or focusing on the object, but the core instruction to set the note to 'checked_27' and preserve everything else is maintained.""
}",d2eb4aa9b391,274,0,,cffb72b1f620,ai-preannotation-json-v1,2026-07-11T16:59:30.531627+00:00,2848.093
pc_v4_27_p2,pc_v4_27,workflow_micro,Model-B,deepseek-v4-pro,disabled,conditional_negative_constraint,Set step27's note to checked_27; preserve every unrelated object and field.,"If step27 is present, set note to checked_27. Do not alter any other object or field.",step27,note,checked_27,"[""alter any other object or field""]",1,"The paraphrase adds a conditional 'If step27 is present', but the base instruction assumes step27 exists. The core action and constraint are preserved.",1,"{
  ""target_object"": ""step27"",
  ""target_field"": ""note"",
  ""expected_state"": ""checked_27"",
  ""forbidden_effects"": [""alter any other object or field""],
  ""paraphrase_preserves_meaning"": true,
  ""notes"": ""The paraphrase adds a conditional 'If step27 is present', but the base instruction assumes step27 exists. The core action and constraint are preserved.""
}",e6dca75f810a,273,0,,0b02c27c7aef,ai-preannotation-json-v1,2026-07-11T16:59:31.419737+00:00,2672.674
pc_v4_27_p3,pc_v4_27,workflow_micro,Model-B,deepseek-v4-pro,disabled,ellipsis_multi_object_preservation,Set step27's note to checked_27; preserve every unrelated object and field.,"For step27: note -> checked_27; peer_step_27_a and peer_step_27_b, unchanged.",step27,note,checked_27,"[""peer_step_27_a"", ""peer_step_27_b""]",1,"The paraphrase explicitly states the target object and field, the expected value, and specifies that peer_step_27_a and peer_step_27_b should remain unchanged, which aligns with the base instruction's requirement to preserve every unrelated object and field.",1,"{
  ""target_object"": ""step27"",
  ""target_field"": ""note"",
  ""expected_state"": ""checked_27"",
  ""forbidden_effects"": [""peer_step_27_a"", ""peer_step_27_b""],
  ""paraphrase_preserves_meaning"": true,
  ""notes"": ""The paraphrase explicitly states the target object and field, the expected value, and specifies that peer_step_27_a and peer_step_27_b should remain unchanged, which aligns with the base instruction's requirement to preserve every unrelated object and field.""
}",3560ba182572,304,0,,59570a5fd0fd,ai-preannotation-json-v1,2026-07-11T16:59:32.173609+00:00,3033.281
pc_v4_28_p1,pc_v4_28,file,Model-B,deepseek-v4-pro,disabled,pronoun_coreference,Set reports/draft_28.txt's content to approved_28; preserve every unrelated object and field.,"Open reports/draft_28.txt. Change its content so that it reads approved_28, and leave everything else untouched.",reports/draft_28.txt,content,approved_28,[],1,"The paraphrase uses 'Open reports/draft_28.txt. Change its content so that it reads approved_28, and leave everything else untouched.' which conveys the same meaning as the base instruction. The pronoun 'its' refers to the file, and the action is to set the content to 'approved_28' while preserving other objects and fields.",1,"{
  ""target_object"": ""reports/draft_28.txt"",
  ""target_field"": ""content"",
  ""expected_state"": ""approved_28"",
  ""forbidden_effects"": [],
  ""paraphrase_preserves_meaning"": true,
  ""notes"": ""The paraphrase uses 'Open reports/draft_28.txt. Change its content so that it reads approved_28, and leave everything else untouched.' which conveys the same meaning as the base instruction. The pronoun 'its' refers to the file, and the action is to set the content to 'approved_28' while preserving other objects and fields.""
}",75a93317302b,316,0,,10b0556e3d18,ai-preannotation-json-v1,2026-07-11T16:59:33.167944+00:00,3194.892
pc_v4_28_p2,pc_v4_28,file,Model-B,deepseek-v4-pro,disabled,conditional_negative_constraint,Set reports/draft_28.txt's content to approved_28; preserve every unrelated object and field.,"If reports/draft_28.txt is present, set content to approved_28. Do not alter any other object or field.",reports/draft_28.txt,content,approved_28,"[""alter any other object or field""]",1,"The paraphrase captures the conditional negative constraint by stating 'If reports/draft_28.txt is present, set content to approved_28' and explicitly forbids altering any other object or field, matching the original instruction.",1,"{
  ""target_object"": ""reports/draft_28.txt"",
  ""target_field"": ""content"",
  ""expected_state"": ""approved_28"",
  ""forbidden_effects"": [""alter any other object or field""],
  ""paraphrase_preserves_meaning"": true,
  ""notes"": ""The paraphrase captures the conditional negative constraint by stating 'If reports/draft_28.txt is present, set content to approved_28' and explicitly forbids altering any other object or field, matching the original instruction.""
}",beebb6f52883,297,0,,e2789ca24838,ai-preannotation-json-v1,2026-07-11T16:59:33.379931+00:00,2786.789
pc_v4_28_p3,pc_v4_28,file,Model-B,deepseek-v4-pro,disabled,ellipsis_multi_object_preservation,Set reports/draft_28.txt's content to approved_28; preserve every unrelated object and field.,"For reports/draft_28.txt: content -> approved_28; reports/reference_28.txt and reports/archive_28.txt, unchanged.",reports/draft_28.txt,content,approved_28,"[""reports/reference_28.txt"", ""reports/archive_28.txt""]",1,"The paraphrase explicitly sets the content of reports/draft_28.txt to approved_28 and states that reports/reference_28.txt and reports/archive_28.txt should remain unchanged, preserving the original instruction's intent.",1,"{
  ""target_object"": ""reports/draft_28.txt"",
  ""target_field"": ""content"",
  ""expected_state"": ""approved_28"",
  ""forbidden_effects"": [""reports/reference_28.txt"", ""reports/archive_28.txt""],
  ""paraphrase_preserves_meaning"": true,
  ""notes"": ""The paraphrase explicitly sets the content of reports/draft_28.txt to approved_28 and states that reports/reference_28.txt and reports/archive_28.txt should remain unchanged, preserving the original instruction's intent.""
}",0eab4e23355f,316,0,,18c60bdee8bd,ai-preannotation-json-v1,2026-07-11T16:59:34.092620+00:00,2846.699
pc_v4_29_p1,pc_v4_29,web_form,Model-B,deepseek-v4-pro,disabled,pronoun_coreference,Set r29's status to approved; preserve every unrelated object and field.,"Open r29. Change its status so that it reads approved, and leave everything else untouched.",r29,status,approved,[],1,"The paraphrase uses 'Open r29' which implies selecting or focusing on r29, then changing its status to approved, and leaving everything else untouched, which matches the base instruction.",1,"{
  ""target_object"": ""r29"",
  ""target_field"": ""status"",
  ""expected_state"": ""approved"",
  ""forbidden_effects"": [],
  ""paraphrase_preserves_meaning"": true,
  ""notes"": ""The paraphrase uses 'Open r29' which implies selecting or focusing on r29, then changing its status to approved, and leaving everything else untouched, which matches the base instruction.""
}",079e480c9c79,264,0,,5be48f306f60,ai-preannotation-json-v1,2026-07-11T16:59:35.207116+00:00,3031.675
pc_v4_29_p2,pc_v4_29,web_form,Model-B,deepseek-v4-pro,disabled,conditional_negative_constraint,Set r29's status to approved; preserve every unrelated object and field.,"If r29 is present, set status to approved. Do not alter any other object or field.",r29,status,approved,[],1,"The paraphrase captures the conditional nature of the original instruction, specifying that the status should be set to approved only if r29 is present, while preserving all other objects and fields.",1,"{
  ""target_object"": ""r29"",
  ""target_field"": ""status"",
  ""expected_state"": ""approved"",
  ""forbidden_effects"": [],
  ""paraphrase_preserves_meaning"": true,
  ""notes"": ""The paraphrase captures the conditional nature of the original instruction, specifying that the status should be set to approved only if r29 is present, while preserving all other objects and fields.""
}",e556f85f4073,264,0,,b76fea4a1fad,ai-preannotation-json-v1,2026-07-11T16:59:36.166858+00:00,2710.126
pc_v4_29_p3,pc_v4_29,web_form,Model-B,deepseek-v4-pro,disabled,ellipsis_multi_object_preservation,Set r29's status to approved; preserve every unrelated object and field.,"For r29: status -> approved; peer_record_29_a and peer_record_29_b, unchanged.",r29,status,approved,"[""peer_record_29_a"", ""peer_record_29_b""]",1,"The paraphrase explicitly sets r29's status to approved and states that peer_record_29_a and peer_record_29_b remain unchanged, matching the base instruction's requirement to preserve every unrelated object and field.",1,"{
  ""target_object"": ""r29"",
  ""target_field"": ""status"",
  ""expected_state"": ""approved"",
  ""forbidden_effects"": [""peer_record_29_a"", ""peer_record_29_b""],
  ""paraphrase_preserves_meaning"": true,
  ""notes"": ""The paraphrase explicitly sets r29's status to approved and states that peer_record_29_a and peer_record_29_b remain unchanged, matching the base instruction's requirement to preserve every unrelated object and field.""
}",4a3b4a845fbc,289,0,,128535e6a24e,ai-preannotation-json-v1,2026-07-11T16:59:36.363012+00:00,2702.083
pc_v4_30_p1,pc_v4_30,table,Model-B,deepseek-v4-pro,disabled,pronoun_coreference,Set row30's score to 80; preserve every unrelated object and field.,"Open row30. Change its score so that it reads 80, and leave everything else untouched.",row30,score,80,[],1,"The paraphrase maintains the core instruction to set row30's score to 80 and preserve all other objects and fields, using slightly different wording.",1,"{
  ""target_object"": ""row30"",
  ""target_field"": ""score"",
  ""expected_state"": ""80"",
  ""forbidden_effects"": [],
  ""paraphrase_preserves_meaning"": true,
  ""notes"": ""The paraphrase maintains the core instruction to set row30's score to 80 and preserve all other objects and fields, using slightly different wording.""
}",ee693727dd03,257,0,,71aa0d8719d7,ai-preannotation-json-v1,2026-07-11T16:59:36.939478+00:00,2799.625
pc_v4_30_p2,pc_v4_30,table,Model-B,deepseek-v4-pro,disabled,conditional_negative_constraint,Set row30's score to 80; preserve every unrelated object and field.,"If row30 is present, set score to 80. Do not alter any other object or field.",row30,score,80,"[""alter any other object or field""]",1,"The paraphrase explicitly conditions on row30's presence and maintains the prohibition on altering other objects or fields, preserving the original meaning.",1,"{
  ""target_object"": ""row30"",
  ""target_field"": ""score"",
  ""expected_state"": ""80"",
  ""forbidden_effects"": [""alter any other object or field""],
  ""paraphrase_preserves_meaning"": true,
  ""notes"": ""The paraphrase explicitly conditions on row30's presence and maintains the prohibition on altering other objects or fields, preserving the original meaning.""
}",9c8e25f20a9c,262,0,,96eb1d5e7e73,ai-preannotation-json-v1,2026-07-11T16:59:38.238931+00:00,2697.558
pc_v4_30_p3,pc_v4_30,table,Model-B,deepseek-v4-pro,disabled,ellipsis_multi_object_preservation,Set row30's score to 80; preserve every unrelated object and field.,"For row30: score -> 80; peer_row_30_a and peer_row_30_b, unchanged.",row30,score,80,"[""peer_row_30_a"", ""peer_row_30_b""]",1,"The paraphrase specifies the same target object and field, sets the score to 80, and explicitly states that peer_row_30_a and peer_row_30_b should remain unchanged, matching the base instruction's requirement to preserve every unrelated object and field.",1,"{
  ""target_object"": ""row30"",
  ""target_field"": ""score"",
  ""expected_state"": ""80"",
  ""forbidden_effects"": [""peer_row_30_a"", ""peer_row_30_b""],
  ""paraphrase_preserves_meaning"": true,
  ""notes"": ""The paraphrase specifies the same target object and field, sets the score to 80, and explicitly states that peer_row_30_a and peer_row_30_b should remain unchanged, matching the base instruction's requirement to preserve every unrelated object and field.""
}",363553265b46,299,0,,0f81ef1d04d9,ai-preannotation-json-v1,2026-07-11T16:59:38.877205+00:00,2908.846
pc_v4_31_p1,pc_v4_31,workflow_micro,Model-B,deepseek-v4-pro,disabled,pronoun_coreference,Set step31's note to checked_31; preserve every unrelated object and field.,"Open step31. Change its note so that it reads checked_31, and leave everything else untouched.",step31,note,checked_31,[],1,"The paraphrase explicitly instructs to open step31, change its note to 'checked_31', and leave everything else untouched, which matches the base instruction's intent to set step31's note to checked_31 and preserve all unrelated objects and fields.",1,"{
  ""target_object"": ""step31"",
  ""target_field"": ""note"",
  ""expected_state"": ""checked_31"",
  ""forbidden_effects"": [],
  ""paraphrase_preserves_meaning"": true,
  ""notes"": ""The paraphrase explicitly instructs to open step31, change its note to 'checked_31', and leave everything else untouched, which matches the base instruction's intent to set step31's note to checked_31 and preserve all unrelated objects and fields.""
}",63a49d0051de,286,0,,3d99faed35cc,ai-preannotation-json-v1,2026-07-11T16:59:39.065305+00:00,2948.730
pc_v4_31_p2,pc_v4_31,workflow_micro,Model-B,deepseek-v4-pro,disabled,conditional_negative_constraint,Set step31's note to checked_31; preserve every unrelated object and field.,"If step31 is present, set note to checked_31. Do not alter any other object or field.",step31,note,checked_31,"[""alter any other object or field""]",1,The paraphrase captures the conditional nature of the original instruction and the prohibition against altering unrelated objects and fields.,1,"{
  ""target_object"": ""step31"",
  ""target_field"": ""note"",
  ""expected_state"": ""checked_31"",
  ""forbidden_effects"": [""alter any other object or field""],
  ""paraphrase_preserves_meaning"": true,
  ""notes"": ""The paraphrase captures the conditional nature of the original instruction and the prohibition against altering unrelated objects and fields.""
}",72934f190572,264,0,,74d0b523a889,ai-preannotation-json-v1,2026-07-11T16:59:39.739257+00:00,2730.774
pc_v4_31_p3,pc_v4_31,workflow_micro,Model-B,deepseek-v4-pro,disabled,ellipsis_multi_object_preservation,Set step31's note to checked_31; preserve every unrelated object and field.,"For step31: note -> checked_31; peer_step_31_a and peer_step_31_b, unchanged.",step31,note,checked_31,"[""peer_step_31_a"", ""peer_step_31_b""]",1,"The paraphrase explicitly states to set step31's note to checked_31 and keep peer_step_31_a and peer_step_31_b unchanged, matching the base instruction's intent to preserve unrelated objects and fields.",1,"{
  ""target_object"": ""step31"",
  ""target_field"": ""note"",
  ""expected_state"": ""checked_31"",
  ""forbidden_effects"": [""peer_step_31_a"", ""peer_step_31_b""],
  ""paraphrase_preserves_meaning"": true,
  ""notes"": ""The paraphrase explicitly states to set step31's note to checked_31 and keep peer_step_31_a and peer_step_31_b unchanged, matching the base instruction's intent to preserve unrelated objects and fields.""
}",67b18ea3cc8b,298,0,,d3883f1f46a5,ai-preannotation-json-v1,2026-07-11T16:59:40.936650+00:00,2663.163
pc_v4_32_p1,pc_v4_32,file,Model-B,deepseek-v4-pro,disabled,pronoun_coreference,Set reports/draft_32.txt's content to approved_32; preserve every unrelated object and field.,"Open reports/draft_32.txt. Change its content so that it reads approved_32, and leave everything else untouched.",reports/draft_32.txt,content,approved_32,[],1,"The paraphrase uses 'its' to refer to the file, preserving the coreference. It specifies the same target object, field, and expected state, and explicitly states to leave everything else untouched, matching the base instruction.",1,"{
  ""target_object"": ""reports/draft_32.txt"",
  ""target_field"": ""content"",
  ""expected_state"": ""approved_32"",
  ""forbidden_effects"": [],
  ""paraphrase_preserves_meaning"": true,
  ""notes"": ""The paraphrase uses 'its' to refer to the file, preserving the coreference. It specifies the same target object, field, and expected state, and explicitly states to leave everything else untouched, matching the base instruction.""
}",87f4e0c6794f,290,0,,33db77a4775a,ai-preannotation-json-v1,2026-07-11T16:59:41.786170+00:00,3028.422
pc_v4_32_p2,pc_v4_32,file,Model-B,deepseek-v4-pro,disabled,conditional_negative_constraint,Set reports/draft_32.txt's content to approved_32; preserve every unrelated object and field.,"If reports/draft_32.txt is present, set content to approved_32. Do not alter any other object or field.",reports/draft_32.txt,content,approved_32,"[""alter any other object or field""]",1,"The paraphrase adds a conditional 'If reports/draft_32.txt is present', which is not in the base instruction, but the core meaning of setting content to approved_32 and preserving everything else is maintained.",1,"{
  ""target_object"": ""reports/draft_32.txt"",
  ""target_field"": ""content"",
  ""expected_state"": ""approved_32"",
  ""forbidden_effects"": [""alter any other object or field""],
  ""paraphrase_preserves_meaning"": true,
  ""notes"": ""The paraphrase adds a conditional 'If reports/draft_32.txt is present', which is not in the base instruction, but the core meaning of setting content to approved_32 and preserving everything else is maintained.""
}",bdb0fe0da483,296,0,,202fa7926a29,ai-preannotation-json-v1,2026-07-11T16:59:42.014160+00:00,3069.312
pc_v4_32_p3,pc_v4_32,file,Model-B,deepseek-v4-pro,disabled,ellipsis_multi_object_preservation,Set reports/draft_32.txt's content to approved_32; preserve every unrelated object and field.,"For reports/draft_32.txt: content -> approved_32; reports/reference_32.txt and reports/archive_32.txt, unchanged.",reports/draft_32.txt,content,approved_32,"[""reports/reference_32.txt"", ""reports/archive_32.txt""]",1,"The paraphrase explicitly sets the content of reports/draft_32.txt to approved_32 and states that reports/reference_32.txt and reports/archive_32.txt remain unchanged, matching the base instruction's requirement to preserve every unrelated object and field.",1,"{
  ""target_object"": ""reports/draft_32.txt"",
  ""target_field"": ""content"",
  ""expected_state"": ""approved_32"",
  ""forbidden_effects"": [""reports/reference_32.txt"", ""reports/archive_32.txt""],
  ""paraphrase_preserves_meaning"": true,
  ""notes"": ""The paraphrase explicitly sets the content of reports/draft_32.txt to approved_32 and states that reports/reference_32.txt and reports/archive_32.txt remain unchanged, matching the base instruction's requirement to preserve every unrelated object and field.""
}",6ceed0c430bf,322,0,,51a0ad11d60b,ai-preannotation-json-v1,2026-07-11T16:59:42.470152+00:00,3343.690
pc_v4_33_p1,pc_v4_33,web_form,Model-B,deepseek-v4-pro,disabled,pronoun_coreference,Set r33's name to Alice_33; preserve every unrelated object and field.,"Open r33. Change its name so that it reads Alice_33, and leave everything else untouched.",r33,name,Alice_33,[],1,The paraphrase maintains the core instruction: set r33's name to Alice_33 and preserve all other objects and fields. 'Open r33' is an additional step but does not alter the intended outcome.,1,"{
  ""target_object"": ""r33"",
  ""target_field"": ""name"",
  ""expected_state"": ""Alice_33"",
  ""forbidden_effects"": [],
  ""paraphrase_preserves_meaning"": true,
  ""notes"": ""The paraphrase maintains the core instruction: set r33's name to Alice_33 and preserve all other objects and fields. 'Open r33' is an additional step but does not alter the intended outcome.""
}",4445f919a8d6,275,0,,9517909f2b17,ai-preannotation-json-v1,2026-07-11T16:59:43.599979+00:00,3037.543
pc_v4_33_p2,pc_v4_33,web_form,Model-B,deepseek-v4-pro,disabled,conditional_negative_constraint,Set r33's name to Alice_33; preserve every unrelated object and field.,"If r33 is present, set name to Alice_33. Do not alter any other object or field.",r33,name,Alice_33,"[""alter any other object or field""]",1,"The paraphrase adds a conditional 'If r33 is present', which slightly changes the instruction by making the action conditional, but the core intent to set r33's name to Alice_33 and preserve everything else is maintained.",1,"{
  ""target_object"": ""r33"",
  ""target_field"": ""name"",
  ""expected_state"": ""Alice_33"",
  ""forbidden_effects"": [""alter any other object or field""],
  ""paraphrase_preserves_meaning"": true,
  ""notes"": ""The paraphrase adds a conditional 'If r33 is present', which slightly changes the instruction by making the action conditional, but the core intent to set r33's name to Alice_33 and preserve everything else is maintained.""
}",c31c51047a54,286,0,,0bb557ad604a,ai-preannotation-json-v1,2026-07-11T16:59:44.814737+00:00,3238.496
pc_v4_33_p3,pc_v4_33,web_form,Model-B,deepseek-v4-pro,disabled,ellipsis_multi_object_preservation,Set r33's name to Alice_33; preserve every unrelated object and field.,"For r33: name -> Alice_33; peer_record_33_a and peer_record_33_b, unchanged.",r33,name,Alice_33,"[""peer_record_33_a"", ""peer_record_33_b""]",1,"The paraphrase specifies the target object and field, the new value, and explicitly states that peer_record_33_a and peer_record_33_b should remain unchanged, matching the base instruction's requirement to preserve every unrelated object and field.",1,"{
  ""target_object"": ""r33"",
  ""target_field"": ""name"",
  ""expected_state"": ""Alice_33"",
  ""forbidden_effects"": [""peer_record_33_a"", ""peer_record_33_b""],
  ""paraphrase_preserves_meaning"": true,
  ""notes"": ""The paraphrase specifies the target object and field, the new value, and explicitly states that peer_record_33_a and peer_record_33_b should remain unchanged, matching the base instruction's requirement to preserve every unrelated object and field.""
}",e8f7e26d02b3,300,0,,1952a8f51bd6,ai-preannotation-json-v1,2026-07-11T16:59:45.083658+00:00,3196.575
pc_v4_34_p1,pc_v4_34,table,Model-B,deepseek-v4-pro,disabled,pronoun_coreference,Set row34's score to 84; preserve every unrelated object and field.,"Open row34. Change its score so that it reads 84, and leave everything else untouched.",row34,score,84,[],1,"The paraphrase correctly identifies the target object and field, specifies the new value, and instructs to leave everything else unchanged, matching the base instruction.",1,"{
  ""target_object"": ""row34"",
  ""target_field"": ""score"",
  ""expected_state"": ""84"",
  ""forbidden_effects"": [],
  ""paraphrase_preserves_meaning"": true,
  ""notes"": ""The paraphrase correctly identifies the target object and field, specifies the new value, and instructs to leave everything else unchanged, matching the base instruction.""
}",37efd14f8ed6,258,0,,ae75099af929,ai-preannotation-json-v1,2026-07-11T16:59:45.814174+00:00,2581.046
pc_v4_34_p2,pc_v4_34,table,Model-B,deepseek-v4-pro,disabled,conditional_negative_constraint,Set row34's score to 84; preserve every unrelated object and field.,"If row34 is present, set score to 84. Do not alter any other object or field.",row34,score,84,"[""alter any other object or field""]",1,"The paraphrase explicitly conditions on row34's presence and maintains the prohibition on altering other objects/fields, preserving the original instruction's meaning.",1,"{
  ""target_object"": ""row34"",
  ""target_field"": ""score"",
  ""expected_state"": ""84"",
  ""forbidden_effects"": [""alter any other object or field""],
  ""paraphrase_preserves_meaning"": true,
  ""notes"": ""The paraphrase explicitly conditions on row34's presence and maintains the prohibition on altering other objects/fields, preserving the original instruction's meaning.""
}",fee5c7b0ccfe,264,0,,01a28e574756,ai-preannotation-json-v1,2026-07-11T16:59:46.637720+00:00,2829.903
pc_v4_34_p3,pc_v4_34,table,Model-B,deepseek-v4-pro,disabled,ellipsis_multi_object_preservation,Set row34's score to 84; preserve every unrelated object and field.,"For row34: score -> 84; peer_row_34_a and peer_row_34_b, unchanged.",row34,score,84,"[""peer_row_34_a"", ""peer_row_34_b""]",1,"The paraphrase specifies the same target object and field, sets the score to 84, and explicitly states that peer_row_34_a and peer_row_34_b should remain unchanged, matching the base instruction's requirement to preserve every unrelated object and field.",1,"{
  ""target_object"": ""row34"",
  ""target_field"": ""score"",
  ""expected_state"": ""84"",
  ""forbidden_effects"": [""peer_row_34_a"", ""peer_row_34_b""],
  ""paraphrase_preserves_meaning"": true,
  ""notes"": ""The paraphrase specifies the same target object and field, sets the score to 84, and explicitly states that peer_row_34_a and peer_row_34_b should remain unchanged, matching the base instruction's requirement to preserve every unrelated object and field.""
}",7c9d45bc22c6,299,0,,82f4c3bfbad3,ai-preannotation-json-v1,2026-07-11T16:59:48.053409+00:00,2920.330
pc_v4_35_p1,pc_v4_35,workflow_micro,Model-B,deepseek-v4-pro,disabled,pronoun_coreference,Set step35's note to checked_35; preserve every unrelated object and field.,"Open step35. Change its note so that it reads checked_35, and leave everything else untouched.",step35,note,checked_35,[],1,"The paraphrase explicitly mentions opening step35, changing its note to checked_35, and leaving everything else untouched, which matches the base instruction's intent.",1,"{
  ""target_object"": ""step35"",
  ""target_field"": ""note"",
  ""expected_state"": ""checked_35"",
  ""forbidden_effects"": [],
  ""paraphrase_preserves_meaning"": true,
  ""notes"": ""The paraphrase explicitly mentions opening step35, changing its note to checked_35, and leaving everything else untouched, which matches the base instruction's intent.""
}",2c2a98c1548f,266,0,,ef3a723d3be2,ai-preannotation-json-v1,2026-07-11T16:59:48.280508+00:00,2719.971
pc_v4_35_p2,pc_v4_35,workflow_micro,Model-B,deepseek-v4-pro,disabled,conditional_negative_constraint,Set step35's note to checked_35; preserve every unrelated object and field.,"If step35 is present, set note to checked_35. Do not alter any other object or field.",step35,note,checked_35,"[""alter any other object or field""]",1,"The paraphrase adds a conditional 'If step35 is present', which is implicit in the original 'Set step35's note' (assuming step35 exists). The core instruction to set note to checked_35 and preserve everything else is maintained.",1,"{
  ""target_object"": ""step35"",
  ""target_field"": ""note"",
  ""expected_state"": ""checked_35"",
  ""forbidden_effects"": [""alter any other object or field""],
  ""paraphrase_preserves_meaning"": true,
  ""notes"": ""The paraphrase adds a conditional 'If step35 is present', which is implicit in the original 'Set step35's note' (assuming step35 exists). The core instruction to set note to checked_35 and preserve everything else is maintained.""
}",1265db68bee8,292,0,,d93658e496ec,ai-preannotation-json-v1,2026-07-11T16:59:48.395380+00:00,2996.534
pc_v4_35_p3,pc_v4_35,workflow_micro,Model-B,deepseek-v4-pro,disabled,ellipsis_multi_object_preservation,Set step35's note to checked_35; preserve every unrelated object and field.,"For step35: note -> checked_35; peer_step_35_a and peer_step_35_b, unchanged.",step35,note,checked_35,"[""peer_step_35_a"", ""peer_step_35_b""]",1,"The paraphrase explicitly states the target object and field, the desired value, and specifies that peer_step_35_a and peer_step_35_b should remain unchanged, which aligns with preserving every unrelated object and field.",1,"{
  ""target_object"": ""step35"",
  ""target_field"": ""note"",
  ""expected_state"": ""checked_35"",
  ""forbidden_effects"": [""peer_step_35_a"", ""peer_step_35_b""],
  ""paraphrase_preserves_meaning"": true,
  ""notes"": ""The paraphrase explicitly states the target object and field, the desired value, and specifies that peer_step_35_a and peer_step_35_b should remain unchanged, which aligns with preserving every unrelated object and field.""
}",d18466ce440c,298,0,,6ee473117c60,ai-preannotation-json-v1,2026-07-11T16:59:49.467828+00:00,2900.591
pc_v4_36_p1,pc_v4_36,file,Model-B,deepseek-v4-pro,disabled,pronoun_coreference,Set reports/draft_36.txt's content to approved_36; preserve every unrelated object and field.,"Open reports/draft_36.txt. Change its content so that it reads approved_36, and leave everything else untouched.",reports/draft_36.txt,content,approved_36,[],1,"The paraphrase uses 'its' to refer to the file, preserving the coreference. The action is the same: set the content to 'approved_36' and leave other objects and fields unchanged.",1,"{
  ""target_object"": ""reports/draft_36.txt"",
  ""target_field"": ""content"",
  ""expected_state"": ""approved_36"",
  ""forbidden_effects"": [],
  ""paraphrase_preserves_meaning"": true,
  ""notes"": ""The paraphrase uses 'its' to refer to the file, preserving the coreference. The action is the same: set the content to 'approved_36' and leave other objects and fields unchanged.""
}",2dc675c2dfba,286,0,,e0c5d1b57304,ai-preannotation-json-v1,2026-07-11T16:59:50.973957+00:00,3000.323
pc_v4_36_p2,pc_v4_36,file,Model-B,deepseek-v4-pro,disabled,conditional_negative_constraint,Set reports/draft_36.txt's content to approved_36; preserve every unrelated object and field.,"If reports/draft_36.txt is present, set content to approved_36. Do not alter any other object or field.",reports/draft_36.txt,content,approved_36,"[""alter any other object or field""]",1,"The paraphrase adds a conditional 'If reports/draft_36.txt is present', which slightly changes the meaning by making the action conditional on existence, whereas the base instruction assumes the file exists and directly sets its content. However, the core intent to set content to approved_36 and preserve everything else is maintained.",1,"{
  ""target_object"": ""reports/draft_36.txt"",
  ""target_field"": ""content"",
  ""expected_state"": ""approved_36"",
  ""forbidden_effects"": [""alter any other object or field""],
  ""paraphrase_preserves_meaning"": true,
  ""notes"": ""The paraphrase adds a conditional 'If reports/draft_36.txt is present', which slightly changes the meaning by making the action conditional on existence, whereas the base instruction assumes the file exists and directly sets its content. However, the core intent to set content to approved_36 and preserve everything else is maintained.""
}",28f737f0bc10,316,0,,0c55331d2354,ai-preannotation-json-v1,2026-07-11T16:59:51.000688+00:00,3608.414
pc_v4_36_p3,pc_v4_36,file,Model-B,deepseek-v4-pro,disabled,ellipsis_multi_object_preservation,Set reports/draft_36.txt's content to approved_36; preserve every unrelated object and field.,"For reports/draft_36.txt: content -> approved_36; reports/reference_36.txt and reports/archive_36.txt, unchanged.",reports/draft_36.txt,content,approved_36,"[""reports/reference_36.txt"", ""reports/archive_36.txt""]",1,"The paraphrase explicitly sets the content of reports/draft_36.txt to approved_36 and states that reports/reference_36.txt and reports/archive_36.txt remain unchanged, preserving all unrelated objects and fields as in the base instruction.",1,"{
  ""target_object"": ""reports/draft_36.txt"",
  ""target_field"": ""content"",
  ""expected_state"": ""approved_36"",
  ""forbidden_effects"": [""reports/reference_36.txt"", ""reports/archive_36.txt""],
  ""paraphrase_preserves_meaning"": true,
  ""notes"": ""The paraphrase explicitly sets the content of reports/draft_36.txt to approved_36 and states that reports/reference_36.txt and reports/archive_36.txt remain unchanged, preserving all unrelated objects and fields as in the base instruction.""
}",fe3e18c2f5c3,320,0,,d3da119910d3,ai-preannotation-json-v1,2026-07-11T16:59:51.392051+00:00,3423.879
pc_v4_37_p1,pc_v4_37,web_form,Model-B,deepseek-v4-pro,disabled,pronoun_coreference,Set r37's status to approved; preserve every unrelated object and field.,"Open r37. Change its status so that it reads approved, and leave everything else untouched.",r37,status,approved,[],1,"The paraphrase explicitly identifies r37 as the target, specifies changing its status to 'approved', and instructs to leave everything else untouched, matching the base instruction.",1,"{
  ""target_object"": ""r37"",
  ""target_field"": ""status"",
  ""expected_state"": ""approved"",
  ""forbidden_effects"": [],
  ""paraphrase_preserves_meaning"": true,
  ""notes"": ""The paraphrase explicitly identifies r37 as the target, specifies changing its status to 'approved', and instructs to leave everything else untouched, matching the base instruction.""
}",bb5416598ef8,260,0,,ff3f3fb50d48,ai-preannotation-json-v1,2026-07-11T16:59:52.368672+00:00,2788.245
pc_v4_37_p2,pc_v4_37,web_form,Model-B,deepseek-v4-pro,disabled,conditional_negative_constraint,Set r37's status to approved; preserve every unrelated object and field.,"If r37 is present, set status to approved. Do not alter any other object or field.",r37,status,approved,"[""alter any other object or field""]",1,"The paraphrase adds a conditional 'If r37 is present', which is implied in the base instruction. The core action and constraint are preserved.",1,"{
  ""target_object"": ""r37"",
  ""target_field"": ""status"",
  ""expected_state"": ""approved"",
  ""forbidden_effects"": [""alter any other object or field""],
  ""paraphrase_preserves_meaning"": true,
  ""notes"": ""The paraphrase adds a conditional 'If r37 is present', which is implied in the base instruction. The core action and constraint are preserved.""
}",1e28c137eb78,264,0,,e77b6df2b6cc,ai-preannotation-json-v1,2026-07-11T16:59:53.974526+00:00,2813.752
pc_v4_37_p3,pc_v4_37,web_form,Model-B,deepseek-v4-pro,disabled,ellipsis_multi_object_preservation,Set r37's status to approved; preserve every unrelated object and field.,"For r37: status -> approved; peer_record_37_a and peer_record_37_b, unchanged.",r37,status,approved,"[""peer_record_37_a"", ""peer_record_37_b""]",1,"The paraphrase explicitly sets r37's status to approved and states that peer_record_37_a and peer_record_37_b remain unchanged, matching the base instruction's requirement to preserve every unrelated object and field.",1,"{
  ""target_object"": ""r37"",
  ""target_field"": ""status"",
  ""expected_state"": ""approved"",
  ""forbidden_effects"": [""peer_record_37_a"", ""peer_record_37_b""],
  ""paraphrase_preserves_meaning"": true,
  ""notes"": ""The paraphrase explicitly sets r37's status to approved and states that peer_record_37_a and peer_record_37_b remain unchanged, matching the base instruction's requirement to preserve every unrelated object and field.""
}",7d6a12979b0a,289,0,,5e8e0edc6b9e,ai-preannotation-json-v1,2026-07-11T16:59:54.609347+00:00,2691.110
pc_v4_38_p1,pc_v4_38,table,Model-B,deepseek-v4-pro,disabled,pronoun_coreference,Set row38's score to 88; preserve every unrelated object and field.,"Open row38. Change its score so that it reads 88, and leave everything else untouched.",row38,score,88,[],1,"The paraphrase uses 'its' to refer to row38, maintaining coreference. The action 'Change its score so that it reads 88' matches setting the score to 88. 'Leave everything else untouched' preserves unrelated objects and fields.",1,"{
  ""target_object"": ""row38"",
  ""target_field"": ""score"",
  ""expected_state"": ""88"",
  ""forbidden_effects"": [],
  ""paraphrase_preserves_meaning"": true,
  ""notes"": ""The paraphrase uses 'its' to refer to row38, maintaining coreference. The action 'Change its score so that it reads 88' matches setting the score to 88. 'Leave everything else untouched' preserves unrelated objects and fields.""
}",bb962523ea0a,278,0,,3cb22df1dc2e,ai-preannotation-json-v1,2026-07-11T16:59:54.816136+00:00,3119.774
pc_v4_38_p2,pc_v4_38,table,Model-B,deepseek-v4-pro,disabled,conditional_negative_constraint,Set row38's score to 88; preserve every unrelated object and field.,"If row38 is present, set score to 88. Do not alter any other object or field.",row38,score,88,[],1,The paraphrase captures the conditional nature and the prohibition against altering other objects/fields.,1,"{
  ""target_object"": ""row38"",
  ""target_field"": ""score"",
  ""expected_state"": ""88"",
  ""forbidden_effects"": [],
  ""paraphrase_preserves_meaning"": true,
  ""notes"": ""The paraphrase captures the conditional nature and the prohibition against altering other objects/fields.""
}",7e1f40bffcdf,246,0,,1c72dfc31420,ai-preannotation-json-v1,2026-07-11T16:59:55.157231+00:00,2332.196
pc_v4_38_p3,pc_v4_38,table,Model-B,deepseek-v4-pro,disabled,ellipsis_multi_object_preservation,Set row38's score to 88; preserve every unrelated object and field.,"For row38: score -> 88; peer_row_38_a and peer_row_38_b, unchanged.",row38,score,88,"[""peer_row_38_a"", ""peer_row_38_b""]",1,"The paraphrase explicitly sets row38's score to 88 and states that peer_row_38_a and peer_row_38_b should remain unchanged, matching the base instruction's requirement to preserve every unrelated object and field.",1,"{
  ""target_object"": ""row38"",
  ""target_field"": ""score"",
  ""expected_state"": ""88"",
  ""forbidden_effects"": [""peer_row_38_a"", ""peer_row_38_b""],
  ""paraphrase_preserves_meaning"": true,
  ""notes"": ""The paraphrase explicitly sets row38's score to 88 and states that peer_row_38_a and peer_row_38_b should remain unchanged, matching the base instruction's requirement to preserve every unrelated object and field.""
}",010c6a7dcf15,292,0,,3e7c91eeab30,ai-preannotation-json-v1,2026-07-11T16:59:56.788522+00:00,2880.109
pc_v4_39_p1,pc_v4_39,workflow_micro,Model-B,deepseek-v4-pro,disabled,pronoun_coreference,Set step39's note to checked_39; preserve every unrelated object and field.,"Open step39. Change its note so that it reads checked_39, and leave everything else untouched.",step39,note,checked_39,[],1,"The paraphrase explicitly mentions opening step39 and changing its note to checked_39, while leaving everything else untouched, which matches the base instruction.",1,"{
  ""target_object"": ""step39"",
  ""target_field"": ""note"",
  ""expected_state"": ""checked_39"",
  ""forbidden_effects"": [],
  ""paraphrase_preserves_meaning"": true,
  ""notes"": ""The paraphrase explicitly mentions opening step39 and changing its note to checked_39, while leaving everything else untouched, which matches the base instruction.""
}",90a50a1f7a93,264,0,,3d9ea04a5ffd,ai-preannotation-json-v1,2026-07-11T16:59:57.300722+00:00,2487.271
pc_v4_39_p2,pc_v4_39,workflow_micro,Model-B,deepseek-v4-pro,disabled,conditional_negative_constraint,Set step39's note to checked_39; preserve every unrelated object and field.,"If step39 is present, set note to checked_39. Do not alter any other object or field.",step39,note,checked_39,"[""alter any other object or field""]",1,The paraphrase correctly captures the conditional action and the prohibition against altering other objects or fields.,1,"{
  ""target_object"": ""step39"",
  ""target_field"": ""note"",
  ""expected_state"": ""checked_39"",
  ""forbidden_effects"": [""alter any other object or field""],
  ""paraphrase_preserves_meaning"": true,
  ""notes"": ""The paraphrase correctly captures the conditional action and the prohibition against altering other objects or fields.""
}",43d8114f5182,261,0,,ca67f0dae39f,ai-preannotation-json-v1,2026-07-11T16:59:57.489665+00:00,2363.066
pc_v4_39_p3,pc_v4_39,workflow_micro,Model-B,deepseek-v4-pro,disabled,ellipsis_multi_object_preservation,Set step39's note to checked_39; preserve every unrelated object and field.,"For step39: note -> checked_39; peer_step_39_a and peer_step_39_b, unchanged.",step39,note,checked_39,"[""peer_step_39_a"", ""peer_step_39_b""]",1,"The paraphrase explicitly states the target object and field, the expected value, and specifies that peer_step_39_a and peer_step_39_b should remain unchanged, which aligns with the base instruction's requirement to preserve every unrelated object and field.",1,"{
  ""target_object"": ""step39"",
  ""target_field"": ""note"",
  ""expected_state"": ""checked_39"",
  ""forbidden_effects"": [""peer_step_39_a"", ""peer_step_39_b""],
  ""paraphrase_preserves_meaning"": true,
  ""notes"": ""The paraphrase explicitly states the target object and field, the expected value, and specifies that peer_step_39_a and peer_step_39_b should remain unchanged, which aligns with the base instruction's requirement to preserve every unrelated object and field.""
}",e182961842ae,304,0,,35b9d126eba1,ai-preannotation-json-v1,2026-07-11T16:59:57.936141+00:00,2902.467
pc_v4_40_p1,pc_v4_40,file,Model-B,deepseek-v4-pro,disabled,pronoun_coreference,Set reports/draft_40.txt's content to approved_40; preserve every unrelated object and field.,"Open reports/draft_40.txt. Change its content so that it reads approved_40, and leave everything else untouched.",reports/draft_40.txt,content,approved_40,[],1,"The paraphrase uses 'its' to refer to 'reports/draft_40.txt', preserving the coreference. The instruction to change content to 'approved_40' and leave everything else untouched matches the base instruction.",1,"{
  ""target_object"": ""reports/draft_40.txt"",
  ""target_field"": ""content"",
  ""expected_state"": ""approved_40"",
  ""forbidden_effects"": [],
  ""paraphrase_preserves_meaning"": true,
  ""notes"": ""The paraphrase uses 'its' to refer to 'reports/draft_40.txt', preserving the coreference. The instruction to change content to 'approved_40' and leave everything else untouched matches the base instruction.""
}",a0b18a2ad3a3,290,0,,0c009668fadb,ai-preannotation-json-v1,2026-07-11T16:59:59.668903+00:00,3543.398
pc_v4_40_p2,pc_v4_40,file,Model-B,deepseek-v4-pro,disabled,conditional_negative_constraint,Set reports/draft_40.txt's content to approved_40; preserve every unrelated object and field.,"If reports/draft_40.txt is present, set content to approved_40. Do not alter any other object or field.",reports/draft_40.txt,content,approved_40,"[""alter any other object or field""]",1,The paraphrase captures the conditional nature of the original instruction while maintaining the same target and constraint.,1,"{
  ""target_object"": ""reports/draft_40.txt"",
  ""target_field"": ""content"",
  ""expected_state"": ""approved_40"",
  ""forbidden_effects"": [""alter any other object or field""],
  ""paraphrase_preserves_meaning"": true,
  ""notes"": ""The paraphrase captures the conditional nature of the original instruction while maintaining the same target and constraint.""
}",8f194ed91c13,272,0,,267943a9ab33,ai-preannotation-json-v1,2026-07-11T16:59:59.788225+00:00,3672.298
pc_v4_40_p3,pc_v4_40,file,Model-B,deepseek-v4-pro,disabled,ellipsis_multi_object_preservation,Set reports/draft_40.txt's content to approved_40; preserve every unrelated object and field.,"For reports/draft_40.txt: content -> approved_40; reports/reference_40.txt and reports/archive_40.txt, unchanged.",reports/draft_40.txt,content,approved_40,"[""reports/reference_40.txt"", ""reports/archive_40.txt""]",1,"The paraphrase explicitly states the target update and lists the objects to remain unchanged, matching the base instruction's intent to preserve unrelated objects and fields.",1,"{
  ""target_object"": ""reports/draft_40.txt"",
  ""target_field"": ""content"",
  ""expected_state"": ""approved_40"",
  ""forbidden_effects"": [""reports/reference_40.txt"", ""reports/archive_40.txt""],
  ""paraphrase_preserves_meaning"": true,
  ""notes"": ""The paraphrase explicitly states the target update and lists the objects to remain unchanged, matching the base instruction's intent to preserve unrelated objects and fields.""
}",0ce045320761,300,0,,064545c983ee,ai-preannotation-json-v1,2026-07-11T16:59:59.853011+00:00,3818.874
pc_v4_41_p1,pc_v4_41,web_form,Model-B,deepseek-v4-pro,disabled,pronoun_coreference,Set r41's status to approved; preserve every unrelated object and field.,"Open r41. Change its status so that it reads approved, and leave everything else untouched.",r41,status,approved,[],1,"The paraphrase explicitly mentions opening r41, changing its status to approved, and leaving everything else untouched, which matches the base instruction.",1,"{
  ""target_object"": ""r41"",
  ""target_field"": ""status"",
  ""expected_state"": ""approved"",
  ""forbidden_effects"": [],
  ""paraphrase_preserves_meaning"": true,
  ""notes"": ""The paraphrase explicitly mentions opening r41, changing its status to approved, and leaving everything else untouched, which matches the base instruction.""
}",b148420ed2f2,254,0,,533f8a3d535d,ai-preannotation-json-v1,2026-07-11T17:00:00.838876+00:00,3097.616
pc_v4_41_p2,pc_v4_41,web_form,Model-B,deepseek-v4-pro,disabled,conditional_negative_constraint,Set r41's status to approved; preserve every unrelated object and field.,"If r41 is present, set status to approved. Do not alter any other object or field.",r41,status,approved,"[""alter any other object or field""]",1,"The paraphrase adds a conditional 'If r41 is present', which slightly changes the instruction from an unconditional command to a conditional one, but the core intent of setting r41's status to approved and preserving everything else is maintained.",1,"{
  ""target_object"": ""r41"",
  ""target_field"": ""status"",
  ""expected_state"": ""approved"",
  ""forbidden_effects"": [""alter any other object or field""],
  ""paraphrase_preserves_meaning"": true,
  ""notes"": ""The paraphrase adds a conditional 'If r41 is present', which slightly changes the instruction from an unconditional command to a conditional one, but the core intent of setting r41's status to approved and preserving everything else is maintained.""
}",7aac5ae334e4,281,0,,6420c20b7911,ai-preannotation-json-v1,2026-07-11T17:00:03.212536+00:00,3500.658
pc_v4_41_p3,pc_v4_41,web_form,Model-B,deepseek-v4-pro,disabled,ellipsis_multi_object_preservation,Set r41's status to approved; preserve every unrelated object and field.,"For r41: status -> approved; peer_record_41_a and peer_record_41_b, unchanged.",r41,status,approved,"[""peer_record_41_a"", ""peer_record_41_b""]",1,"The paraphrase explicitly sets r41's status to approved and states that peer_record_41_a and peer_record_41_b should remain unchanged, matching the base instruction's requirement to preserve every unrelated object and field.",1,"{
  ""target_object"": ""r41"",
  ""target_field"": ""status"",
  ""expected_state"": ""approved"",
  ""forbidden_effects"": [""peer_record_41_a"", ""peer_record_41_b""],
  ""paraphrase_preserves_meaning"": true,
  ""notes"": ""The paraphrase explicitly sets r41's status to approved and states that peer_record_41_a and peer_record_41_b should remain unchanged, matching the base instruction's requirement to preserve every unrelated object and field.""
}",50e4e67ed484,290,0,,2d530425bc56,ai-preannotation-json-v1,2026-07-11T17:00:03.460748+00:00,3279.905
pc_v4_42_p1,pc_v4_42,table,Model-B,deepseek-v4-pro,disabled,pronoun_coreference,Set row42's score to 82; preserve every unrelated object and field.,"Open row42. Change its score so that it reads 82, and leave everything else untouched.",row42,score,82,[],1,"The paraphrase uses 'its' to refer to row42, preserving the coreference. It specifies changing the score to 82 and leaving everything else untouched, matching the base instruction.",1,"{
  ""target_object"": ""row42"",
  ""target_field"": ""score"",
  ""expected_state"": ""82"",
  ""forbidden_effects"": [],
  ""paraphrase_preserves_meaning"": true,
  ""notes"": ""The paraphrase uses 'its' to refer to row42, preserving the coreference. It specifies changing the score to 82 and leaving everything else untouched, matching the base instruction.""
}",52b90ad6ccf6,265,0,,68bf95299c2b,ai-preannotation-json-v1,2026-07-11T17:00:03.672182+00:00,3244.369
pc_v4_42_p2,pc_v4_42,table,Model-B,deepseek-v4-pro,disabled,conditional_negative_constraint,Set row42's score to 82; preserve every unrelated object and field.,"If row42 is present, set score to 82. Do not alter any other object or field.",row42,score,82,"[""alter any other object or field""]",1,"The paraphrase adds a conditional 'If row42 is present', but the core instruction to set score to 82 and preserve everything else is maintained.",1,"{
  ""target_object"": ""row42"",
  ""target_field"": ""score"",
  ""expected_state"": ""82"",
  ""forbidden_effects"": [""alter any other object or field""],
  ""paraphrase_preserves_meaning"": true,
  ""notes"": ""The paraphrase adds a conditional 'If row42 is present', but the core instruction to set score to 82 and preserve everything else is maintained.""
}",5c52fd346a46,266,0,,ff12da35b18e,ai-preannotation-json-v1,2026-07-11T17:00:03.936804+00:00,2952.528
pc_v4_42_p3,pc_v4_42,table,Model-B,deepseek-v4-pro,disabled,ellipsis_multi_object_preservation,Set row42's score to 82; preserve every unrelated object and field.,"For row42: score -> 82; peer_row_42_a and peer_row_42_b, unchanged.",row42,score,82,"[""peer_row_42_a"", ""peer_row_42_b""]",1,"The paraphrase explicitly sets row42's score to 82 and states that peer_row_42_a and peer_row_42_b should remain unchanged, matching the base instruction's requirement to preserve every unrelated object and field.",1,"{
  ""target_object"": ""row42"",
  ""target_field"": ""score"",
  ""expected_state"": ""82"",
  ""forbidden_effects"": [""peer_row_42_a"", ""peer_row_42_b""],
  ""paraphrase_preserves_meaning"": true,
  ""notes"": ""The paraphrase explicitly sets row42's score to 82 and states that peer_row_42_a and peer_row_42_b should remain unchanged, matching the base instruction's requirement to preserve every unrelated object and field.""
}",b174b5dd4932,292,0,,51a1e589a1c3,ai-preannotation-json-v1,2026-07-11T17:00:06.713438+00:00,3056.848
pc_v4_43_p1,pc_v4_43,workflow_micro,Model-B,deepseek-v4-pro,disabled,pronoun_coreference,Set step43's note to checked_43; preserve every unrelated object and field.,"Open step43. Change its note so that it reads checked_43, and leave everything else untouched.",step43,note,checked_43,[],1,"The paraphrase explicitly instructs to open step43 and change its note to checked_43, while leaving everything else untouched, which matches the base instruction.",1,"{
  ""target_object"": ""step43"",
  ""target_field"": ""note"",
  ""expected_state"": ""checked_43"",
  ""forbidden_effects"": [],
  ""paraphrase_preserves_meaning"": true,
  ""notes"": ""The paraphrase explicitly instructs to open step43 and change its note to checked_43, while leaving everything else untouched, which matches the base instruction.""
}",b96689373116,266,0,,1f200e88622c,ai-preannotation-json-v1,2026-07-11T17:00:06.740978+00:00,2948.271
pc_v4_43_p2,pc_v4_43,workflow_micro,Model-B,deepseek-v4-pro,disabled,conditional_negative_constraint,Set step43's note to checked_43; preserve every unrelated object and field.,"If step43 is present, set note to checked_43. Do not alter any other object or field.",step43,note,checked_43,"[""alter any other object or field""]",1,"The paraphrase captures the conditional nature and the negative constraint, preserving the original meaning.",1,"{
  ""target_object"": ""step43"",
  ""target_field"": ""note"",
  ""expected_state"": ""checked_43"",
  ""forbidden_effects"": [""alter any other object or field""],
  ""paraphrase_preserves_meaning"": true,
  ""notes"": ""The paraphrase captures the conditional nature and the negative constraint, preserving the original meaning.""
}",a8bfd06c609f,260,0,,e39656893c15,ai-preannotation-json-v1,2026-07-11T17:00:06.889566+00:00,2968.186
pc_v4_43_p3,pc_v4_43,workflow_micro,Model-B,deepseek-v4-pro,disabled,ellipsis_multi_object_preservation,Set step43's note to checked_43; preserve every unrelated object and field.,"For step43: note -> checked_43; peer_step_43_a and peer_step_43_b, unchanged.",step43,note,checked_43,"[""peer_step_43_a"", ""peer_step_43_b""]",1,"The paraphrase explicitly states the target object and field, the desired state, and specifies that peer_step_43_a and peer_step_43_b should remain unchanged, which aligns with the base instruction's requirement to preserve every unrelated object and field.",1,"{
  ""target_object"": ""step43"",
  ""target_field"": ""note"",
  ""expected_state"": ""checked_43"",
  ""forbidden_effects"": [""peer_step_43_a"", ""peer_step_43_b""],
  ""paraphrase_preserves_meaning"": true,
  ""notes"": ""The paraphrase explicitly states the target object and field, the desired state, and specifies that peer_step_43_a and peer_step_43_b should remain unchanged, which aligns with the base instruction's requirement to preserve every unrelated object and field.""
}",36787d2d9caa,304,0,,64ab1f3fdc41,ai-preannotation-json-v1,2026-07-11T17:00:06.916789+00:00,4307.543
pc_v4_44_p1,pc_v4_44,file,Model-B,deepseek-v4-pro,disabled,pronoun_coreference,Set reports/draft_44.txt's content to approved_44; preserve every unrelated object and field.,"Open reports/draft_44.txt. Change its content so that it reads approved_44, and leave everything else untouched.",reports/draft_44.txt,content,approved_44,[],1,"The paraphrase uses 'its' to refer to 'reports/draft_44.txt', preserving the coreference. The instruction to change content to 'approved_44' and leave everything else untouched matches the base instruction.",1,"{
  ""target_object"": ""reports/draft_44.txt"",
  ""target_field"": ""content"",
  ""expected_state"": ""approved_44"",
  ""forbidden_effects"": [],
  ""paraphrase_preserves_meaning"": true,
  ""notes"": ""The paraphrase uses 'its' to refer to 'reports/draft_44.txt', preserving the coreference. The instruction to change content to 'approved_44' and leave everything else untouched matches the base instruction.""
}",c4b90bebd020,290,0,,bf2a43fc2192,ai-preannotation-json-v1,2026-07-11T17:00:09.689484+00:00,3215.530
pc_v4_44_p2,pc_v4_44,file,Model-B,deepseek-v4-pro,disabled,conditional_negative_constraint,Set reports/draft_44.txt's content to approved_44; preserve every unrelated object and field.,"If reports/draft_44.txt is present, set content to approved_44. Do not alter any other object or field.",reports/draft_44.txt,content,approved_44,"[""alter any other object or field""]",1,"The paraphrase captures the conditional nature and the negative constraint, preserving the original meaning.",1,"{
  ""target_object"": ""reports/draft_44.txt"",
  ""target_field"": ""content"",
  ""expected_state"": ""approved_44"",
  ""forbidden_effects"": [""alter any other object or field""],
  ""paraphrase_preserves_meaning"": true,
  ""notes"": ""The paraphrase captures the conditional nature and the negative constraint, preserving the original meaning.""
}",1c76e5a11c5b,270,0,,b89824668648,ai-preannotation-json-v1,2026-07-11T17:00:09.770552+00:00,2955.254
pc_v4_44_p3,pc_v4_44,file,Model-B,deepseek-v4-pro,disabled,ellipsis_multi_object_preservation,Set reports/draft_44.txt's content to approved_44; preserve every unrelated object and field.,"For reports/draft_44.txt: content -> approved_44; reports/reference_44.txt and reports/archive_44.txt, unchanged.",reports/draft_44.txt,content,approved_44,"[""reports/reference_44.txt"", ""reports/archive_44.txt""]",1,"The paraphrase explicitly sets the content of reports/draft_44.txt to approved_44 and states that reports/reference_44.txt and reports/archive_44.txt should remain unchanged, matching the base instruction's requirement to preserve every unrelated object and field.",1,"{
  ""target_object"": ""reports/draft_44.txt"",
  ""target_field"": ""content"",
  ""expected_state"": ""approved_44"",
  ""forbidden_effects"": [""reports/reference_44.txt"", ""reports/archive_44.txt""],
  ""paraphrase_preserves_meaning"": true,
  ""notes"": ""The paraphrase explicitly sets the content of reports/draft_44.txt to approved_44 and states that reports/reference_44.txt and reports/archive_44.txt should remain unchanged, matching the base instruction's requirement to preserve every unrelated object and field.""
}",337e6893384b,323,0,,997257bca3c3,ai-preannotation-json-v1,2026-07-11T17:00:09.858002+00:00,3510.922
pc_v4_45_p1,pc_v4_45,web_form,Model-B,deepseek-v4-pro,disabled,pronoun_coreference,Set r45's name to Alice_45; preserve every unrelated object and field.,"Open r45. Change its name so that it reads Alice_45, and leave everything else untouched.",r45,name,Alice_45,[],1,"The paraphrase explicitly mentions opening r45, changing its name to Alice_45, and leaving everything else untouched, which matches the base instruction to set r45's name to Alice_45 and preserve unrelated objects and fields.",1,"{
  ""target_object"": ""r45"",
  ""target_field"": ""name"",
  ""expected_state"": ""Alice_45"",
  ""forbidden_effects"": [],
  ""paraphrase_preserves_meaning"": true,
  ""notes"": ""The paraphrase explicitly mentions opening r45, changing its name to Alice_45, and leaving everything else untouched, which matches the base instruction to set r45's name to Alice_45 and preserve unrelated objects and fields.""
}",63374d32b0f9,278,0,,e6e4391c8968,ai-preannotation-json-v1,2026-07-11T17:00:11.224590+00:00,2975.978
pc_v4_45_p2,pc_v4_45,web_form,Model-B,deepseek-v4-pro,disabled,conditional_negative_constraint,Set r45's name to Alice_45; preserve every unrelated object and field.,"If r45 is present, set name to Alice_45. Do not alter any other object or field.",r45,name,Alice_45,"[""alter any other object or field""]",1,"The paraphrase adds a conditional 'If r45 is present', which is implied in the base instruction. It explicitly states the forbidden effect of not altering other objects or fields, matching the base instruction's 'preserve every unrelated object and field'.",1,"{
  ""target_object"": ""r45"",
  ""target_field"": ""name"",
  ""expected_state"": ""Alice_45"",
  ""forbidden_effects"": [""alter any other object or field""],
  ""paraphrase_preserves_meaning"": true,
  ""notes"": ""The paraphrase adds a conditional 'If r45 is present', which is implied in the base instruction. It explicitly states the forbidden effect of not altering other objects or fields, matching the base instruction's 'preserve every unrelated object and field'.""
}",5ff82ea2f040,291,0,,b032b564295c,ai-preannotation-json-v1,2026-07-11T17:00:12.726085+00:00,3494.451
pc_v4_45_p3,pc_v4_45,web_form,Model-B,deepseek-v4-pro,disabled,ellipsis_multi_object_preservation,Set r45's name to Alice_45; preserve every unrelated object and field.,"For r45: name -> Alice_45; peer_record_45_a and peer_record_45_b, unchanged.",r45,name,Alice_45,"[""peer_record_45_a"", ""peer_record_45_b""]",1,"The paraphrase explicitly states the target object and field, and specifies that peer_record_45_a and peer_record_45_b should remain unchanged, preserving the original instruction's intent.",1,"{
  ""target_object"": ""r45"",
  ""target_field"": ""name"",
  ""expected_state"": ""Alice_45"",
  ""forbidden_effects"": [""peer_record_45_a"", ""peer_record_45_b""],
  ""paraphrase_preserves_meaning"": true,
  ""notes"": ""The paraphrase explicitly states the target object and field, and specifies that peer_record_45_a and peer_record_45_b should remain unchanged, preserving the original instruction's intent.""
}",c69cd629466c,289,0,,e566c61f1b79,ai-preannotation-json-v1,2026-07-11T17:00:12.905257+00:00,3205.438
pc_v4_46_p1,pc_v4_46,table,Model-B,deepseek-v4-pro,disabled,pronoun_coreference,Set row46's score to 86; preserve every unrelated object and field.,"Open row46. Change its score so that it reads 86, and leave everything else untouched.",row46,score,86,[],1,"The paraphrase uses 'its' to refer to row46, correctly preserving the coreference. It specifies changing the score to 86 and leaving everything else untouched, matching the base instruction.",1,"{
  ""target_object"": ""row46"",
  ""target_field"": ""score"",
  ""expected_state"": ""86"",
  ""forbidden_effects"": [],
  ""paraphrase_preserves_meaning"": true,
  ""notes"": ""The paraphrase uses 'its' to refer to row46, correctly preserving the coreference. It specifies changing the score to 86 and leaving everything else untouched, matching the base instruction.""
}",def1e9c99ece,266,0,,5031f1ed717f,ai-preannotation-json-v1,2026-07-11T17:00:13.369169+00:00,3292.300
pc_v4_46_p2,pc_v4_46,table,Model-B,deepseek-v4-pro,disabled,conditional_negative_constraint,Set row46's score to 86; preserve every unrelated object and field.,"If row46 is present, set score to 86. Do not alter any other object or field.",row46,score,86,"[""alter any other object or field""]",1,The paraphrase captures the conditional nature and the prohibition on altering unrelated objects and fields.,1,"{
  ""target_object"": ""row46"",
  ""target_field"": ""score"",
  ""expected_state"": ""86"",
  ""forbidden_effects"": [""alter any other object or field""],
  ""paraphrase_preserves_meaning"": true,
  ""notes"": ""The paraphrase captures the conditional nature and the prohibition on altering unrelated objects and fields.""
}",0711355de8d6,253,0,,7e7f71bab1ac,ai-preannotation-json-v1,2026-07-11T17:00:14.200833+00:00,3025.971
pc_v4_46_p3,pc_v4_46,table,Model-B,deepseek-v4-pro,disabled,ellipsis_multi_object_preservation,Set row46's score to 86; preserve every unrelated object and field.,"For row46: score -> 86; peer_row_46_a and peer_row_46_b, unchanged.",row46,score,86,"[""peer_row_46_a"", ""peer_row_46_b""]",1,"The paraphrase specifies the same target object and field, sets the score to 86, and explicitly states that peer_row_46_a and peer_row_46_b should remain unchanged, matching the base instruction's requirement to preserve every unrelated object and field.",1,"{
  ""target_object"": ""row46"",
  ""target_field"": ""score"",
  ""expected_state"": ""86"",
  ""forbidden_effects"": [""peer_row_46_a"", ""peer_row_46_b""],
  ""paraphrase_preserves_meaning"": true,
  ""notes"": ""The paraphrase specifies the same target object and field, sets the score to 86, and explicitly states that peer_row_46_a and peer_row_46_b should remain unchanged, matching the base instruction's requirement to preserve every unrelated object and field.""
}",f809f8f36401,299,0,,bc1ced89963e,ai-preannotation-json-v1,2026-07-11T17:00:16.110892+00:00,3566.385
pc_v4_47_p1,pc_v4_47,workflow_micro,Model-B,deepseek-v4-pro,disabled,pronoun_coreference,Set step47's note to checked_47; preserve every unrelated object and field.,"Open step47. Change its note so that it reads checked_47, and leave everything else untouched.",step47,note,checked_47,[],1,"The paraphrase uses 'Open step47' which might imply an additional action, but the core instruction to change the note to 'checked_47' and preserve everything else is maintained.",1,"{
  ""target_object"": ""step47"",
  ""target_field"": ""note"",
  ""expected_state"": ""checked_47"",
  ""forbidden_effects"": [],
  ""paraphrase_preserves_meaning"": true,
  ""notes"": ""The paraphrase uses 'Open step47' which might imply an additional action, but the core instruction to change the note to 'checked_47' and preserve everything else is maintained.""
}",917299607f98,272,0,,c7b004a6574f,ai-preannotation-json-v1,2026-07-11T17:00:16.220775+00:00,3173.173
pc_v4_47_p2,pc_v4_47,workflow_micro,Model-B,deepseek-v4-pro,disabled,conditional_negative_constraint,Set step47's note to checked_47; preserve every unrelated object and field.,"If step47 is present, set note to checked_47. Do not alter any other object or field.",step47,note,checked_47,"[""alter any other object or field""]",1,The paraphrase correctly captures the conditional action and the prohibition against altering unrelated objects and fields.,1,"{
  ""target_object"": ""step47"",
  ""target_field"": ""note"",
  ""expected_state"": ""checked_47"",
  ""forbidden_effects"": [""alter any other object or field""],
  ""paraphrase_preserves_meaning"": true,
  ""notes"": ""The paraphrase correctly captures the conditional action and the prohibition against altering unrelated objects and fields.""
}",509a76bce489,261,0,,be7bdf8a83bd,ai-preannotation-json-v1,2026-07-11T17:00:16.661680+00:00,3082.819
pc_v4_47_p3,pc_v4_47,workflow_micro,Model-B,deepseek-v4-pro,disabled,ellipsis_multi_object_preservation,Set step47's note to checked_47; preserve every unrelated object and field.,"For step47: note -> checked_47; peer_step_47_a and peer_step_47_b, unchanged.",step47,note,checked_47,"[""peer_step_47_a"", ""peer_step_47_b""]",1,"The paraphrase explicitly states the target object and field, the expected value, and specifies that peer_step_47_a and peer_step_47_b should remain unchanged, which aligns with the base instruction's requirement to preserve every unrelated object and field.",1,"{
  ""target_object"": ""step47"",
  ""target_field"": ""note"",
  ""expected_state"": ""checked_47"",
  ""forbidden_effects"": [""peer_step_47_a"", ""peer_step_47_b""],
  ""paraphrase_preserves_meaning"": true,
  ""notes"": ""The paraphrase explicitly states the target object and field, the expected value, and specifies that peer_step_47_a and peer_step_47_b should remain unchanged, which aligns with the base instruction's requirement to preserve every unrelated object and field.""
}",24ba039e384d,304,0,,fca796013e93,ai-preannotation-json-v1,2026-07-11T17:00:17.226961+00:00,3507.116
pc_v4_48_p1,pc_v4_48,file,Model-B,deepseek-v4-pro,disabled,pronoun_coreference,Set reports/draft_48.txt's content to approved_48; preserve every unrelated object and field.,"Open reports/draft_48.txt. Change its content so that it reads approved_48, and leave everything else untouched.",reports/draft_48.txt,content,approved_48,[],1,"The paraphrase uses 'its' to refer to the file, preserving the coreference. It explicitly states to change the content to 'approved_48' and leave everything else untouched, matching the base instruction.",1,"{
  ""target_object"": ""reports/draft_48.txt"",
  ""target_field"": ""content"",
  ""expected_state"": ""approved_48"",
  ""forbidden_effects"": [],
  ""paraphrase_preserves_meaning"": true,
  ""notes"": ""The paraphrase uses 'its' to refer to the file, preserving the coreference. It explicitly states to change the content to 'approved_48' and leave everything else untouched, matching the base instruction.""
}",ce4d3c8482b4,287,0,,bc265b008d39,ai-preannotation-json-v1,2026-07-11T17:00:19.394164+00:00,3259.335
pc_v4_48_p2,pc_v4_48,file,Model-B,deepseek-v4-pro,disabled,conditional_negative_constraint,Set reports/draft_48.txt's content to approved_48; preserve every unrelated object and field.,"If reports/draft_48.txt is present, set content to approved_48. Do not alter any other object or field.",reports/draft_48.txt,content,approved_48,"[""alter any other object or field""]",1,"The paraphrase adds a conditional 'If reports/draft_48.txt is present', but the base instruction implies the file exists. The core action and constraint are preserved.",1,"{
  ""target_object"": ""reports/draft_48.txt"",
  ""target_field"": ""content"",
  ""expected_state"": ""approved_48"",
  ""forbidden_effects"": [""alter any other object or field""],
  ""paraphrase_preserves_meaning"": true,
  ""notes"": ""The paraphrase adds a conditional 'If reports/draft_48.txt is present', but the base instruction implies the file exists. The core action and constraint are preserved.""
}",331ae3318239,287,0,,13c72c63c58b,ai-preannotation-json-v1,2026-07-11T17:00:19.677518+00:00,4490.987
pc_v4_48_p3,pc_v4_48,file,Model-B,deepseek-v4-pro,disabled,ellipsis_multi_object_preservation,Set reports/draft_48.txt's content to approved_48; preserve every unrelated object and field.,"For reports/draft_48.txt: content -> approved_48; reports/reference_48.txt and reports/archive_48.txt, unchanged.",reports/draft_48.txt,content,approved_48,"[""reports/reference_48.txt"", ""reports/archive_48.txt""]",1,"The paraphrase explicitly lists the objects to preserve, matching the base instruction's requirement to preserve every unrelated object and field.",1,"{
  ""target_object"": ""reports/draft_48.txt"",
  ""target_field"": ""content"",
  ""expected_state"": ""approved_48"",
  ""forbidden_effects"": [""reports/reference_48.txt"", ""reports/archive_48.txt""],
  ""paraphrase_preserves_meaning"": true,
  ""notes"": ""The paraphrase explicitly lists the objects to preserve, matching the base instruction's requirement to preserve every unrelated object and field.""
}",55de6faf102f,295,0,,171a3f8e8b06,ai-preannotation-json-v1,2026-07-11T17:00:19.744718+00:00,3203.889
pc_v4_49_p1,pc_v4_49,web_form,Model-B,deepseek-v4-pro,disabled,pronoun_coreference,Set r49's status to approved; preserve every unrelated object and field.,"Open r49. Change its status so that it reads approved, and leave everything else untouched.",r49,status,approved,[],1,"The paraphrase uses 'Open r49. Change its status so that it reads approved, and leave everything else untouched.' which directly corresponds to setting r49's status to approved and preserving all other objects and fields, matching the base instruction.",1,"{
  ""target_object"": ""r49"",
  ""target_field"": ""status"",
  ""expected_state"": ""approved"",
  ""forbidden_effects"": [],
  ""paraphrase_preserves_meaning"": true,
  ""notes"": ""The paraphrase uses 'Open r49. Change its status so that it reads approved, and leave everything else untouched.' which directly corresponds to setting r49's status to approved and preserving all other objects and fields, matching the base instruction.""
}",c71908db1f46,275,0,,373f14bd583f,ai-preannotation-json-v1,2026-07-11T17:00:20.734330+00:00,3274.863
pc_v4_49_p2,pc_v4_49,web_form,Model-B,deepseek-v4-pro,disabled,conditional_negative_constraint,Set r49's status to approved; preserve every unrelated object and field.,"If r49 is present, set status to approved. Do not alter any other object or field.",r49,status,approved,"[""alter any other object or field""]",1,"The paraphrase adds a conditional 'If r49 is present', which slightly changes the instruction by implying the action should only be taken if r49 exists, whereas the original is a direct command. However, the core intent to set status to approved and preserve everything else is maintained.",1,"{
  ""target_object"": ""r49"",
  ""target_field"": ""status"",
  ""expected_state"": ""approved"",
  ""forbidden_effects"": [""alter any other object or field""],
  ""paraphrase_preserves_meaning"": true,
  ""notes"": ""The paraphrase adds a conditional 'If r49 is present', which slightly changes the instruction by implying the action should only be taken if r49 exists, whereas the original is a direct command. However, the core intent to set status to approved and preserve everything else is maintained.""
}",b38d52acacc3,291,0,,cfd3ad351080,ai-preannotation-json-v1,2026-07-11T17:00:22.653770+00:00,3561.977
pc_v4_49_p3,pc_v4_49,web_form,Model-B,deepseek-v4-pro,disabled,ellipsis_multi_object_preservation,Set r49's status to approved; preserve every unrelated object and field.,"For r49: status -> approved; peer_record_49_a and peer_record_49_b, unchanged.",r49,status,approved,"[""peer_record_49_a"", ""peer_record_49_b""]",1,"The paraphrase explicitly sets r49's status to approved and states that peer_record_49_a and peer_record_49_b should remain unchanged, matching the base instruction's requirement to preserve every unrelated object and field.",1,"{
  ""target_object"": ""r49"",
  ""target_field"": ""status"",
  ""expected_state"": ""approved"",
  ""forbidden_effects"": [""peer_record_49_a"", ""peer_record_49_b""],
  ""paraphrase_preserves_meaning"": true,
  ""notes"": ""The paraphrase explicitly sets r49's status to approved and states that peer_record_49_a and peer_record_49_b should remain unchanged, matching the base instruction's requirement to preserve every unrelated object and field.""
}",440ae060bacd,290,0,,e903a996d28b,ai-preannotation-json-v1,2026-07-11T17:00:22.948805+00:00,3257.122
pc_v4_50_p1,pc_v4_50,table,Model-B,deepseek-v4-pro,disabled,pronoun_coreference,Set row50's score to 80; preserve every unrelated object and field.,"Open row50. Change its score so that it reads 80, and leave everything else untouched.",row50,score,80,[],1,"The paraphrase uses 'its' to refer to row50, maintaining coreference. It specifies changing the score to 80 and leaving everything else untouched, which matches the base instruction.",1,"{
  ""target_object"": ""row50"",
  ""target_field"": ""score"",
  ""expected_state"": ""80"",
  ""forbidden_effects"": [],
  ""paraphrase_preserves_meaning"": true,
  ""notes"": ""The paraphrase uses 'its' to refer to row50, maintaining coreference. It specifies changing the score to 80 and leaving everything else untouched, which matches the base instruction.""
}",135d8f15211a,265,0,,47136a91bf27,ai-preannotation-json-v1,2026-07-11T17:00:24.009408+00:00,3039.505
pc_v4_50_p2,pc_v4_50,table,Model-B,deepseek-v4-pro,disabled,conditional_negative_constraint,Set row50's score to 80; preserve every unrelated object and field.,"If row50 is present, set score to 80. Do not alter any other object or field.",row50,score,80,"[""alter any other object or field""]",1,"The paraphrase explicitly conditions on row50's presence and restricts changes to only the score field, matching the base instruction's intent.",1,"{
  ""target_object"": ""row50"",
  ""target_field"": ""score"",
  ""expected_state"": ""80"",
  ""forbidden_effects"": [""alter any other object or field""],
  ""paraphrase_preserves_meaning"": true,
  ""notes"": ""The paraphrase explicitly conditions on row50's presence and restricts changes to only the score field, matching the base instruction's intent.""
}",e6b92c77f278,262,0,,51c902502848,ai-preannotation-json-v1,2026-07-11T17:00:24.168735+00:00,3179.993
pc_v4_50_p3,pc_v4_50,table,Model-B,deepseek-v4-pro,disabled,ellipsis_multi_object_preservation,Set row50's score to 80; preserve every unrelated object and field.,"For row50: score -> 80; peer_row_50_a and peer_row_50_b, unchanged.",row50,score,80,"[""peer_row_50_a"", ""peer_row_50_b""]",1,"The paraphrase explicitly sets row50's score to 80 and states that peer_row_50_a and peer_row_50_b remain unchanged, matching the base instruction's requirement to preserve every unrelated object and field.",1,"{
  ""target_object"": ""row50"",
  ""target_field"": ""score"",
  ""expected_state"": ""80"",
  ""forbidden_effects"": [""peer_row_50_a"", ""peer_row_50_b""],
  ""paraphrase_preserves_meaning"": true,
  ""notes"": ""The paraphrase explicitly sets row50's score to 80 and states that peer_row_50_a and peer_row_50_b remain unchanged, matching the base instruction's requirement to preserve every unrelated object and field.""
}",e37b1f310b0f,291,0,,a567d316a667,ai-preannotation-json-v1,2026-07-11T17:00:26.206176+00:00,3042.901
pc_v4_51_p1,pc_v4_51,workflow_micro,Model-B,deepseek-v4-pro,disabled,pronoun_coreference,Set step51's note to checked_51; preserve every unrelated object and field.,"Open step51. Change its note so that it reads checked_51, and leave everything else untouched.",step51,note,checked_51,[],1,"The paraphrase explicitly instructs to open step51, change its note to checked_51, and leave everything else untouched, which matches the base instruction to set step51's note to checked_51 and preserve every unrelated object and field.",1,"{
  ""target_object"": ""step51"",
  ""target_field"": ""note"",
  ""expected_state"": ""checked_51"",
  ""forbidden_effects"": [],
  ""paraphrase_preserves_meaning"": true,
  ""notes"": ""The paraphrase explicitly instructs to open step51, change its note to checked_51, and leave everything else untouched, which matches the base instruction to set step51's note to checked_51 and preserve every unrelated object and field.""
}",6c67aa97d499,283,0,,e4a0ed730d4a,ai-preannotation-json-v1,2026-07-11T17:00:26.215974+00:00,2957.445
pc_v4_51_p2,pc_v4_51,workflow_micro,Model-B,deepseek-v4-pro,disabled,conditional_negative_constraint,Set step51's note to checked_51; preserve every unrelated object and field.,"If step51 is present, set note to checked_51. Do not alter any other object or field.",step51,note,checked_51,[],1,"The paraphrase captures the conditional nature and the prohibition on altering other objects/fields, matching the base instruction's intent.",1,"{
  ""target_object"": ""step51"",
  ""target_field"": ""note"",
  ""expected_state"": ""checked_51"",
  ""forbidden_effects"": [],
  ""paraphrase_preserves_meaning"": true,
  ""notes"": ""The paraphrase captures the conditional nature and the prohibition on altering other objects/fields, matching the base instruction's intent.""
}",c6e081092a35,260,0,,535bdd8343f2,ai-preannotation-json-v1,2026-07-11T17:00:27.049152+00:00,2876.090
pc_v4_51_p3,pc_v4_51,workflow_micro,Model-B,deepseek-v4-pro,disabled,ellipsis_multi_object_preservation,Set step51's note to checked_51; preserve every unrelated object and field.,"For step51: note -> checked_51; peer_step_51_a and peer_step_51_b, unchanged.",step51,note,checked_51,"[""peer_step_51_a"", ""peer_step_51_b""]",1,"The paraphrase explicitly sets step51's note to checked_51 and states that peer_step_51_a and peer_step_51_b remain unchanged, which matches the base instruction's requirement to preserve every unrelated object and field.",1,"{
  ""target_object"": ""step51"",
  ""target_field"": ""note"",
  ""expected_state"": ""checked_51"",
  ""forbidden_effects"": [""peer_step_51_a"", ""peer_step_51_b""],
  ""paraphrase_preserves_meaning"": true,
  ""notes"": ""The paraphrase explicitly sets step51's note to checked_51 and states that peer_step_51_a and peer_step_51_b remain unchanged, which matches the base instruction's requirement to preserve every unrelated object and field.""
}",20591a0f53ab,300,0,,8419b599a693,ai-preannotation-json-v1,2026-07-11T17:00:27.349005+00:00,3431.331
pc_v4_52_p1,pc_v4_52,file,Model-B,deepseek-v4-pro,disabled,pronoun_coreference,Set reports/draft_52.txt's content to approved_52; preserve every unrelated object and field.,"Open reports/draft_52.txt. Change its content so that it reads approved_52, and leave everything else untouched.",reports/draft_52.txt,content,approved_52,[],1,"The paraphrase uses 'Open' and 'Change its content' to convey the same action as 'Set content to', with 'its' referring back to the file. The instruction to preserve unrelated objects and fields is captured by 'leave everything else untouched'.",1,"{
  ""target_object"": ""reports/draft_52.txt"",
  ""target_field"": ""content"",
  ""expected_state"": ""approved_52"",
  ""forbidden_effects"": [],
  ""paraphrase_preserves_meaning"": true,
  ""notes"": ""The paraphrase uses 'Open' and 'Change its content' to convey the same action as 'Set content to', with 'its' referring back to the file. The instruction to preserve unrelated objects and fields is captured by 'leave everything else untouched'.""
}",6549fcb88191,297,0,,b73081f9c731,ai-preannotation-json-v1,2026-07-11T17:00:29.173624+00:00,3469.764
pc_v4_52_p2,pc_v4_52,file,Model-B,deepseek-v4-pro,disabled,conditional_negative_constraint,Set reports/draft_52.txt's content to approved_52; preserve every unrelated object and field.,"If reports/draft_52.txt is present, set content to approved_52. Do not alter any other object or field.",reports/draft_52.txt,content,approved_52,"[""alter any other object or field""]",1,"The paraphrase adds a conditional 'If reports/draft_52.txt is present', but the base instruction implies the object exists. The core action and constraint are preserved.",1,"{
  ""target_object"": ""reports/draft_52.txt"",
  ""target_field"": ""content"",
  ""expected_state"": ""approved_52"",
  ""forbidden_effects"": [""alter any other object or field""],
  ""paraphrase_preserves_meaning"": true,
  ""notes"": ""The paraphrase adds a conditional 'If reports/draft_52.txt is present', but the base instruction implies the object exists. The core action and constraint are preserved.""
}",a2fb2fb92cb3,287,0,,df4e2751c62a,ai-preannotation-json-v1,2026-07-11T17:00:29.249366+00:00,3111.587
pc_v4_52_p3,pc_v4_52,file,Model-B,deepseek-v4-pro,disabled,ellipsis_multi_object_preservation,Set reports/draft_52.txt's content to approved_52; preserve every unrelated object and field.,"For reports/draft_52.txt: content -> approved_52; reports/reference_52.txt and reports/archive_52.txt, unchanged.",reports/draft_52.txt,content,approved_52,"[""reports/reference_52.txt"", ""reports/archive_52.txt""]",1,"The paraphrase explicitly lists the objects to preserve, matching the base instruction's requirement to preserve every unrelated object and field.",1,"{
  ""target_object"": ""reports/draft_52.txt"",
  ""target_field"": ""content"",
  ""expected_state"": ""approved_52"",
  ""forbidden_effects"": [""reports/reference_52.txt"", ""reports/archive_52.txt""],
  ""paraphrase_preserves_meaning"": true,
  ""notes"": ""The paraphrase explicitly lists the objects to preserve, matching the base instruction's requirement to preserve every unrelated object and field.""
}",22163eb55698,295,0,,b676e8366499,ai-preannotation-json-v1,2026-07-11T17:00:29.925496+00:00,3574.102
pc_v4_53_p1,pc_v4_53,web_form,Model-B,deepseek-v4-pro,disabled,pronoun_coreference,Set r53's status to approved; preserve every unrelated object and field.,"Open r53. Change its status so that it reads approved, and leave everything else untouched.",r53,status,approved,[],1,"The paraphrase uses 'its' to refer to r53, preserving the coreference. It specifies changing the status to 'approved' and leaving everything else untouched, matching the base instruction.",1,"{
  ""target_object"": ""r53"",
  ""target_field"": ""status"",
  ""expected_state"": ""approved"",
  ""forbidden_effects"": [],
  ""paraphrase_preserves_meaning"": true,
  ""notes"": ""The paraphrase uses 'its' to refer to r53, preserving the coreference. It specifies changing the status to 'approved' and leaving everything else untouched, matching the base instruction.""
}",7d67b245ab60,265,0,,f790b3f3055f,ai-preannotation-json-v1,2026-07-11T17:00:30.780569+00:00,4113.598
pc_v4_53_p2,pc_v4_53,web_form,Model-B,deepseek-v4-pro,disabled,conditional_negative_constraint,Set r53's status to approved; preserve every unrelated object and field.,"If r53 is present, set status to approved. Do not alter any other object or field.",r53,status,approved,"[""alter any other object or field""]",1,"The paraphrase adds a condition 'If r53 is present', which is not in the base instruction, but the core action and forbidden effects are preserved.",1,"{
  ""target_object"": ""r53"",
  ""target_field"": ""status"",
  ""expected_state"": ""approved"",
  ""forbidden_effects"": [""alter any other object or field""],
  ""paraphrase_preserves_meaning"": true,
  ""notes"": ""The paraphrase adds a condition 'If r53 is present', which is not in the base instruction, but the core action and forbidden effects are preserved.""
}",987093415780,266,0,,71abe21eb183,ai-preannotation-json-v1,2026-07-11T17:00:32.361208+00:00,3439.019
pc_v4_53_p3,pc_v4_53,web_form,Model-B,deepseek-v4-pro,disabled,ellipsis_multi_object_preservation,Set r53's status to approved; preserve every unrelated object and field.,"For r53: status -> approved; peer_record_53_a and peer_record_53_b, unchanged.",r53,status,approved,"[""peer_record_53_a"", ""peer_record_53_b""]",1,"The paraphrase explicitly sets r53's status to approved and states that peer_record_53_a and peer_record_53_b should remain unchanged, matching the base instruction's requirement to preserve every unrelated object and field.",1,"{
  ""target_object"": ""r53"",
  ""target_field"": ""status"",
  ""expected_state"": ""approved"",
  ""forbidden_effects"": [""peer_record_53_a"", ""peer_record_53_b""],
  ""paraphrase_preserves_meaning"": true,
  ""notes"": ""The paraphrase explicitly sets r53's status to approved and states that peer_record_53_a and peer_record_53_b should remain unchanged, matching the base instruction's requirement to preserve every unrelated object and field.""
}",161db66a3e0f,290,0,,dbfa39ced09a,ai-preannotation-json-v1,2026-07-11T17:00:32.643613+00:00,3224.440
pc_v4_54_p1,pc_v4_54,table,Model-B,deepseek-v4-pro,disabled,pronoun_coreference,Set row54's score to 84; preserve every unrelated object and field.,"Open row54. Change its score so that it reads 84, and leave everything else untouched.",row54,score,84,[],1,"The paraphrase uses 'its' to refer to row54, maintaining the coreference. It specifies changing the score to 84 and leaving everything else untouched, which matches the base instruction.",1,"{
  ""target_object"": ""row54"",
  ""target_field"": ""score"",
  ""expected_state"": ""84"",
  ""forbidden_effects"": [],
  ""paraphrase_preserves_meaning"": true,
  ""notes"": ""The paraphrase uses 'its' to refer to row54, maintaining the coreference. It specifies changing the score to 84 and leaving everything else untouched, which matches the base instruction.""
}",f8c7af81b424,266,0,,c210e4bfed90,ai-preannotation-json-v1,2026-07-11T17:00:33.499879+00:00,3453.676
pc_v4_54_p2,pc_v4_54,table,Model-B,deepseek-v4-pro,disabled,conditional_negative_constraint,Set row54's score to 84; preserve every unrelated object and field.,"If row54 is present, set score to 84. Do not alter any other object or field.",row54,score,84,"[""alter any other object or field""]",1,"The paraphrase explicitly conditions on row54's presence and maintains the prohibition on altering other objects/fields, preserving the original meaning.",1,"{
  ""target_object"": ""row54"",
  ""target_field"": ""score"",
  ""expected_state"": ""84"",
  ""forbidden_effects"": [""alter any other object or field""],
  ""paraphrase_preserves_meaning"": true,
  ""notes"": ""The paraphrase explicitly conditions on row54's presence and maintains the prohibition on altering other objects/fields, preserving the original meaning.""
}",12b179e138cf,262,0,,d5f6054f3c8a,ai-preannotation-json-v1,2026-07-11T17:00:34.894388+00:00,3151.744
pc_v4_54_p3,pc_v4_54,table,Model-B,deepseek-v4-pro,disabled,ellipsis_multi_object_preservation,Set row54's score to 84; preserve every unrelated object and field.,"For row54: score -> 84; peer_row_54_a and peer_row_54_b, unchanged.",row54,score,84,"[""peer_row_54_a"", ""peer_row_54_b""]",1,"The paraphrase explicitly sets row54's score to 84 and states that peer_row_54_a and peer_row_54_b are unchanged, matching the base instruction's requirement to preserve every unrelated object and field.",1,"{
  ""target_object"": ""row54"",
  ""target_field"": ""score"",
  ""expected_state"": ""84"",
  ""forbidden_effects"": [""peer_row_54_a"", ""peer_row_54_b""],
  ""paraphrase_preserves_meaning"": true,
  ""notes"": ""The paraphrase explicitly sets row54's score to 84 and states that peer_row_54_a and peer_row_54_b are unchanged, matching the base instruction's requirement to preserve every unrelated object and field.""
}",fc3670e1e441,291,0,,cc12f0fbec8a,ai-preannotation-json-v1,2026-07-11T17:00:35.800583+00:00,2945.293
pc_v4_55_p1,pc_v4_55,workflow_micro,Model-B,deepseek-v4-pro,disabled,pronoun_coreference,Set step55's note to checked_55; preserve every unrelated object and field.,"Open step55. Change its note so that it reads checked_55, and leave everything else untouched.",step55,note,checked_55,[],1,"The paraphrase explicitly mentions opening step55, changing its note to checked_55, and leaving everything else untouched, which matches the base instruction.",1,"{
  ""target_object"": ""step55"",
  ""target_field"": ""note"",
  ""expected_state"": ""checked_55"",
  ""forbidden_effects"": [],
  ""paraphrase_preserves_meaning"": true,
  ""notes"": ""The paraphrase explicitly mentions opening step55, changing its note to checked_55, and leaving everything else untouched, which matches the base instruction.""
}",58345195927b,264,0,,c07b01e6f2f1,ai-preannotation-json-v1,2026-07-11T17:00:35.868333+00:00,2716.554
pc_v4_55_p2,pc_v4_55,workflow_micro,Model-B,deepseek-v4-pro,disabled,conditional_negative_constraint,Set step55's note to checked_55; preserve every unrelated object and field.,"If step55 is present, set note to checked_55. Do not alter any other object or field.",step55,note,checked_55,"[""alter any other object or field""]",1,The paraphrase adds a conditional 'If step55 is present' but the base instruction assumes step55 exists. The core meaning is preserved: set step55's note to checked_55 and do not change anything else.,1,"{
  ""target_object"": ""step55"",
  ""target_field"": ""note"",
  ""expected_state"": ""checked_55"",
  ""forbidden_effects"": [""alter any other object or field""],
  ""paraphrase_preserves_meaning"": true,
  ""notes"": ""The paraphrase adds a conditional 'If step55 is present' but the base instruction assumes step55 exists. The core meaning is preserved: set step55's note to checked_55 and do not change anything else.""
}",dcf26d96dd55,287,0,,9c928e9187d1,ai-preannotation-json-v1,2026-07-11T17:00:36.953804+00:00,3292.090
pc_v4_55_p3,pc_v4_55,workflow_micro,Model-B,deepseek-v4-pro,disabled,ellipsis_multi_object_preservation,Set step55's note to checked_55; preserve every unrelated object and field.,"For step55: note -> checked_55; peer_step_55_a and peer_step_55_b, unchanged.",step55,note,checked_55,"[""peer_step_55_a"", ""peer_step_55_b""]",1,"The paraphrase explicitly states the target update and specifies that peer_step_55_a and peer_step_55_b should remain unchanged, which aligns with the base instruction's requirement to preserve every unrelated object and field.",1,"{
  ""target_object"": ""step55"",
  ""target_field"": ""note"",
  ""expected_state"": ""checked_55"",
  ""forbidden_effects"": [""peer_step_55_a"", ""peer_step_55_b""],
  ""paraphrase_preserves_meaning"": true,
  ""notes"": ""The paraphrase explicitly states the target update and specifies that peer_step_55_a and peer_step_55_b should remain unchanged, which aligns with the base instruction's requirement to preserve every unrelated object and field.""
}",db37171cd3fe,297,0,,8fee2bbedf05,ai-preannotation-json-v1,2026-07-11T17:00:38.046379+00:00,3461.624
pc_v4_56_p1,pc_v4_56,file,Model-B,deepseek-v4-pro,disabled,pronoun_coreference,Set reports/draft_56.txt's content to approved_56; preserve every unrelated object and field.,"Open reports/draft_56.txt. Change its content so that it reads approved_56, and leave everything else untouched.",reports/draft_56.txt,content,approved_56,[],1,"The paraphrase uses 'its' to refer to the file, preserving the coreference and meaning.",1,"{
  ""target_object"": ""reports/draft_56.txt"",
  ""target_field"": ""content"",
  ""expected_state"": ""approved_56"",
  ""forbidden_effects"": [],
  ""paraphrase_preserves_meaning"": true,
  ""notes"": ""The paraphrase uses 'its' to refer to the file, preserving the coreference and meaning.""
}",c930be4c2bfb,265,0,,43f9fd2c3215,ai-preannotation-json-v1,2026-07-11T17:00:38.585116+00:00,3060.936
pc_v4_56_p2,pc_v4_56,file,Model-B,deepseek-v4-pro,disabled,conditional_negative_constraint,Set reports/draft_56.txt's content to approved_56; preserve every unrelated object and field.,"If reports/draft_56.txt is present, set content to approved_56. Do not alter any other object or field.",reports/draft_56.txt,content,approved_56,"[""alter any other object or field""]",1,"The paraphrase adds a conditional 'If reports/draft_56.txt is present', which was implicit in the original. The core instruction to set content to approved_56 and preserve everything else is maintained.",1,"{
  ""target_object"": ""reports/draft_56.txt"",
  ""target_field"": ""content"",
  ""expected_state"": ""approved_56"",
  ""forbidden_effects"": [""alter any other object or field""],
  ""paraphrase_preserves_meaning"": true,
  ""notes"": ""The paraphrase adds a conditional 'If reports/draft_56.txt is present', which was implicit in the original. The core instruction to set content to approved_56 and preserve everything else is maintained.""
}",a7710d86eaec,294,0,,f9015c37fe77,ai-preannotation-json-v1,2026-07-11T17:00:38.746082+00:00,3399.089
pc_v4_56_p3,pc_v4_56,file,Model-B,deepseek-v4-pro,disabled,ellipsis_multi_object_preservation,Set reports/draft_56.txt's content to approved_56; preserve every unrelated object and field.,"For reports/draft_56.txt: content -> approved_56; reports/reference_56.txt and reports/archive_56.txt, unchanged.",reports/draft_56.txt,content,approved_56,"[""reports/reference_56.txt"", ""reports/archive_56.txt""]",1,"The paraphrase explicitly lists the objects to preserve, matching the base instruction's requirement to preserve every unrelated object and field.",1,"{
  ""target_object"": ""reports/draft_56.txt"",
  ""target_field"": ""content"",
  ""expected_state"": ""approved_56"",
  ""forbidden_effects"": [""reports/reference_56.txt"", ""reports/archive_56.txt""],
  ""paraphrase_preserves_meaning"": true,
  ""notes"": ""The paraphrase explicitly lists the objects to preserve, matching the base instruction's requirement to preserve every unrelated object and field.""
}",50b46e9c50ea,295,0,,5e47fa589e49,ai-preannotation-json-v1,2026-07-11T17:00:40.246154+00:00,3079.706
pc_v4_57_p1,pc_v4_57,web_form,Model-B,deepseek-v4-pro,disabled,pronoun_coreference,Set r57's name to Alice_57; preserve every unrelated object and field.,"Open r57. Change its name so that it reads Alice_57, and leave everything else untouched.",r57,name,Alice_57,[],1,"The paraphrase instructs to open r57, change its name to Alice_57, and leave everything else untouched, which matches the base instruction to set r57's name to Alice_57 and preserve every unrelated object and field.",1,"{
  ""target_object"": ""r57"",
  ""target_field"": ""name"",
  ""expected_state"": ""Alice_57"",
  ""forbidden_effects"": [],
  ""paraphrase_preserves_meaning"": true,
  ""notes"": ""The paraphrase instructs to open r57, change its name to Alice_57, and leave everything else untouched, which matches the base instruction to set r57's name to Alice_57 and preserve every unrelated object and field.""
}",fd491a159e2d,280,0,,f1aeef5e2ebc,ai-preannotation-json-v1,2026-07-11T17:00:41.508303+00:00,2987.311
pc_v4_57_p2,pc_v4_57,web_form,Model-B,deepseek-v4-pro,disabled,conditional_negative_constraint,Set r57's name to Alice_57; preserve every unrelated object and field.,"If r57 is present, set name to Alice_57. Do not alter any other object or field.",r57,name,Alice_57,"[""alter any other object or field""]",1,"The paraphrase adds a conditional 'If r57 is present', which slightly changes the instruction by making the action conditional on existence, but the core intent of setting the name and preserving everything else is maintained.",1,"{
  ""target_object"": ""r57"",
  ""target_field"": ""name"",
  ""expected_state"": ""Alice_57"",
  ""forbidden_effects"": [""alter any other object or field""],
  ""paraphrase_preserves_meaning"": true,
  ""notes"": ""The paraphrase adds a conditional 'If r57 is present', which slightly changes the instruction by making the action conditional on existence, but the core intent of setting the name and preserving everything else is maintained.""
}",57c714b8138a,282,0,,baac3ad2537d,ai-preannotation-json-v1,2026-07-11T17:00:41.646342+00:00,3228.526
pc_v4_57_p3,pc_v4_57,web_form,Model-B,deepseek-v4-pro,disabled,ellipsis_multi_object_preservation,Set r57's name to Alice_57; preserve every unrelated object and field.,"For r57: name -> Alice_57; peer_record_57_a and peer_record_57_b, unchanged.",r57,name,Alice_57,"[""peer_record_57_a"", ""peer_record_57_b""]",1,"The paraphrase explicitly sets r57's name to Alice_57 and states that peer_record_57_a and peer_record_57_b remain unchanged, matching the base instruction's requirement to preserve every unrelated object and field.",1,"{
  ""target_object"": ""r57"",
  ""target_field"": ""name"",
  ""expected_state"": ""Alice_57"",
  ""forbidden_effects"": [""peer_record_57_a"", ""peer_record_57_b""],
  ""paraphrase_preserves_meaning"": true,
  ""notes"": ""The paraphrase explicitly sets r57's name to Alice_57 and states that peer_record_57_a and peer_record_57_b remain unchanged, matching the base instruction's requirement to preserve every unrelated object and field.""
}",f7ffa20893c0,297,0,,ecc204d64f9e,ai-preannotation-json-v1,2026-07-11T17:00:42.145362+00:00,3314.785
pc_v4_58_p1,pc_v4_58,table,Model-B,deepseek-v4-pro,disabled,pronoun_coreference,Set row58's score to 88; preserve every unrelated object and field.,"Open row58. Change its score so that it reads 88, and leave everything else untouched.",row58,score,88,[],1,"The paraphrase uses 'its' to refer to row58, maintaining coreference. It specifies changing the score to 88 and leaving everything else untouched, matching the base instruction.",1,"{
  ""target_object"": ""row58"",
  ""target_field"": ""score"",
  ""expected_state"": ""88"",
  ""forbidden_effects"": [],
  ""paraphrase_preserves_meaning"": true,
  ""notes"": ""The paraphrase uses 'its' to refer to row58, maintaining coreference. It specifies changing the score to 88 and leaving everything else untouched, matching the base instruction.""
}",5eb902954435,264,0,,df007b7478fb,ai-preannotation-json-v1,2026-07-11T17:00:43.326067+00:00,3032.119
pc_v4_58_p2,pc_v4_58,table,Model-B,deepseek-v4-pro,disabled,conditional_negative_constraint,Set row58's score to 88; preserve every unrelated object and field.,"If row58 is present, set score to 88. Do not alter any other object or field.",row58,score,88,"[""alter any other object or field""]",1,"The paraphrase adds a conditional 'If row58 is present', but the base instruction implies row58 exists. The core action and constraint are preserved.",1,"{
  ""target_object"": ""row58"",
  ""target_field"": ""score"",
  ""expected_state"": ""88"",
  ""forbidden_effects"": [""alter any other object or field""],
  ""paraphrase_preserves_meaning"": true,
  ""notes"": ""The paraphrase adds a conditional 'If row58 is present', but the base instruction implies row58 exists. The core action and constraint are preserved.""
}",4473e6a86666,266,0,,a457254779c1,ai-preannotation-json-v1,2026-07-11T17:00:44.495736+00:00,3246.722
pc_v4_58_p3,pc_v4_58,table,Model-B,deepseek-v4-pro,disabled,ellipsis_multi_object_preservation,Set row58's score to 88; preserve every unrelated object and field.,"For row58: score -> 88; peer_row_58_a and peer_row_58_b, unchanged.",row58,score,88,"[""peer_row_58_a"", ""peer_row_58_b""]",1,"The paraphrase explicitly sets row58's score to 88 and states that peer_row_58_a and peer_row_58_b should remain unchanged, matching the base instruction's requirement to preserve every unrelated object and field.",1,"{
  ""target_object"": ""row58"",
  ""target_field"": ""score"",
  ""expected_state"": ""88"",
  ""forbidden_effects"": [""peer_row_58_a"", ""peer_row_58_b""],
  ""paraphrase_preserves_meaning"": true,
  ""notes"": ""The paraphrase explicitly sets row58's score to 88 and states that peer_row_58_a and peer_row_58_b should remain unchanged, matching the base instruction's requirement to preserve every unrelated object and field.""
}",4a74c56b3934,292,0,,f7efd2f9b42b,ai-preannotation-json-v1,2026-07-11T17:00:44.874999+00:00,2979.329
pc_v4_59_p1,pc_v4_59,workflow_micro,Model-B,deepseek-v4-pro,disabled,pronoun_coreference,Set step59's note to checked_59; preserve every unrelated object and field.,"Open step59. Change its note so that it reads checked_59, and leave everything else untouched.",step59,note,checked_59,[],1,"The paraphrase explicitly instructs to open step59, change its note to checked_59, and leave everything else untouched, which matches the base instruction's intent to set step59's note to checked_59 while preserving all other objects and fields.",1,"{
  ""target_object"": ""step59"",
  ""target_field"": ""note"",
  ""expected_state"": ""checked_59"",
  ""forbidden_effects"": [],
  ""paraphrase_preserves_meaning"": true,
  ""notes"": ""The paraphrase explicitly instructs to open step59, change its note to checked_59, and leave everything else untouched, which matches the base instruction's intent to set step59's note to checked_59 while preserving all other objects and fields.""
}",6ada4390114e,285,0,,461c33611786,ai-preannotation-json-v1,2026-07-11T17:00:45.460370+00:00,3232.245
pc_v4_59_p2,pc_v4_59,workflow_micro,Model-B,deepseek-v4-pro,disabled,conditional_negative_constraint,Set step59's note to checked_59; preserve every unrelated object and field.,"If step59 is present, set note to checked_59. Do not alter any other object or field.",step59,note,checked_59,"[""alter any other object or field""]",1,"The paraphrase adds a conditional 'If step59 is present', but the base instruction implies step59 exists. The core action and constraint are preserved.",1,"{
  ""target_object"": ""step59"",
  ""target_field"": ""note"",
  ""expected_state"": ""checked_59"",
  ""forbidden_effects"": [""alter any other object or field""],
  ""paraphrase_preserves_meaning"": true,
  ""notes"": ""The paraphrase adds a conditional 'If step59 is present', but the base instruction implies step59 exists. The core action and constraint are preserved.""
}",2750ce571ad5,273,0,,643be1b7d995,ai-preannotation-json-v1,2026-07-11T17:00:46.358475+00:00,2890.418
pc_v4_59_p3,pc_v4_59,workflow_micro,Model-B,deepseek-v4-pro,disabled,ellipsis_multi_object_preservation,Set step59's note to checked_59; preserve every unrelated object and field.,"For step59: note -> checked_59; peer_step_59_a and peer_step_59_b, unchanged.",step59,note,checked_59,"[""peer_step_59_a"", ""peer_step_59_b""]",1,"The paraphrase explicitly states the target object and field, and specifies that peer_step_59_a and peer_step_59_b should remain unchanged, which aligns with the base instruction's requirement to preserve every unrelated object and field.",1,"{
  ""target_object"": ""step59"",
  ""target_field"": ""note"",
  ""expected_state"": ""checked_59"",
  ""forbidden_effects"": [""peer_step_59_a"", ""peer_step_59_b""],
  ""paraphrase_preserves_meaning"": true,
  ""notes"": ""The paraphrase explicitly states the target object and field, and specifies that peer_step_59_a and peer_step_59_b should remain unchanged, which aligns with the base instruction's requirement to preserve every unrelated object and field.""
}",be4b4d7f3200,300,0,,78e2cf25e9b9,ai-preannotation-json-v1,2026-07-11T17:00:47.742683+00:00,3351.875
pc_v4_60_p1,pc_v4_60,file,Model-B,deepseek-v4-pro,disabled,pronoun_coreference,Set reports/draft_60.txt's content to approved_60; preserve every unrelated object and field.,"Open reports/draft_60.txt. Change its content so that it reads approved_60, and leave everything else untouched.",reports/draft_60.txt,content,approved_60,[],1,"The paraphrase uses 'Open' and 'Change its content so that it reads' to convey the same meaning as 'Set content to', with 'its' referring to the file. It also explicitly states to leave everything else untouched, matching the original instruction.",1,"{
  ""target_object"": ""reports/draft_60.txt"",
  ""target_field"": ""content"",
  ""expected_state"": ""approved_60"",
  ""forbidden_effects"": [],
  ""paraphrase_preserves_meaning"": true,
  ""notes"": ""The paraphrase uses 'Open' and 'Change its content so that it reads' to convey the same meaning as 'Set content to', with 'its' referring to the file. It also explicitly states to leave everything else untouched, matching the original instruction.""
}",37179fee074a,297,0,,1b9b0bb1aec5,ai-preannotation-json-v1,2026-07-11T17:00:47.854542+00:00,3285.618
pc_v4_60_p2,pc_v4_60,file,Model-B,deepseek-v4-pro,disabled,conditional_negative_constraint,Set reports/draft_60.txt's content to approved_60; preserve every unrelated object and field.,"If reports/draft_60.txt is present, set content to approved_60. Do not alter any other object or field.",reports/draft_60.txt,content,approved_60,"[""alter any other object or field""]",1,"The paraphrase captures the conditional nature of the original instruction and explicitly forbids altering other objects or fields, preserving the meaning.",1,"{
  ""target_object"": ""reports/draft_60.txt"",
  ""target_field"": ""content"",
  ""expected_state"": ""approved_60"",
  ""forbidden_effects"": [""alter any other object or field""],
  ""paraphrase_preserves_meaning"": true,
  ""notes"": ""The paraphrase captures the conditional nature of the original instruction and explicitly forbids altering other objects or fields, preserving the meaning.""
}",391afaac0171,278,0,,c4e20cf9945d,ai-preannotation-json-v1,2026-07-11T17:00:48.692850+00:00,3196.622
pc_v4_60_p3,pc_v4_60,file,Model-B,deepseek-v4-pro,disabled,ellipsis_multi_object_preservation,Set reports/draft_60.txt's content to approved_60; preserve every unrelated object and field.,"For reports/draft_60.txt: content -> approved_60; reports/reference_60.txt and reports/archive_60.txt, unchanged.",reports/draft_60.txt,content,approved_60,"[""reports/reference_60.txt"", ""reports/archive_60.txt""]",1,"The paraphrase explicitly lists the objects to preserve, matching the base instruction's requirement to preserve every unrelated object and field.",1,"{
  ""target_object"": ""reports/draft_60.txt"",
  ""target_field"": ""content"",
  ""expected_state"": ""approved_60"",
  ""forbidden_effects"": [""reports/reference_60.txt"", ""reports/archive_60.txt""],
  ""paraphrase_preserves_meaning"": true,
  ""notes"": ""The paraphrase explicitly lists the objects to preserve, matching the base instruction's requirement to preserve every unrelated object and field.""
}",3a7981c48461,295,0,,a17f7bba8a54,ai-preannotation-json-v1,2026-07-11T17:00:49.249080+00:00,3032.831
pc_v4_61_p1,pc_v4_61,web_form,Model-B,deepseek-v4-pro,disabled,pronoun_coreference,Set r61's status to approved; preserve every unrelated object and field.,"Open r61. Change its status so that it reads approved, and leave everything else untouched.",r61,status,approved,[],1,"The paraphrase uses 'Open r61' which implies selecting or viewing the record, but the core instruction to change status to approved and preserve everything else is maintained.",1,"{
  ""target_object"": ""r61"",
  ""target_field"": ""status"",
  ""expected_state"": ""approved"",
  ""forbidden_effects"": [],
  ""paraphrase_preserves_meaning"": true,
  ""notes"": ""The paraphrase uses 'Open r61' which implies selecting or viewing the record, but the core instruction to change status to approved and preserve everything else is maintained.""
}",dc938afa09f5,260,0,,374e16fe6a2f,ai-preannotation-json-v1,2026-07-11T17:00:51.094785+00:00,3286.893
pc_v4_61_p2,pc_v4_61,web_form,Model-B,deepseek-v4-pro,disabled,conditional_negative_constraint,Set r61's status to approved; preserve every unrelated object and field.,"If r61 is present, set status to approved. Do not alter any other object or field.",r61,status,approved,[],1,"The paraphrase adds a condition 'If r61 is present', which is not in the base instruction, but the base instruction implies r61 exists. The core action and preservation of unrelated objects/fields are maintained.",1,"{
  ""target_object"": ""r61"",
  ""target_field"": ""status"",
  ""expected_state"": ""approved"",
  ""forbidden_effects"": [],
  ""paraphrase_preserves_meaning"": true,
  ""notes"": ""The paraphrase adds a condition 'If r61 is present', which is not in the base instruction, but the base instruction implies r61 exists. The core action and preservation of unrelated objects/fields are maintained.""
}",ee799c1bba7e,271,0,,17998c5b70f6,ai-preannotation-json-v1,2026-07-11T17:00:51.140316+00:00,3341.386
pc_v4_61_p3,pc_v4_61,web_form,Model-B,deepseek-v4-pro,disabled,ellipsis_multi_object_preservation,Set r61's status to approved; preserve every unrelated object and field.,"For r61: status -> approved; peer_record_61_a and peer_record_61_b, unchanged.",r61,status,approved,"[""peer_record_61_a"", ""peer_record_61_b""]",1,"The paraphrase explicitly states to set r61's status to approved and keep peer_record_61_a and peer_record_61_b unchanged, matching the base instruction's requirement to preserve every unrelated object and field.",1,"{
  ""target_object"": ""r61"",
  ""target_field"": ""status"",
  ""expected_state"": ""approved"",
  ""forbidden_effects"": [""peer_record_61_a"", ""peer_record_61_b""],
  ""paraphrase_preserves_meaning"": true,
  ""notes"": ""The paraphrase explicitly states to set r61's status to approved and keep peer_record_61_a and peer_record_61_b unchanged, matching the base instruction's requirement to preserve every unrelated object and field.""
}",dba61fc5a811,289,0,,be4915a1bb61,ai-preannotation-json-v1,2026-07-11T17:00:51.889716+00:00,3238.848
pc_v4_62_p1,pc_v4_62,table,Model-B,deepseek-v4-pro,disabled,pronoun_coreference,Set row62's score to 82; preserve every unrelated object and field.,"Open row62. Change its score so that it reads 82, and leave everything else untouched.",row62,score,82,[],1,"The paraphrase uses 'its' to refer to row62, maintaining the coreference. It specifies changing the score to 82 and leaving everything else untouched, matching the base instruction.",1,"{
  ""target_object"": ""row62"",
  ""target_field"": ""score"",
  ""expected_state"": ""82"",
  ""forbidden_effects"": [],
  ""paraphrase_preserves_meaning"": true,
  ""notes"": ""The paraphrase uses 'its' to refer to row62, maintaining the coreference. It specifies changing the score to 82 and leaving everything else untouched, matching the base instruction.""
}",8e23c763d114,265,0,,afd650d50dbb,ai-preannotation-json-v1,2026-07-11T17:00:52.282140+00:00,3139.595
pc_v4_62_p2,pc_v4_62,table,Model-B,deepseek-v4-pro,disabled,conditional_negative_constraint,Set row62's score to 82; preserve every unrelated object and field.,"If row62 is present, set score to 82. Do not alter any other object or field.",row62,score,82,[],1,The paraphrase accurately captures the conditional update and the preservation of unrelated objects and fields.,1,"{
  ""target_object"": ""row62"",
  ""target_field"": ""score"",
  ""expected_state"": ""82"",
  ""forbidden_effects"": [],
  ""paraphrase_preserves_meaning"": true,
  ""notes"": ""The paraphrase accurately captures the conditional update and the preservation of unrelated objects and fields.""
}",dbd912b4eb61,246,0,,a25dc8941764,ai-preannotation-json-v1,2026-07-11T17:00:54.381874+00:00,2786.746
pc_v4_62_p3,pc_v4_62,table,Model-B,deepseek-v4-pro,disabled,ellipsis_multi_object_preservation,Set row62's score to 82; preserve every unrelated object and field.,"For row62: score -> 82; peer_row_62_a and peer_row_62_b, unchanged.",row62,score,82,"[""peer_row_62_a"", ""peer_row_62_b""]",1,"The paraphrase explicitly sets row62's score to 82 and states that peer_row_62_a and peer_row_62_b should remain unchanged, matching the base instruction's requirement to preserve every unrelated object and field.",1,"{
  ""target_object"": ""row62"",
  ""target_field"": ""score"",
  ""expected_state"": ""82"",
  ""forbidden_effects"": [""peer_row_62_a"", ""peer_row_62_b""],
  ""paraphrase_preserves_meaning"": true,
  ""notes"": ""The paraphrase explicitly sets row62's score to 82 and states that peer_row_62_a and peer_row_62_b should remain unchanged, matching the base instruction's requirement to preserve every unrelated object and field.""
}",f7ae7cdf5d4c,292,0,,ca2d3c7e32a1,ai-preannotation-json-v1,2026-07-11T17:00:54.481888+00:00,3275.923
pc_v4_63_p1,pc_v4_63,workflow_micro,Model-B,deepseek-v4-pro,disabled,pronoun_coreference,Set step63's note to checked_63; preserve every unrelated object and field.,"Open step63. Change its note so that it reads checked_63, and leave everything else untouched.",step63,note,checked_63,[],1,"The paraphrase accurately captures the base instruction: it specifies the object (step63), the field to change (note), the new value (checked_63), and the requirement to preserve everything else.",1,"{
  ""target_object"": ""step63"",
  ""target_field"": ""note"",
  ""expected_state"": ""checked_63"",
  ""forbidden_effects"": [],
  ""paraphrase_preserves_meaning"": true,
  ""notes"": ""The paraphrase accurately captures the base instruction: it specifies the object (step63), the field to change (note), the new value (checked_63), and the requirement to preserve everything else.""
}",ddc8809ba9cc,275,0,,d72c8d3f342c,ai-preannotation-json-v1,2026-07-11T17:00:55.128768+00:00,3088.542
pc_v4_63_p2,pc_v4_63,workflow_micro,Model-B,deepseek-v4-pro,disabled,conditional_negative_constraint,Set step63's note to checked_63; preserve every unrelated object and field.,"If step63 is present, set note to checked_63. Do not alter any other object or field.",step63,note,checked_63,[],1,The paraphrase captures the conditional nature and the prohibition on altering other objects/fields.,1,"{
  ""target_object"": ""step63"",
  ""target_field"": ""note"",
  ""expected_state"": ""checked_63"",
  ""forbidden_effects"": [],
  ""paraphrase_preserves_meaning"": true,
  ""notes"": ""The paraphrase captures the conditional nature and the prohibition on altering other objects/fields.""
}",668ab741bd1f,253,0,,88e308863b24,ai-preannotation-json-v1,2026-07-11T17:00:55.422036+00:00,2656.188
pc_v4_63_p3,pc_v4_63,workflow_micro,Model-B,deepseek-v4-pro,disabled,ellipsis_multi_object_preservation,Set step63's note to checked_63; preserve every unrelated object and field.,"For step63: note -> checked_63; peer_step_63_a and peer_step_63_b, unchanged.",step63,note,checked_63,"[""peer_step_63_a"", ""peer_step_63_b""]",1,"The paraphrase explicitly states the target object and field, the expected value, and that peer_step_63_a and peer_step_63_b should remain unchanged, which aligns with the base instruction's requirement to preserve every unrelated object and field.",1,"{
  ""target_object"": ""step63"",
  ""target_field"": ""note"",
  ""expected_state"": ""checked_63"",
  ""forbidden_effects"": [""peer_step_63_a"", ""peer_step_63_b""],
  ""paraphrase_preserves_meaning"": true,
  ""notes"": ""The paraphrase explicitly states the target object and field, the expected value, and that peer_step_63_a and peer_step_63_b should remain unchanged, which aligns with the base instruction's requirement to preserve every unrelated object and field.""
}",de15431d049d,303,0,,0ff94f13182d,ai-preannotation-json-v1,2026-07-11T17:00:57.168832+00:00,3143.300
pc_v4_64_p1,pc_v4_64,file,Model-B,deepseek-v4-pro,disabled,pronoun_coreference,Set reports/draft_64.txt's content to approved_64; preserve every unrelated object and field.,"Open reports/draft_64.txt. Change its content so that it reads approved_64, and leave everything else untouched.",reports/draft_64.txt,content,approved_64,[],1,"The paraphrase uses 'its' to refer to 'reports/draft_64.txt', which is a pronoun coreference. The meaning is preserved as both instructions aim to set the content of the specified file to 'approved_64' without affecting other objects or fields.",1,"{
  ""target_object"": ""reports/draft_64.txt"",
  ""target_field"": ""content"",
  ""expected_state"": ""approved_64"",
  ""forbidden_effects"": [],
  ""paraphrase_preserves_meaning"": true,
  ""notes"": ""The paraphrase uses 'its' to refer to 'reports/draft_64.txt', which is a pronoun coreference. The meaning is preserved as both instructions aim to set the content of the specified file to 'approved_64' without affecting other objects or fields.""
}",a55bf362fbb3,300,0,,73e7bb2215b7,ai-preannotation-json-v1,2026-07-11T17:00:57.758149+00:00,3410.526
pc_v4_64_p2,pc_v4_64,file,Model-B,deepseek-v4-pro,disabled,conditional_negative_constraint,Set reports/draft_64.txt's content to approved_64; preserve every unrelated object and field.,"If reports/draft_64.txt is present, set content to approved_64. Do not alter any other object or field.",reports/draft_64.txt,content,approved_64,"[""alter any other object or field""]",1,"The paraphrase adds a conditional 'If reports/draft_64.txt is present', which slightly changes the meaning by implying the action is conditional on existence, whereas the base instruction assumes the object exists. However, the core intent—setting content to approved_64 and preserving everything else—is maintained.",1,"{
  ""target_object"": ""reports/draft_64.txt"",
  ""target_field"": ""content"",
  ""expected_state"": ""approved_64"",
  ""forbidden_effects"": [""alter any other object or field""],
  ""paraphrase_preserves_meaning"": true,
  ""notes"": ""The paraphrase adds a conditional 'If reports/draft_64.txt is present', which slightly changes the meaning by implying the action is conditional on existence, whereas the base instruction assumes the object exists. However, the core intent—setting content to approved_64 and preserving everything else—is maintained.""
}",9c070940b161,313,0,,c64a219b5dcd,ai-preannotation-json-v1,2026-07-11T17:00:58.078425+00:00,3432.237
pc_v4_64_p3,pc_v4_64,file,Model-B,deepseek-v4-pro,disabled,ellipsis_multi_object_preservation,Set reports/draft_64.txt's content to approved_64; preserve every unrelated object and field.,"For reports/draft_64.txt: content -> approved_64; reports/reference_64.txt and reports/archive_64.txt, unchanged.",reports/draft_64.txt,content,approved_64,"[""reports/reference_64.txt"", ""reports/archive_64.txt""]",1,"The paraphrase explicitly lists the objects to preserve, matching the base instruction's requirement to preserve every unrelated object and field.",1,"{
  ""target_object"": ""reports/draft_64.txt"",
  ""target_field"": ""content"",
  ""expected_state"": ""approved_64"",
  ""forbidden_effects"": [""reports/reference_64.txt"", ""reports/archive_64.txt""],
  ""paraphrase_preserves_meaning"": true,
  ""notes"": ""The paraphrase explicitly lists the objects to preserve, matching the base instruction's requirement to preserve every unrelated object and field.""
}",ea93bb396a07,295,0,,36704902c7e2,ai-preannotation-json-v1,2026-07-11T17:00:58.217559+00:00,3143.570
pc_v4_65_p1,pc_v4_65,web_form,Model-B,deepseek-v4-pro,disabled,pronoun_coreference,Set r65's status to approved; preserve every unrelated object and field.,"Open r65. Change its status so that it reads approved, and leave everything else untouched.",r65,status,approved,[],1,"The paraphrase uses 'Open r65' which might imply an extra action, but the core instruction to change status to approved and leave everything else untouched is preserved.",1,"{
  ""target_object"": ""r65"",
  ""target_field"": ""status"",
  ""expected_state"": ""approved"",
  ""forbidden_effects"": [],
  ""paraphrase_preserves_meaning"": true,
  ""notes"": ""The paraphrase uses 'Open r65' which might imply an extra action, but the core instruction to change status to approved and leave everything else untouched is preserved.""
}",b6dd7c40ad42,260,0,,6cf5f41b5a92,ai-preannotation-json-v1,2026-07-11T17:01:00.312288+00:00,2967.980
pc_v4_65_p2,pc_v4_65,web_form,Model-B,deepseek-v4-pro,disabled,conditional_negative_constraint,Set r65's status to approved; preserve every unrelated object and field.,"If r65 is present, set status to approved. Do not alter any other object or field.",r65,status,approved,"[""alter any other object or field""]",1,"The paraphrase adds a conditional 'if r65 is present', but the base instruction implies r65 exists. The core action and constraint are preserved.",1,"{
  ""target_object"": ""r65"",
  ""target_field"": ""status"",
  ""expected_state"": ""approved"",
  ""forbidden_effects"": [""alter any other object or field""],
  ""paraphrase_preserves_meaning"": true,
  ""notes"": ""The paraphrase adds a conditional 'if r65 is present', but the base instruction implies r65 exists. The core action and constraint are preserved.""
}",326ad18f67f4,265,0,,4dc0c2090e60,ai-preannotation-json-v1,2026-07-11T17:01:01.168936+00:00,3120.711
pc_v4_65_p3,pc_v4_65,web_form,Model-B,deepseek-v4-pro,disabled,ellipsis_multi_object_preservation,Set r65's status to approved; preserve every unrelated object and field.,"For r65: status -> approved; peer_record_65_a and peer_record_65_b, unchanged.",r65,status,approved,"[""peer_record_65_a"", ""peer_record_65_b""]",1,"The paraphrase explicitly mentions setting r65's status to approved and preserving peer_record_65_a and peer_record_65_b, matching the base instruction's intent to preserve every unrelated object and field.",1,"{
  ""target_object"": ""r65"",
  ""target_field"": ""status"",
  ""expected_state"": ""approved"",
  ""forbidden_effects"": [""peer_record_65_a"", ""peer_record_65_b""],
  ""paraphrase_preserves_meaning"": true,
  ""notes"": ""The paraphrase explicitly mentions setting r65's status to approved and preserving peer_record_65_a and peer_record_65_b, matching the base instruction's intent to preserve every unrelated object and field.""
}",ee8fef3c191a,287,0,,c458338bd732,ai-preannotation-json-v1,2026-07-11T17:01:01.361374+00:00,3203.682
pc_v4_66_p1,pc_v4_66,table,Model-B,deepseek-v4-pro,disabled,pronoun_coreference,Set row66's score to 86; preserve every unrelated object and field.,"Open row66. Change its score so that it reads 86, and leave everything else untouched.",row66,score,86,[],1,The paraphrase maintains the core instruction: set row66's score to 86 and preserve all other objects and fields. 'Open row66' is an additional step but does not alter the intended outcome.,1,"{
  ""target_object"": ""row66"",
  ""target_field"": ""score"",
  ""expected_state"": ""86"",
  ""forbidden_effects"": [],
  ""paraphrase_preserves_meaning"": true,
  ""notes"": ""The paraphrase maintains the core instruction: set row66's score to 86 and preserve all other objects and fields. 'Open row66' is an additional step but does not alter the intended outcome.""
}",40881dca30ee,269,0,,819670f8dd19,ai-preannotation-json-v1,2026-07-11T17:01:01.510897+00:00,3487.340
pc_v4_66_p2,pc_v4_66,table,Model-B,deepseek-v4-pro,disabled,conditional_negative_constraint,Set row66's score to 86; preserve every unrelated object and field.,"If row66 is present, set score to 86. Do not alter any other object or field.",row66,score,86,"[""alter any other object or field""]",1,"The paraphrase adds a conditional 'If row66 is present', but the core instruction to set row66's score to 86 and preserve everything else remains the same.",1,"{
  ""target_object"": ""row66"",
  ""target_field"": ""score"",
  ""expected_state"": ""86"",
  ""forbidden_effects"": [""alter any other object or field""],
  ""paraphrase_preserves_meaning"": true,
  ""notes"": ""The paraphrase adds a conditional 'If row66 is present', but the core instruction to set row66's score to 86 and preserve everything else remains the same.""
}",439a0b24f6d6,270,0,,a812f14f67a6,ai-preannotation-json-v1,2026-07-11T17:01:03.280547+00:00,4769.053
pc_v4_66_p3,pc_v4_66,table,Model-B,deepseek-v4-pro,disabled,ellipsis_multi_object_preservation,Set row66's score to 86; preserve every unrelated object and field.,"For row66: score -> 86; peer_row_66_a and peer_row_66_b, unchanged.",row66,score,86,"[""peer_row_66_a"", ""peer_row_66_b""]",1,"The paraphrase specifies the target object and field, sets the score to 86, and explicitly states that peer_row_66_a and peer_row_66_b should remain unchanged, matching the base instruction's requirement to preserve every unrelated object and field.",1,"{
  ""target_object"": ""row66"",
  ""target_field"": ""score"",
  ""expected_state"": ""86"",
  ""forbidden_effects"": [""peer_row_66_a"", ""peer_row_66_b""],
  ""paraphrase_preserves_meaning"": true,
  ""notes"": ""The paraphrase specifies the target object and field, sets the score to 86, and explicitly states that peer_row_66_a and peer_row_66_b should remain unchanged, matching the base instruction's requirement to preserve every unrelated object and field.""
}",8b0edc1aa013,298,0,,3f630085488a,ai-preannotation-json-v1,2026-07-11T17:01:04.289886+00:00,4410.804
pc_v4_67_p1,pc_v4_67,workflow_micro,Model-B,deepseek-v4-pro,disabled,pronoun_coreference,Set step67's note to checked_67; preserve every unrelated object and field.,"Open step67. Change its note so that it reads checked_67, and leave everything else untouched.",step67,note,checked_67,[],1,"The paraphrase explicitly identifies step67 as the target, specifies changing its note to 'checked_67', and instructs to leave everything else untouched, which matches the base instruction.",1,"{
  ""target_object"": ""step67"",
  ""target_field"": ""note"",
  ""expected_state"": ""checked_67"",
  ""forbidden_effects"": [],
  ""paraphrase_preserves_meaning"": true,
  ""notes"": ""The paraphrase explicitly identifies step67 as the target, specifies changing its note to 'checked_67', and instructs to leave everything else untouched, which matches the base instruction.""
}",4331a8709468,271,0,,775085e9f3b8,ai-preannotation-json-v1,2026-07-11T17:01:04.565285+00:00,4061.161
pc_v4_67_p2,pc_v4_67,workflow_micro,Model-B,deepseek-v4-pro,disabled,conditional_negative_constraint,Set step67's note to checked_67; preserve every unrelated object and field.,"If step67 is present, set note to checked_67. Do not alter any other object or field.",step67,note,checked_67,"[""alter any other object or field""]",1,"The paraphrase captures the conditional nature and the negative constraint, preserving the original meaning.",1,"{
  ""target_object"": ""step67"",
  ""target_field"": ""note"",
  ""expected_state"": ""checked_67"",
  ""forbidden_effects"": [""alter any other object or field""],
  ""paraphrase_preserves_meaning"": true,
  ""notes"": ""The paraphrase captures the conditional nature and the negative constraint, preserving the original meaning.""
}",0f8871d5ad1d,260,0,,89e43841d3ef,ai-preannotation-json-v1,2026-07-11T17:01:04.998472+00:00,3962.810
pc_v4_67_p3,pc_v4_67,workflow_micro,Model-B,deepseek-v4-pro,disabled,ellipsis_multi_object_preservation,Set step67's note to checked_67; preserve every unrelated object and field.,"For step67: note -> checked_67; peer_step_67_a and peer_step_67_b, unchanged.",step67,note,checked_67,"[""peer_step_67_a"", ""peer_step_67_b""]",1,"The paraphrase explicitly mentions the target object and field, the expected state, and the objects to preserve, matching the base instruction.",1,"{
  ""target_object"": ""step67"",
  ""target_field"": ""note"",
  ""expected_state"": ""checked_67"",
  ""forbidden_effects"": [""peer_step_67_a"", ""peer_step_67_b""],
  ""paraphrase_preserves_meaning"": true,
  ""notes"": ""The paraphrase explicitly mentions the target object and field, the expected state, and the objects to preserve, matching the base instruction.""
}",0886dd2d2061,281,0,,d48bd91e7048,ai-preannotation-json-v1,2026-07-11T17:01:08.049852+00:00,3180.377
pc_v4_68_p1,pc_v4_68,file,Model-B,deepseek-v4-pro,disabled,pronoun_coreference,Set reports/draft_68.txt's content to approved_68; preserve every unrelated object and field.,"Open reports/draft_68.txt. Change its content so that it reads approved_68, and leave everything else untouched.",reports/draft_68.txt,content,approved_68,[],1,"The paraphrase uses 'its' to refer to the file, preserving the coreference. It instructs to change the content to 'approved_68' and leave everything else untouched, matching the base instruction.",1,"{
  ""target_object"": ""reports/draft_68.txt"",
  ""target_field"": ""content"",
  ""expected_state"": ""approved_68"",
  ""forbidden_effects"": [],
  ""paraphrase_preserves_meaning"": true,
  ""notes"": ""The paraphrase uses 'its' to refer to the file, preserving the coreference. It instructs to change the content to 'approved_68' and leave everything else untouched, matching the base instruction.""
}",337ee1b31cd6,287,0,,1c35ec2b3640,ai-preannotation-json-v1,2026-07-11T17:01:08.626678+00:00,3463.224
pc_v4_68_p2,pc_v4_68,file,Model-B,deepseek-v4-pro,disabled,conditional_negative_constraint,Set reports/draft_68.txt's content to approved_68; preserve every unrelated object and field.,"If reports/draft_68.txt is present, set content to approved_68. Do not alter any other object or field.",reports/draft_68.txt,content,approved_68,"[""alter any other object or field""]",1,"The paraphrase captures the conditional nature and the negative constraint, preserving the original meaning.",1,"{
  ""target_object"": ""reports/draft_68.txt"",
  ""target_field"": ""content"",
  ""expected_state"": ""approved_68"",
  ""forbidden_effects"": [""alter any other object or field""],
  ""paraphrase_preserves_meaning"": true,
  ""notes"": ""The paraphrase captures the conditional nature and the negative constraint, preserving the original meaning.""
}",7a7e7f9ec8d3,270,0,,f0d0b3bc07eb,ai-preannotation-json-v1,2026-07-11T17:01:08.701000+00:00,2716.035
pc_v4_68_p3,pc_v4_68,file,Model-B,deepseek-v4-pro,disabled,ellipsis_multi_object_preservation,Set reports/draft_68.txt's content to approved_68; preserve every unrelated object and field.,"For reports/draft_68.txt: content -> approved_68; reports/reference_68.txt and reports/archive_68.txt, unchanged.",reports/draft_68.txt,content,approved_68,"[""reports/reference_68.txt"", ""reports/archive_68.txt""]",1,"The paraphrase explicitly lists the target object and field, and specifies that reports/reference_68.txt and reports/archive_68.txt should remain unchanged, preserving the original instruction's intent.",1,"{
  ""target_object"": ""reports/draft_68.txt"",
  ""target_field"": ""content"",
  ""expected_state"": ""approved_68"",
  ""forbidden_effects"": [""reports/reference_68.txt"", ""reports/archive_68.txt""],
  ""paraphrase_preserves_meaning"": true,
  ""notes"": ""The paraphrase explicitly lists the target object and field, and specifies that reports/reference_68.txt and reports/archive_68.txt should remain unchanged, preserving the original instruction's intent.""
}",7f4d11f8a78b,309,0,,57c2ecb8df5b,ai-preannotation-json-v1,2026-07-11T17:01:08.961505+00:00,3167.191
pc_v4_69_p1,pc_v4_69,web_form,Model-B,deepseek-v4-pro,disabled,pronoun_coreference,Set r69's name to Alice_69; preserve every unrelated object and field.,"Open r69. Change its name so that it reads Alice_69, and leave everything else untouched.",r69,name,Alice_69,[],1,The paraphrase captures the same instruction: set the name of r69 to Alice_69 and preserve all other objects and fields.,1,"{
  ""target_object"": ""r69"",
  ""target_field"": ""name"",
  ""expected_state"": ""Alice_69"",
  ""forbidden_effects"": [],
  ""paraphrase_preserves_meaning"": true,
  ""notes"": ""The paraphrase captures the same instruction: set the name of r69 to Alice_69 and preserve all other objects and fields.""
}",a406ac4f15b2,259,0,,ba69bca1d448,ai-preannotation-json-v1,2026-07-11T17:01:11.230424+00:00,3166.338
pc_v4_69_p2,pc_v4_69,web_form,Model-B,deepseek-v4-pro,disabled,conditional_negative_constraint,Set r69's name to Alice_69; preserve every unrelated object and field.,"If r69 is present, set name to Alice_69. Do not alter any other object or field.",r69,name,Alice_69,"[""alter any other object or field""]",1,"The paraphrase adds a conditional 'If r69 is present', but the base instruction implies r69 exists. The core action and constraint are preserved.",1,"{
  ""target_object"": ""r69"",
  ""target_field"": ""name"",
  ""expected_state"": ""Alice_69"",
  ""forbidden_effects"": [""alter any other object or field""],
  ""paraphrase_preserves_meaning"": true,
  ""notes"": ""The paraphrase adds a conditional 'If r69 is present', but the base instruction implies r69 exists. The core action and constraint are preserved.""
}",d663221dc291,271,0,,0849df974793,ai-preannotation-json-v1,2026-07-11T17:01:11.417254+00:00,2944.243
pc_v4_69_p3,pc_v4_69,web_form,Model-B,deepseek-v4-pro,disabled,ellipsis_multi_object_preservation,Set r69's name to Alice_69; preserve every unrelated object and field.,"For r69: name -> Alice_69; peer_record_69_a and peer_record_69_b, unchanged.",r69,name,Alice_69,"[""peer_record_69_a"", ""peer_record_69_b""]",1,"The paraphrase explicitly instructs to set r69's name to Alice_69 and keep peer_record_69_a and peer_record_69_b unchanged, matching the base instruction's requirement to preserve every unrelated object and field.",1,"{
  ""target_object"": ""r69"",
  ""target_field"": ""name"",
  ""expected_state"": ""Alice_69"",
  ""forbidden_effects"": [""peer_record_69_a"", ""peer_record_69_b""],
  ""paraphrase_preserves_meaning"": true,
  ""notes"": ""The paraphrase explicitly instructs to set r69's name to Alice_69 and keep peer_record_69_a and peer_record_69_b unchanged, matching the base instruction's requirement to preserve every unrelated object and field.""
}",0ba11daeeaf7,298,0,,620274e07cfb,ai-preannotation-json-v1,2026-07-11T17:01:12.090207+00:00,3215.456
pc_v4_70_p1,pc_v4_70,table,Model-B,deepseek-v4-pro,disabled,pronoun_coreference,Set row70's score to 80; preserve every unrelated object and field.,"Open row70. Change its score so that it reads 80, and leave everything else untouched.",row70,score,80,[],1,The paraphrase maintains the core instruction: set row70's score to 80 and preserve all other objects and fields. The phrase 'leave everything else untouched' directly corresponds to 'preserve every unrelated object and field'.,1,"{
  ""target_object"": ""row70"",
  ""target_field"": ""score"",
  ""expected_state"": ""80"",
  ""forbidden_effects"": [],
  ""paraphrase_preserves_meaning"": true,
  ""notes"": ""The paraphrase maintains the core instruction: set row70's score to 80 and preserve all other objects and fields. The phrase 'leave everything else untouched' directly corresponds to 'preserve every unrelated object and field'.""
}",8e26f447445c,273,0,,c513a2b2ea16,ai-preannotation-json-v1,2026-07-11T17:01:12.128885+00:00,3121.165
pc_v4_70_p2,pc_v4_70,table,Model-B,deepseek-v4-pro,disabled,conditional_negative_constraint,Set row70's score to 80; preserve every unrelated object and field.,"If row70 is present, set score to 80. Do not alter any other object or field.",row70,score,80,"[""alter any other object or field""]",1,"The paraphrase adds an explicit conditional, but the core instruction to set row70's score to 80 and preserve everything else remains the same.",1,"{
  ""target_object"": ""row70"",
  ""target_field"": ""score"",
  ""expected_state"": ""80"",
  ""forbidden_effects"": [""alter any other object or field""],
  ""paraphrase_preserves_meaning"": true,
  ""notes"": ""The paraphrase adds an explicit conditional, but the core instruction to set row70's score to 80 and preserve everything else remains the same.""
}",bd17898a1b82,265,0,,62fda969e52c,ai-preannotation-json-v1,2026-07-11T17:01:14.361700+00:00,3016.001
pc_v4_70_p3,pc_v4_70,table,Model-B,deepseek-v4-pro,disabled,ellipsis_multi_object_preservation,Set row70's score to 80; preserve every unrelated object and field.,"For row70: score -> 80; peer_row_70_a and peer_row_70_b, unchanged.",row70,score,80,"[""peer_row_70_a"", ""peer_row_70_b""]",1,"The paraphrase explicitly sets row70's score to 80 and states that peer_row_70_a and peer_row_70_b should remain unchanged, matching the base instruction's requirement to preserve every unrelated object and field.",1,"{
  ""target_object"": ""row70"",
  ""target_field"": ""score"",
  ""expected_state"": 80,
  ""forbidden_effects"": [""peer_row_70_a"", ""peer_row_70_b""],
  ""paraphrase_preserves_meaning"": true,
  ""notes"": ""The paraphrase explicitly sets row70's score to 80 and states that peer_row_70_a and peer_row_70_b should remain unchanged, matching the base instruction's requirement to preserve every unrelated object and field.""
}",85e3a882652f,292,0,,cfe4781f544d,ai-preannotation-json-v1,2026-07-11T17:01:14.396955+00:00,3078.005
pc_v4_71_p1,pc_v4_71,workflow_micro,Model-B,deepseek-v4-pro,disabled,pronoun_coreference,Set step71's note to checked_71; preserve every unrelated object and field.,"Open step71. Change its note so that it reads checked_71, and leave everything else untouched.",step71,note,checked_71,[],1,"The paraphrase explicitly mentions opening step71 and changing its note to checked_71, while instructing to leave everything else untouched, which matches the base instruction's intent to set step71's note and preserve all unrelated objects and fields.",1,"{
  ""target_object"": ""step71"",
  ""target_field"": ""note"",
  ""expected_state"": ""checked_71"",
  ""forbidden_effects"": [],
  ""paraphrase_preserves_meaning"": true,
  ""notes"": ""The paraphrase explicitly mentions opening step71 and changing its note to checked_71, while instructing to leave everything else untouched, which matches the base instruction's intent to set step71's note and preserve all unrelated objects and fields.""
}",d35293dcef38,282,0,,f78d36f38b0e,ai-preannotation-json-v1,2026-07-11T17:01:15.250315+00:00,2759.774
pc_v4_71_p2,pc_v4_71,workflow_micro,Model-B,deepseek-v4-pro,disabled,conditional_negative_constraint,Set step71's note to checked_71; preserve every unrelated object and field.,"If step71 is present, set note to checked_71. Do not alter any other object or field.",step71,note,checked_71,[],1,The paraphrase captures the conditional nature and the preservation constraint.,1,"{
  ""target_object"": ""step71"",
  ""target_field"": ""note"",
  ""expected_state"": ""checked_71"",
  ""forbidden_effects"": [],
  ""paraphrase_preserves_meaning"": true,
  ""notes"": ""The paraphrase captures the conditional nature and the preservation constraint.""
}",456128759cc7,248,0,,28155f378e61,ai-preannotation-json-v1,2026-07-11T17:01:15.305901+00:00,2751.389
pc_v4_71_p3,pc_v4_71,workflow_micro,Model-B,deepseek-v4-pro,disabled,ellipsis_multi_object_preservation,Set step71's note to checked_71; preserve every unrelated object and field.,"For step71: note -> checked_71; peer_step_71_a and peer_step_71_b, unchanged.",step71,note,checked_71,"[""peer_step_71_a"", ""peer_step_71_b""]",1,"The paraphrase explicitly specifies the target object and field, and explicitly states that peer_step_71_a and peer_step_71_b should remain unchanged, preserving the original instruction's intent.",1,"{
  ""target_object"": ""step71"",
  ""target_field"": ""note"",
  ""expected_state"": ""checked_71"",
  ""forbidden_effects"": [""peer_step_71_a"", ""peer_step_71_b""],
  ""paraphrase_preserves_meaning"": true,
  ""notes"": ""The paraphrase explicitly specifies the target object and field, and explicitly states that peer_step_71_a and peer_step_71_b should remain unchanged, preserving the original instruction's intent.""
}",38d3da8d3847,292,0,,2af4da44eb5c,ai-preannotation-json-v1,2026-07-11T17:01:17.377925+00:00,2992.872
pc_v4_72_p1,pc_v4_72,file,Model-B,deepseek-v4-pro,disabled,pronoun_coreference,Set reports/draft_72.txt's content to approved_72; preserve every unrelated object and field.,"Open reports/draft_72.txt. Change its content so that it reads approved_72, and leave everything else untouched.",reports/draft_72.txt,content,approved_72,[],1,"The paraphrase uses 'its' to refer to 'reports/draft_72.txt', preserving the coreference. The action is the same: set the content to 'approved_72' and leave other objects and fields unchanged.",1,"{
  ""target_object"": ""reports/draft_72.txt"",
  ""target_field"": ""content"",
  ""expected_state"": ""approved_72"",
  ""forbidden_effects"": [],
  ""paraphrase_preserves_meaning"": true,
  ""notes"": ""The paraphrase uses 'its' to refer to 'reports/draft_72.txt', preserving the coreference. The action is the same: set the content to 'approved_72' and leave other objects and fields unchanged.""
}",fbcc494f8ce3,292,0,,fb62ba76300b,ai-preannotation-json-v1,2026-07-11T17:01:17.475255+00:00,3258.126
pc_v4_72_p2,pc_v4_72,file,Model-B,deepseek-v4-pro,disabled,conditional_negative_constraint,Set reports/draft_72.txt's content to approved_72; preserve every unrelated object and field.,"If reports/draft_72.txt is present, set content to approved_72. Do not alter any other object or field.",reports/draft_72.txt,content,approved_72,"[""alter any other object or field""]",1,"The paraphrase captures the conditional aspect (if present) and the negative constraint (do not alter any other object or field), preserving the original meaning.",1,"{
  ""target_object"": ""reports/draft_72.txt"",
  ""target_field"": ""content"",
  ""expected_state"": ""approved_72"",
  ""forbidden_effects"": [""alter any other object or field""],
  ""paraphrase_preserves_meaning"": true,
  ""notes"": ""The paraphrase captures the conditional aspect (if present) and the negative constraint (do not alter any other object or field), preserving the original meaning.""
}",5a837ee0c937,283,0,,37524bfc5772,ai-preannotation-json-v1,2026-07-11T17:01:18.010330+00:00,2643.708
pc_v4_72_p3,pc_v4_72,file,Model-B,deepseek-v4-pro,disabled,ellipsis_multi_object_preservation,Set reports/draft_72.txt's content to approved_72; preserve every unrelated object and field.,"For reports/draft_72.txt: content -> approved_72; reports/reference_72.txt and reports/archive_72.txt, unchanged.",reports/draft_72.txt,content,approved_72,"[""reports/reference_72.txt"", ""reports/archive_72.txt""]",1,"The paraphrase explicitly sets the content of reports/draft_72.txt to approved_72 and states that reports/reference_72.txt and reports/archive_72.txt should remain unchanged, matching the base instruction's requirement to preserve every unrelated object and field.",1,"{
  ""target_object"": ""reports/draft_72.txt"",
  ""target_field"": ""content"",
  ""expected_state"": ""approved_72"",
  ""forbidden_effects"": [""reports/reference_72.txt"", ""reports/archive_72.txt""],
  ""paraphrase_preserves_meaning"": true,
  ""notes"": ""The paraphrase explicitly sets the content of reports/draft_72.txt to approved_72 and states that reports/reference_72.txt and reports/archive_72.txt should remain unchanged, matching the base instruction's requirement to preserve every unrelated object and field.""
}",10b8c7fe6a1e,323,0,,83d3a480655b,ai-preannotation-json-v1,2026-07-11T17:01:18.057572+00:00,3136.598
pc_v4_73_p1,pc_v4_73,web_form,Model-B,deepseek-v4-pro,disabled,pronoun_coreference,Set r73's status to approved; preserve every unrelated object and field.,"Open r73. Change its status so that it reads approved, and leave everything else untouched.",r73,status,approved,[],1,"The paraphrase uses 'Open r73' which implies selecting or focusing on the object before changing its status, but the core instruction to set status to approved and preserve everything else is maintained.",1,"{
  ""target_object"": ""r73"",
  ""target_field"": ""status"",
  ""expected_state"": ""approved"",
  ""forbidden_effects"": [],
  ""paraphrase_preserves_meaning"": true,
  ""notes"": ""The paraphrase uses 'Open r73' which implies selecting or focusing on the object before changing its status, but the core instruction to set status to approved and preserve everything else is maintained.""
}",5381c903fd87,265,0,,eda4e82ee48a,ai-preannotation-json-v1,2026-07-11T17:01:20.370986+00:00,2964.572
pc_v4_73_p2,pc_v4_73,web_form,Model-B,deepseek-v4-pro,disabled,conditional_negative_constraint,Set r73's status to approved; preserve every unrelated object and field.,"If r73 is present, set status to approved. Do not alter any other object or field.",r73,status,approved,"[""alter any other object or field""]",1,"The paraphrase adds a conditional 'If r73 is present', but the base instruction implies r73 exists. The core action and constraint are preserved.",1,"{
  ""target_object"": ""r73"",
  ""target_field"": ""status"",
  ""expected_state"": ""approved"",
  ""forbidden_effects"": [""alter any other object or field""],
  ""paraphrase_preserves_meaning"": true,
  ""notes"": ""The paraphrase adds a conditional 'If r73 is present', but the base instruction implies r73 exists. The core action and constraint are preserved.""
}",69536fb0e8f4,265,0,,eab5f305be90,ai-preannotation-json-v1,2026-07-11T17:01:20.654289+00:00,3471.964
pc_v4_73_p3,pc_v4_73,web_form,Model-B,deepseek-v4-pro,disabled,ellipsis_multi_object_preservation,Set r73's status to approved; preserve every unrelated object and field.,"For r73: status -> approved; peer_record_73_a and peer_record_73_b, unchanged.",r73,status,approved,"[""peer_record_73_a"", ""peer_record_73_b""]",1,"The paraphrase explicitly sets r73's status to approved and states that peer_record_73_a and peer_record_73_b should remain unchanged, matching the base instruction's requirement to preserve every unrelated object and field.",1,"{
  ""target_object"": ""r73"",
  ""target_field"": ""status"",
  ""expected_state"": ""approved"",
  ""forbidden_effects"": [""peer_record_73_a"", ""peer_record_73_b""],
  ""paraphrase_preserves_meaning"": true,
  ""notes"": ""The paraphrase explicitly sets r73's status to approved and states that peer_record_73_a and peer_record_73_b should remain unchanged, matching the base instruction's requirement to preserve every unrelated object and field.""
}",344c4ed11d80,290,0,,5a4cb58496ae,ai-preannotation-json-v1,2026-07-11T17:01:20.733629+00:00,3676.942
pc_v4_74_p1,pc_v4_74,table,Model-B,deepseek-v4-pro,disabled,pronoun_coreference,Set row74's score to 84; preserve every unrelated object and field.,"Open row74. Change its score so that it reads 84, and leave everything else untouched.",row74,score,84,[],1,"The paraphrase uses 'its' to refer to row74, maintaining the same target and action while explicitly stating to leave everything else untouched, matching the base instruction's preservation requirement.",1,"{
  ""target_object"": ""row74"",
  ""target_field"": ""score"",
  ""expected_state"": ""84"",
  ""forbidden_effects"": [],
  ""paraphrase_preserves_meaning"": true,
  ""notes"": ""The paraphrase uses 'its' to refer to row74, maintaining the same target and action while explicitly stating to leave everything else untouched, matching the base instruction's preservation requirement.""
}",d6687b15fbe6,264,0,,6e6ba0d9d983,ai-preannotation-json-v1,2026-07-11T17:01:21.194411+00:00,4416.018
pc_v4_74_p2,pc_v4_74,table,Model-B,deepseek-v4-pro,disabled,conditional_negative_constraint,Set row74's score to 84; preserve every unrelated object and field.,"If row74 is present, set score to 84. Do not alter any other object or field.",row74,score,84,[],1,"The paraphrase explicitly conditions on row74's presence and restricts changes to only the score field, matching the base instruction's intent.",1,"{
  ""target_object"": ""row74"",
  ""target_field"": ""score"",
  ""expected_state"": 84,
  ""forbidden_effects"": [],
  ""paraphrase_preserves_meaning"": true,
  ""notes"": ""The paraphrase explicitly conditions on row74's presence and restricts changes to only the score field, matching the base instruction's intent.""
}",7615fc0b62b8,255,0,,8d18a704f43b,ai-preannotation-json-v1,2026-07-11T17:01:23.335733+00:00,3755.052
pc_v4_74_p3,pc_v4_74,table,Model-B,deepseek-v4-pro,disabled,ellipsis_multi_object_preservation,Set row74's score to 84; preserve every unrelated object and field.,"For row74: score -> 84; peer_row_74_a and peer_row_74_b, unchanged.",row74,score,84,"[""peer_row_74_a"", ""peer_row_74_b""]",1,"The paraphrase specifies the same target object and field, sets the score to 84, and explicitly states that peer_row_74_a and peer_row_74_b should remain unchanged, matching the base instruction's requirement to preserve every unrelated object and field.",1,"{
  ""target_object"": ""row74"",
  ""target_field"": ""score"",
  ""expected_state"": ""84"",
  ""forbidden_effects"": [""peer_row_74_a"", ""peer_row_74_b""],
  ""paraphrase_preserves_meaning"": true,
  ""notes"": ""The paraphrase specifies the same target object and field, sets the score to 84, and explicitly states that peer_row_74_a and peer_row_74_b should remain unchanged, matching the base instruction's requirement to preserve every unrelated object and field.""
}",887a4b571dd4,299,0,,649d757ddfbb,ai-preannotation-json-v1,2026-07-11T17:01:24.126492+00:00,3583.609
pc_v4_75_p1,pc_v4_75,workflow_micro,Model-B,deepseek-v4-pro,disabled,pronoun_coreference,Set step75's note to checked_75; preserve every unrelated object and field.,"Open step75. Change its note so that it reads checked_75, and leave everything else untouched.",step75,note,checked_75,[],1,"The paraphrase instructs to open step75, change its note to checked_75, and leave everything else untouched, which matches the base instruction to set step75's note to checked_75 and preserve every unrelated object and field.",1,"{
  ""target_object"": ""step75"",
  ""target_field"": ""note"",
  ""expected_state"": ""checked_75"",
  ""forbidden_effects"": [],
  ""paraphrase_preserves_meaning"": true,
  ""notes"": ""The paraphrase instructs to open step75, change its note to checked_75, and leave everything else untouched, which matches the base instruction to set step75's note to checked_75 and preserve every unrelated object and field.""
}",090752198a68,282,0,,fecde7312fea,ai-preannotation-json-v1,2026-07-11T17:01:24.410848+00:00,3346.754
pc_v4_75_p2,pc_v4_75,workflow_micro,Model-B,deepseek-v4-pro,disabled,conditional_negative_constraint,Set step75's note to checked_75; preserve every unrelated object and field.,"If step75 is present, set note to checked_75. Do not alter any other object or field.",step75,note,checked_75,"[""alter any other object or field""]",1,"The paraphrase captures the conditional nature and the negative constraint, preserving the original meaning.",1,"{
  ""target_object"": ""step75"",
  ""target_field"": ""note"",
  ""expected_state"": ""checked_75"",
  ""forbidden_effects"": [""alter any other object or field""],
  ""paraphrase_preserves_meaning"": true,
  ""notes"": ""The paraphrase captures the conditional nature and the negative constraint, preserving the original meaning.""
}",60e655849c62,260,0,,44b65bd8490a,ai-preannotation-json-v1,2026-07-11T17:01:25.610696+00:00,3027.196
pc_v4_75_p3,pc_v4_75,workflow_micro,Model-B,deepseek-v4-pro,disabled,ellipsis_multi_object_preservation,Set step75's note to checked_75; preserve every unrelated object and field.,"For step75: note -> checked_75; peer_step_75_a and peer_step_75_b, unchanged.",step75,note,checked_75,"[""peer_step_75_a"", ""peer_step_75_b""]",1,"The paraphrase explicitly states the target object and field, the desired value, and specifies that peer_step_75_a and peer_step_75_b should remain unchanged, which aligns with the base instruction's requirement to preserve every unrelated object and field.",1,"{
  ""target_object"": ""step75"",
  ""target_field"": ""note"",
  ""expected_state"": ""checked_75"",
  ""forbidden_effects"": [""peer_step_75_a"", ""peer_step_75_b""],
  ""paraphrase_preserves_meaning"": true,
  ""notes"": ""The paraphrase explicitly states the target object and field, the desired value, and specifies that peer_step_75_a and peer_step_75_b should remain unchanged, which aligns with the base instruction's requirement to preserve every unrelated object and field.""
}",856e80127a88,304,0,,d442e1aec48a,ai-preannotation-json-v1,2026-07-11T17:01:27.090986+00:00,3403.361
pc_v4_76_p1,pc_v4_76,file,Model-B,deepseek-v4-pro,disabled,pronoun_coreference,Set reports/draft_76.txt's content to approved_76; preserve every unrelated object and field.,"Open reports/draft_76.txt. Change its content so that it reads approved_76, and leave everything else untouched.",reports/draft_76.txt,content,approved_76,[],1,"The paraphrase uses 'Open' and 'Change its content so that it reads' to convey the same operation as 'Set content to', with 'its' referring to the file. It also explicitly states to leave everything else untouched, matching the base instruction's preservation requirement.",1,"{
  ""target_object"": ""reports/draft_76.txt"",
  ""target_field"": ""content"",
  ""expected_state"": ""approved_76"",
  ""forbidden_effects"": [],
  ""paraphrase_preserves_meaning"": true,
  ""notes"": ""The paraphrase uses 'Open' and 'Change its content so that it reads' to convey the same operation as 'Set content to', with 'its' referring to the file. It also explicitly states to leave everything else untouched, matching the base instruction's preservation requirement.""
}",ba2fe7e6ef90,300,0,,238b48c5cc90,ai-preannotation-json-v1,2026-07-11T17:01:27.710366+00:00,3651.542
pc_v4_76_p2,pc_v4_76,file,Model-B,deepseek-v4-pro,disabled,conditional_negative_constraint,Set reports/draft_76.txt's content to approved_76; preserve every unrelated object and field.,"If reports/draft_76.txt is present, set content to approved_76. Do not alter any other object or field.",reports/draft_76.txt,content,approved_76,"[""alter any other object or field""]",1,The paraphrase adds a conditional clause but maintains the core instruction to set the content and preserve everything else.,1,"{
  ""target_object"": ""reports/draft_76.txt"",
  ""target_field"": ""content"",
  ""expected_state"": ""approved_76"",
  ""forbidden_effects"": [""alter any other object or field""],
  ""paraphrase_preserves_meaning"": true,
  ""notes"": ""The paraphrase adds a conditional clause but maintains the core instruction to set the content and preserve everything else.""
}",b2ed896b0b84,274,0,,a5df273ef608,ai-preannotation-json-v1,2026-07-11T17:01:27.757832+00:00,3035.615
pc_v4_76_p3,pc_v4_76,file,Model-B,deepseek-v4-pro,disabled,ellipsis_multi_object_preservation,Set reports/draft_76.txt's content to approved_76; preserve every unrelated object and field.,"For reports/draft_76.txt: content -> approved_76; reports/reference_76.txt and reports/archive_76.txt, unchanged.",reports/draft_76.txt,content,approved_76,"[""reports/reference_76.txt"", ""reports/archive_76.txt""]",1,"The paraphrase explicitly lists the objects to preserve, matching the base instruction's requirement to preserve every unrelated object and field.",1,"{
  ""target_object"": ""reports/draft_76.txt"",
  ""target_field"": ""content"",
  ""expected_state"": ""approved_76"",
  ""forbidden_effects"": [""reports/reference_76.txt"", ""reports/archive_76.txt""],
  ""paraphrase_preserves_meaning"": true,
  ""notes"": ""The paraphrase explicitly lists the objects to preserve, matching the base instruction's requirement to preserve every unrelated object and field.""
}",ac4b9998c64b,295,0,,7bc9fe343e01,ai-preannotation-json-v1,2026-07-11T17:01:28.638190+00:00,3206.879
pc_v4_77_p1,pc_v4_77,web_form,Model-B,deepseek-v4-pro,disabled,pronoun_coreference,Set r77's status to approved; preserve every unrelated object and field.,"Open r77. Change its status so that it reads approved, and leave everything else untouched.",r77,status,approved,[],1,"The paraphrase uses 'Open r77' which implies selecting or focusing on r77, then changing its status to 'approved' and leaving everything else untouched, matching the base instruction.",1,"{
  ""target_object"": ""r77"",
  ""target_field"": ""status"",
  ""expected_state"": ""approved"",
  ""forbidden_effects"": [],
  ""paraphrase_preserves_meaning"": true,
  ""notes"": ""The paraphrase uses 'Open r77' which implies selecting or focusing on r77, then changing its status to 'approved' and leaving everything else untouched, matching the base instruction.""
}",b917b9d66f11,264,0,,9af6d04c6304,ai-preannotation-json-v1,2026-07-11T17:01:30.494548+00:00,3116.130
pc_v4_77_p2,pc_v4_77,web_form,Model-B,deepseek-v4-pro,disabled,conditional_negative_constraint,Set r77's status to approved; preserve every unrelated object and field.,"If r77 is present, set status to approved. Do not alter any other object or field.",r77,status,approved,"[""alter any other object or field""]",1,"The paraphrase adds a conditional 'If r77 is present', but the base instruction implies r77 exists. The core action and constraint are preserved.",1,"{
  ""target_object"": ""r77"",
  ""target_field"": ""status"",
  ""expected_state"": ""approved"",
  ""forbidden_effects"": [""alter any other object or field""],
  ""paraphrase_preserves_meaning"": true,
  ""notes"": ""The paraphrase adds a conditional 'If r77 is present', but the base instruction implies r77 exists. The core action and constraint are preserved.""
}",ba8db593952b,265,0,,a2f3e32d0cc2,ai-preannotation-json-v1,2026-07-11T17:01:30.793607+00:00,3496.736
pc_v4_77_p3,pc_v4_77,web_form,Model-B,deepseek-v4-pro,disabled,ellipsis_multi_object_preservation,Set r77's status to approved; preserve every unrelated object and field.,"For r77: status -> approved; peer_record_77_a and peer_record_77_b, unchanged.",r77,status,approved,"[""peer_record_77_a"", ""peer_record_77_b""]",1,"The paraphrase explicitly sets r77's status to approved and states that peer_record_77_a and peer_record_77_b should remain unchanged, matching the base instruction's requirement to preserve every unrelated object and field.",1,"{
  ""target_object"": ""r77"",
  ""target_field"": ""status"",
  ""expected_state"": ""approved"",
  ""forbidden_effects"": [""peer_record_77_a"", ""peer_record_77_b""],
  ""paraphrase_preserves_meaning"": true,
  ""notes"": ""The paraphrase explicitly sets r77's status to approved and states that peer_record_77_a and peer_record_77_b should remain unchanged, matching the base instruction's requirement to preserve every unrelated object and field.""
}",644093df1502,290,0,,3b4bd28d3572,ai-preannotation-json-v1,2026-07-11T17:01:31.362119+00:00,3039.389
pc_v4_78_p1,pc_v4_78,table,Model-B,deepseek-v4-pro,disabled,pronoun_coreference,Set row78's score to 88; preserve every unrelated object and field.,"Open row78. Change its score so that it reads 88, and leave everything else untouched.",row78,score,88,[],1,"The paraphrase uses 'its' to refer to row78, preserving the coreference. It specifies changing the score to 88 and leaving everything else untouched, matching the base instruction.",1,"{
  ""target_object"": ""row78"",
  ""target_field"": ""score"",
  ""expected_state"": ""88"",
  ""forbidden_effects"": [],
  ""paraphrase_preserves_meaning"": true,
  ""notes"": ""The paraphrase uses 'its' to refer to row78, preserving the coreference. It specifies changing the score to 88 and leaving everything else untouched, matching the base instruction.""
}",55ba82cf5c5e,265,0,,8eb90a6d817b,ai-preannotation-json-v1,2026-07-11T17:01:31.845279+00:00,3029.225
pc_v4_78_p2,pc_v4_78,table,Model-B,deepseek-v4-pro,disabled,conditional_negative_constraint,Set row78's score to 88; preserve every unrelated object and field.,"If row78 is present, set score to 88. Do not alter any other object or field.",row78,score,88,"[""alter any other object or field""]",1,"The paraphrase adds a conditional 'If row78 is present', but the base instruction assumes row78 exists. The core action and prohibition are preserved.",1,"{
  ""target_object"": ""row78"",
  ""target_field"": ""score"",
  ""expected_state"": ""88"",
  ""forbidden_effects"": [""alter any other object or field""],
  ""paraphrase_preserves_meaning"": true,
  ""notes"": ""The paraphrase adds a conditional 'If row78 is present', but the base instruction assumes row78 exists. The core action and prohibition are preserved.""
}",d59caf2b836c,266,0,,8f7293022755,ai-preannotation-json-v1,2026-07-11T17:01:33.610887+00:00,3294.679
pc_v4_78_p3,pc_v4_78,table,Model-B,deepseek-v4-pro,disabled,ellipsis_multi_object_preservation,Set row78's score to 88; preserve every unrelated object and field.,"For row78: score -> 88; peer_row_78_a and peer_row_78_b, unchanged.",row78,score,88,"[""peer_row_78_a"", ""peer_row_78_b""]",1,"The paraphrase explicitly sets row78's score to 88 and states that peer_row_78_a and peer_row_78_b remain unchanged, matching the base instruction's requirement to preserve every unrelated object and field.",1,"{
  ""target_object"": ""row78"",
  ""target_field"": ""score"",
  ""expected_state"": ""88"",
  ""forbidden_effects"": [""peer_row_78_a"", ""peer_row_78_b""],
  ""paraphrase_preserves_meaning"": true,
  ""notes"": ""The paraphrase explicitly sets row78's score to 88 and states that peer_row_78_a and peer_row_78_b remain unchanged, matching the base instruction's requirement to preserve every unrelated object and field.""
}",80c39df49604,291,0,,d44efd07f5d0,ai-preannotation-json-v1,2026-07-11T17:01:34.290624+00:00,3175.505
pc_v4_79_p1,pc_v4_79,workflow_micro,Model-B,deepseek-v4-pro,disabled,pronoun_coreference,Set step79's note to checked_79; preserve every unrelated object and field.,"Open step79. Change its note so that it reads checked_79, and leave everything else untouched.",step79,note,checked_79,[],1,"The paraphrase explicitly instructs to open step79, change its note to checked_79, and leave everything else untouched, which matches the base instruction's intent to set step79's note to checked_79 and preserve all unrelated objects and fields.",1,"{
  ""target_object"": ""step79"",
  ""target_field"": ""note"",
  ""expected_state"": ""checked_79"",
  ""forbidden_effects"": [],
  ""paraphrase_preserves_meaning"": true,
  ""notes"": ""The paraphrase explicitly instructs to open step79, change its note to checked_79, and leave everything else untouched, which matches the base instruction's intent to set step79's note to checked_79 and preserve all unrelated objects and fields.""
}",cd623cd3d142,285,0,,0b9df88a52a2,ai-preannotation-json-v1,2026-07-11T17:01:34.401726+00:00,3000.088
pc_v4_79_p2,pc_v4_79,workflow_micro,Model-B,deepseek-v4-pro,disabled,conditional_negative_constraint,Set step79's note to checked_79; preserve every unrelated object and field.,"If step79 is present, set note to checked_79. Do not alter any other object or field.",step79,note,checked_79,"[""alter any other object or field""]",1,The paraphrase correctly captures the conditional action and the negative constraint.,1,"{
  ""target_object"": ""step79"",
  ""target_field"": ""note"",
  ""expected_state"": ""checked_79"",
  ""forbidden_effects"": [""alter any other object or field""],
  ""paraphrase_preserves_meaning"": true,
  ""notes"": ""The paraphrase correctly captures the conditional action and the negative constraint.""
}",b37628d8a73e,256,0,,031ece72b31b,ai-preannotation-json-v1,2026-07-11T17:01:34.874743+00:00,3039.099
pc_v4_79_p3,pc_v4_79,workflow_micro,Model-B,deepseek-v4-pro,disabled,ellipsis_multi_object_preservation,Set step79's note to checked_79; preserve every unrelated object and field.,"For step79: note -> checked_79; peer_step_79_a and peer_step_79_b, unchanged.",step79,note,checked_79,"[""peer_step_79_a"", ""peer_step_79_b""]",1,"The paraphrase explicitly sets step79's note to checked_79 and states that peer_step_79_a and peer_step_79_b remain unchanged, matching the base instruction's requirement to preserve every unrelated object and field.",1,"{
  ""target_object"": ""step79"",
  ""target_field"": ""note"",
  ""expected_state"": ""checked_79"",
  ""forbidden_effects"": [""peer_step_79_a"", ""peer_step_79_b""],
  ""paraphrase_preserves_meaning"": true,
  ""notes"": ""The paraphrase explicitly sets step79's note to checked_79 and states that peer_step_79_a and peer_step_79_b remain unchanged, matching the base instruction's requirement to preserve every unrelated object and field.""
}",d3584eee3d17,299,0,,cf86a3d9b6bc,ai-preannotation-json-v1,2026-07-11T17:01:36.905850+00:00,3298.267
