paraphrase_id,task_id,domain,linguistic_phenomenon,base_instruction,instruction,ai_a_model,ai_a_target_object,ai_a_target_field,ai_a_expected_state,ai_a_forbidden_effects_json,ai_a_preserves_meaning,ai_a_notes,ai_b_model,ai_b_target_object,ai_b_target_field,ai_b_expected_state,ai_b_forbidden_effects_json,ai_b_preserves_meaning,ai_b_notes,disagreement_fields,requires_human_attention,ai_consensus_target_object,ai_consensus_target_field,ai_consensus_expected_state,ai_consensus_forbidden_effects_json,ai_consensus_preserves_meaning,human_final_target_object,human_final_target_field,human_final_expected_state,human_final_forbidden_effects_json,human_final_preserves_meaning,reviewer_1_initials,reviewer_2_initials,review_status,human_review_notes
pc_v4_00_p1,pc_v4_00,file,pronoun_coreference,Set reports/draft_0.txt's content to approved_0; preserve every unrelated object and field.,"Open reports/draft_0.txt. Change its content so that it reads approved_0, and leave everything else untouched.",deepseek-v4-flash,reports/draft_0.txt,content,approved_0,"[""any change to other files"", ""any change to other fields of reports/draft_0.txt""]",1,"The paraphrase uses 'its' to refer to the file, which is a pronoun coreference. The meaning is preserved.",deepseek-v4-pro,reports/draft_0.txt,content,approved_0,[],1,"The paraphrase accurately captures the base instruction: it specifies the same file, the same field (content), the same desired state (approved_0), and the same constraint to preserve unrelated objects and fields. The phrasing 'leave everything else untouched' is equivalent to 'preserve every unrelated object and field'.",forbidden_effect_set,1,reports/draft_0.txt,content,approved_0,,1,,,,,,,,,
pc_v4_00_p2,pc_v4_00,file,conditional_negative_constraint,Set reports/draft_0.txt's content to approved_0; preserve every unrelated object and field.,"If reports/draft_0.txt is present, set content to approved_0. Do not alter any other object or field.",deepseek-v4-flash,reports/draft_0.txt,content,approved_0,"[""any change to other objects"", ""any change to other fields""]",1,"The paraphrase adds a condition 'if present' which is not in the base instruction, but the base instruction implicitly assumes the file exists. The core action and constraints are preserved.",deepseek-v4-pro,reports/draft_0.txt,content,approved_0,"[""alter any other object or field""]",1,"The paraphrase captures the conditional nature of the original instruction, specifying that the content should be set to approved_0 only if the file exists, while preserving all other objects and fields.",forbidden_effect_set,1,reports/draft_0.txt,content,approved_0,,1,,,,,,,,,
pc_v4_00_p3,pc_v4_00,file,ellipsis_multi_object_preservation,Set reports/draft_0.txt's content to approved_0; preserve every unrelated object and field.,"For reports/draft_0.txt: content -> approved_0; reports/reference_00.txt and reports/archive_00.txt, unchanged.",deepseek-v4-flash,reports/draft_0.txt,content,approved_0,"[""reports/reference_00.txt"", ""reports/archive_00.txt""]",1,"The paraphrase explicitly preserves two other files, matching the base instruction's preservation requirement.",deepseek-v4-pro,reports/draft_0.txt,content,approved_0,"[""reports/reference_00.txt"", ""reports/archive_00.txt""]",1,"The paraphrase explicitly lists the objects to preserve, matching the base instruction's requirement to preserve every unrelated object and field.",,0,reports/draft_0.txt,content,approved_0,"[""reports/reference_00.txt"", ""reports/archive_00.txt""]",1,,,,,,,,,
pc_v4_01_p1,pc_v4_01,web_form,pronoun_coreference,Set r01's status to approved; preserve every unrelated object and field.,"Open r01. Change its status so that it reads approved, and leave everything else untouched.",deepseek-v4-flash,r01,status,approved,"[""r01.*"", ""*.*""]",1,"The paraphrase uses 'its' to refer to r01, preserving coreference. 'Leave everything else untouched' matches 'preserve every unrelated object and field'.",deepseek-v4-pro,r01,status,approved,[],1,"The paraphrase uses 'its' to refer to r01, preserving the coreference. It explicitly instructs to change the status to approved and leave everything else untouched, matching the base instruction.",forbidden_effect_set,1,r01,status,approved,,1,,,,,,,,,
pc_v4_01_p2,pc_v4_01,web_form,conditional_negative_constraint,Set r01's status to approved; preserve every unrelated object and field.,"If r01 is present, set status to approved. Do not alter any other object or field.",deepseek-v4-flash,r01,status,approved,"[""alter any other object or field""]",1,"The paraphrase adds a condition 'if r01 is present' which is implicit in the base instruction, but does not change the core meaning.",deepseek-v4-pro,r01,status,approved,[],1,"The paraphrase adds a condition 'If r01 is present', but the base instruction implies r01 exists. The core action and preservation of unrelated objects/fields are maintained.",forbidden_effect_set,1,r01,status,approved,,1,,,,,,,,,
pc_v4_01_p3,pc_v4_01,web_form,ellipsis_multi_object_preservation,Set r01's status to approved; preserve every unrelated object and field.,"For r01: status -> approved; peer_record_01_a and peer_record_01_b, unchanged.",deepseek-v4-flash,r01,status,approved,"[""peer_record_01_a"", ""peer_record_01_b""]",1,"The paraphrase explicitly preserves two other objects, matching the base instruction's preservation requirement.",deepseek-v4-pro,r01,status,approved,"[""peer_record_01_a"", ""peer_record_01_b""]",1,"The paraphrase explicitly sets r01's status to approved and states that peer_record_01_a and peer_record_01_b should remain unchanged, matching the base instruction's requirement to preserve every unrelated object and field.",,0,r01,status,approved,"[""peer_record_01_a"", ""peer_record_01_b""]",1,,,,,,,,,
pc_v4_02_p1,pc_v4_02,table,pronoun_coreference,Set row02's score to 82; preserve every unrelated object and field.,"Open row02. Change its score so that it reads 82, and leave everything else untouched.",deepseek-v4-flash,row02,score,82,"[""any change to objects other than row02"", ""any change to fields other than score in row02""]",1,"The paraphrase uses 'its' to refer to row02, preserving the coreference and meaning.",deepseek-v4-pro,row02,score,82,[],1,"The paraphrase correctly identifies the target object and field, specifies the new value, and instructs to leave everything else unchanged, matching the base instruction.",forbidden_effect_set,1,row02,score,82,,1,,,,,,,,,
pc_v4_02_p2,pc_v4_02,table,conditional_negative_constraint,Set row02's score to 82; preserve every unrelated object and field.,"If row02 is present, set score to 82. Do not alter any other object or field.",deepseek-v4-flash,row02,score,82,"[""alter any other object or field""]",1,"The paraphrase adds a conditional 'if row02 is present', which is implicit in the base instruction. The negative constraint 'do not alter any other object or field' matches the base instruction's 'preserve every unrelated object and field'.",deepseek-v4-pro,row02,score,82,"[""alter any other object or field""]",1,"The paraphrase captures the conditional nature and the negative constraint, preserving the original meaning.",,0,row02,score,82,"[""alter any other object or field""]",1,,,,,,,,,
pc_v4_02_p3,pc_v4_02,table,ellipsis_multi_object_preservation,Set row02's score to 82; preserve every unrelated object and field.,"For row02: score -> 82; peer_row_02_a and peer_row_02_b, unchanged.",deepseek-v4-flash,row02,score,82,"[""peer_row_02_a"", ""peer_row_02_b""]",1,"The paraphrase explicitly states that peer_row_02_a and peer_row_02_b remain unchanged, matching the base instruction's preservation requirement.",deepseek-v4-pro,row02,score,82,"[""peer_row_02_a"", ""peer_row_02_b""]",1,"The paraphrase explicitly sets row02's score to 82 and states that peer_row_02_a and peer_row_02_b remain unchanged, matching the base instruction's requirement to preserve every unrelated object and field.",,0,row02,score,82,"[""peer_row_02_a"", ""peer_row_02_b""]",1,,,,,,,,,
pc_v4_03_p1,pc_v4_03,workflow_micro,pronoun_coreference,Set step03's note to checked_3; preserve every unrelated object and field.,"Open step03. Change its note so that it reads checked_3, and leave everything else untouched.",deepseek-v4-flash,step03,note,checked_3,"[""step01"", ""step02"", ""step04"", ""step05"", ""step06"", ""step07"", ""step08"", ""step09"", ""step10""]",1,"The paraphrase uses 'its' to refer to step03, preserving the coreference.",deepseek-v4-pro,step03,note,checked_3,[],1,"The paraphrase explicitly instructs to open step03, change its note to checked_3, and leave everything else untouched, which matches the base instruction's intent to set step03's note to checked_3 and preserve all unrelated objects and fields.",forbidden_effect_set,1,step03,note,checked_3,,1,,,,,,,,,
pc_v4_03_p2,pc_v4_03,workflow_micro,conditional_negative_constraint,Set step03's note to checked_3; preserve every unrelated object and field.,"If step03 is present, set note to checked_3. Do not alter any other object or field.",deepseek-v4-flash,step03,note,checked_3,"[""any change to objects other than step03"", ""any change to fields other than note in step03""]",1,"The paraphrase adds a conditional 'if step03 is present', which is implicit in the base instruction. The negative constraint 'do not alter any other object or field' matches the base instruction's 'preserve every unrelated object and field'.",deepseek-v4-pro,step03,note,checked_3,"[""alter any other object or field""]",1,"The paraphrase captures the conditional nature and the negative constraint, preserving the original meaning.",forbidden_effect_set,1,step03,note,checked_3,,1,,,,,,,,,
pc_v4_03_p3,pc_v4_03,workflow_micro,ellipsis_multi_object_preservation,Set step03's note to checked_3; preserve every unrelated object and field.,"For step03: note -> checked_3; peer_step_03_a and peer_step_03_b, unchanged.",deepseek-v4-flash,step03,note,checked_3,"[""peer_step_03_a"", ""peer_step_03_b""]",1,"The paraphrase uses an arrow and a semicolon to indicate the update and preservation, which is clear and preserves the original meaning.",deepseek-v4-pro,step03,note,checked_3,"[""peer_step_03_a"", ""peer_step_03_b""]",1,"The paraphrase explicitly sets step03's note to checked_3 and states that peer_step_03_a and peer_step_03_b remain unchanged, matching the base instruction's requirement to preserve every unrelated object and field.",,0,step03,note,checked_3,"[""peer_step_03_a"", ""peer_step_03_b""]",1,,,,,,,,,
pc_v4_04_p1,pc_v4_04,file,pronoun_coreference,Set reports/draft_4.txt's content to approved_4; preserve every unrelated object and field.,"Open reports/draft_4.txt. Change its content so that it reads approved_4, and leave everything else untouched.",deepseek-v4-flash,reports/draft_4.txt,content,approved_4,[],1,"The paraphrase uses 'its' to refer to the file, preserving the coreference and meaning.",deepseek-v4-pro,reports/draft_4.txt,content,approved_4,[],1,"The paraphrase uses 'its' to refer to the file, preserving the coreference and meaning.",,0,reports/draft_4.txt,content,approved_4,[],1,,,,,,,,,
pc_v4_04_p2,pc_v4_04,file,conditional_negative_constraint,Set reports/draft_4.txt's content to approved_4; preserve every unrelated object and field.,"If reports/draft_4.txt is present, set content to approved_4. Do not alter any other object or field.",deepseek-v4-flash,reports/draft_4.txt,content,approved_4,"[""any change to other objects"", ""any change to other fields""]",1,"The paraphrase adds a condition ('if present') not in the base instruction, but the core action and constraint are preserved.",deepseek-v4-pro,reports/draft_4.txt,content,approved_4,"[""alter any other object or field""]",1,"The paraphrase adds a conditional 'If reports/draft_4.txt is present', which slightly changes the meaning by making the action conditional, whereas the base instruction unconditionally sets the content. However, the core intent of setting the content and preserving other objects/fields is maintained.",forbidden_effect_set,1,reports/draft_4.txt,content,approved_4,,1,,,,,,,,,
pc_v4_04_p3,pc_v4_04,file,ellipsis_multi_object_preservation,Set reports/draft_4.txt's content to approved_4; preserve every unrelated object and field.,"For reports/draft_4.txt: content -> approved_4; reports/reference_04.txt and reports/archive_04.txt, unchanged.",deepseek-v4-flash,reports/draft_4.txt,content,approved_4,"[""reports/reference_04.txt"", ""reports/archive_04.txt""]",1,"The paraphrase explicitly preserves two other objects, matching the base instruction's preservation requirement.",deepseek-v4-pro,reports/draft_4.txt,content,approved_4,"[""reports/reference_04.txt"", ""reports/archive_04.txt""]",1,"The paraphrase explicitly lists the objects to preserve, matching the base instruction's requirement to preserve every unrelated object and field.",,0,reports/draft_4.txt,content,approved_4,"[""reports/reference_04.txt"", ""reports/archive_04.txt""]",1,,,,,,,,,
pc_v4_05_p1,pc_v4_05,web_form,pronoun_coreference,Set r05's status to approved; preserve every unrelated object and field.,"Open r05. Change its status so that it reads approved, and leave everything else untouched.",deepseek-v4-flash,r05,status,approved,"[""modify any other field of r05"", ""modify any other object""]",1,"The paraphrase uses 'its' to refer to r05, preserving the coreference. 'Leave everything else untouched' matches 'preserve every unrelated object and field.'",deepseek-v4-pro,r05,status,approved,[],1,"The paraphrase explicitly mentions opening r05, changing its status to approved, and leaving everything else untouched, which matches the base instruction's intent to set r05's status to approved while preserving all other objects and fields.",forbidden_effect_set,1,r05,status,approved,,1,,,,,,,,,
pc_v4_05_p2,pc_v4_05,web_form,conditional_negative_constraint,Set r05's status to approved; preserve every unrelated object and field.,"If r05 is present, set status to approved. Do not alter any other object or field.",deepseek-v4-flash,r05,status,approved,"[""alter any other object or field""]",1,"The paraphrase adds a conditional 'if r05 is present', which is a slight nuance but does not change the core instruction. The negative constraint is preserved.",deepseek-v4-pro,r05,status,approved,"[""alter any other object or field""]",1,"The paraphrase adds a conditional 'If r05 is present', which is not in the base instruction, but the core action and constraint are preserved.",,0,r05,status,approved,"[""alter any other object or field""]",1,,,,,,,,,
pc_v4_05_p3,pc_v4_05,web_form,ellipsis_multi_object_preservation,Set r05's status to approved; preserve every unrelated object and field.,"For r05: status -> approved; peer_record_05_a and peer_record_05_b, unchanged.",deepseek-v4-flash,r05,status,approved,"[""peer_record_05_a"", ""peer_record_05_b""]",1,"The paraphrase uses a colon and arrow notation to specify the update, and explicitly lists two objects that must remain unchanged, matching the base instruction's preservation requirement.",deepseek-v4-pro,r05,status,approved,"[""peer_record_05_a"", ""peer_record_05_b""]",1,"The paraphrase explicitly sets r05's status to approved and states that peer_record_05_a and peer_record_05_b remain unchanged, matching the base instruction's requirement to preserve every unrelated object and field.",,0,r05,status,approved,"[""peer_record_05_a"", ""peer_record_05_b""]",1,,,,,,,,,
pc_v4_06_p1,pc_v4_06,table,pronoun_coreference,Set row06's score to 86; preserve every unrelated object and field.,"Open row06. Change its score so that it reads 86, and leave everything else untouched.",deepseek-v4-flash,row06,score,86,[],1,"The paraphrase uses 'its' to refer to row06, maintaining coreference and preserving the original instruction's meaning.",deepseek-v4-pro,row06,score,86,[],1,The paraphrase maintains the core instruction to set row06's score to 86 and preserve all other objects and fields. 'Open row06' is an additional step but does not alter the intended outcome.,,0,row06,score,86,[],1,,,,,,,,,
pc_v4_06_p2,pc_v4_06,table,conditional_negative_constraint,Set row06's score to 86; preserve every unrelated object and field.,"If row06 is present, set score to 86. Do not alter any other object or field.",deepseek-v4-flash,row06,score,86,"[""modify any other object"", ""modify any other field""]",1,"The paraphrase adds a conditional 'if row06 is present', which is implicit in the base instruction. The constraint 'preserve every unrelated object and field' is rephrased as 'Do not alter any other object or field.' The meaning is preserved.",deepseek-v4-pro,row06,score,86,"[""alter any other object or field""]",1,"The paraphrase explicitly conditions the update on row06's presence, but the core instruction to set score to 86 and preserve everything else is maintained.",forbidden_effect_set,1,row06,score,86,,1,,,,,,,,,
pc_v4_06_p3,pc_v4_06,table,ellipsis_multi_object_preservation,Set row06's score to 86; preserve every unrelated object and field.,"For row06: score -> 86; peer_row_06_a and peer_row_06_b, unchanged.",deepseek-v4-flash,row06,score,86,"[""peer_row_06_a"", ""peer_row_06_b""]",1,"The paraphrase explicitly preserves peer_row_06_a and peer_row_06_b, matching the base instruction's preservation of unrelated objects.",deepseek-v4-pro,row06,score,86,"[""peer_row_06_a"", ""peer_row_06_b""]",1,"The paraphrase explicitly sets row06's score to 86 and states that peer_row_06_a and peer_row_06_b should remain unchanged, matching the base instruction's requirement to preserve every unrelated object and field.",,0,row06,score,86,"[""peer_row_06_a"", ""peer_row_06_b""]",1,,,,,,,,,
pc_v4_07_p1,pc_v4_07,workflow_micro,pronoun_coreference,Set step07's note to checked_7; preserve every unrelated object and field.,"Open step07. Change its note so that it reads checked_7, and leave everything else untouched.",deepseek-v4-flash,step07,note,checked_7,[],1,"The paraphrase uses 'its' to refer to step07, maintaining coreference. It specifies changing the note to 'checked_7' and leaving everything else untouched, which matches the base instruction.",deepseek-v4-pro,step07,note,checked_7,[],1,"The paraphrase explicitly instructs to open step07 and change its note to checked_7, while leaving everything else untouched, which matches the base instruction's intent to set step07's note to checked_7 and preserve all unrelated objects and fields.",,0,step07,note,checked_7,[],1,,,,,,,,,
pc_v4_07_p2,pc_v4_07,workflow_micro,conditional_negative_constraint,Set step07's note to checked_7; preserve every unrelated object and field.,"If step07 is present, set note to checked_7. Do not alter any other object or field.",deepseek-v4-flash,step07,note,checked_7,"[""any change to other objects"", ""any change to other fields of step07""]",1,"The paraphrase adds a condition 'If step07 is present' which is implicit in the base instruction, but does not change the core meaning.",deepseek-v4-pro,step07,note,checked_7,[],1,The paraphrase captures the conditional nature and the negative constraint to preserve unrelated objects and fields.,forbidden_effect_set,1,step07,note,checked_7,,1,,,,,,,,,
pc_v4_07_p3,pc_v4_07,workflow_micro,ellipsis_multi_object_preservation,Set step07's note to checked_7; preserve every unrelated object and field.,"For step07: note -> checked_7; peer_step_07_a and peer_step_07_b, unchanged.",deepseek-v4-flash,step07,note,checked_7,"[""peer_step_07_a"", ""peer_step_07_b""]",1,"The paraphrase uses ellipsis to indicate that peer_step_07_a and peer_step_07_b remain unchanged, preserving the base instruction's intent.",deepseek-v4-pro,step07,note,checked_7,"[""peer_step_07_a"", ""peer_step_07_b""]",1,"The paraphrase explicitly sets step07's note to checked_7 and states that peer_step_07_a and peer_step_07_b remain unchanged, matching the base instruction's requirement to preserve every unrelated object and field.",,0,step07,note,checked_7,"[""peer_step_07_a"", ""peer_step_07_b""]",1,,,,,,,,,
pc_v4_08_p1,pc_v4_08,file,pronoun_coreference,Set reports/draft_8.txt's content to approved_8; preserve every unrelated object and field.,"Open reports/draft_8.txt. Change its content so that it reads approved_8, and leave everything else untouched.",deepseek-v4-flash,reports/draft_8.txt,content,approved_8,"[""any change to other files"", ""any change to other fields of reports/draft_8.txt""]",1,"The paraphrase uses 'its' to refer to the file, preserving coreference.",deepseek-v4-pro,reports/draft_8.txt,content,approved_8,[],1,"The paraphrase uses 'its' to refer to 'reports/draft_8.txt', preserving the coreference. The action of setting content to 'approved_8' and preserving unrelated objects/fields is maintained.",forbidden_effect_set,1,reports/draft_8.txt,content,approved_8,,1,,,,,,,,,
pc_v4_08_p2,pc_v4_08,file,conditional_negative_constraint,Set reports/draft_8.txt's content to approved_8; preserve every unrelated object and field.,"If reports/draft_8.txt is present, set content to approved_8. Do not alter any other object or field.",deepseek-v4-flash,reports/draft_8.txt,content,approved_8,"[""any change to other objects or fields""]",1,"The paraphrase adds a condition ('if present') not in the base instruction, but the core action and constraint are preserved.",deepseek-v4-pro,reports/draft_8.txt,content,approved_8,"[""alter any other object or field""]",1,"The paraphrase captures the conditional aspect and the negative constraint, preserving the original meaning.",forbidden_effect_set,1,reports/draft_8.txt,content,approved_8,,1,,,,,,,,,
pc_v4_08_p3,pc_v4_08,file,ellipsis_multi_object_preservation,Set reports/draft_8.txt's content to approved_8; preserve every unrelated object and field.,"For reports/draft_8.txt: content -> approved_8; reports/reference_08.txt and reports/archive_08.txt, unchanged.",deepseek-v4-flash,reports/draft_8.txt,content,approved_8,"[""reports/reference_08.txt"", ""reports/archive_08.txt""]",1,The paraphrase uses an arrow notation to indicate the field update and explicitly lists other objects that must remain unchanged.,deepseek-v4-pro,reports/draft_8.txt,content,approved_8,"[""reports/reference_08.txt"", ""reports/archive_08.txt""]",1,"The paraphrase explicitly states the target object and field, the desired state, and lists the objects that must remain unchanged, preserving the original instruction's meaning.",,0,reports/draft_8.txt,content,approved_8,"[""reports/reference_08.txt"", ""reports/archive_08.txt""]",1,,,,,,,,,
pc_v4_09_p1,pc_v4_09,web_form,pronoun_coreference,Set r09's name to Alice_9; preserve every unrelated object and field.,"Open r09. Change its name so that it reads Alice_9, and leave everything else untouched.",deepseek-v4-flash,r09,name,Alice_9,[],1,"The paraphrase uses 'its' to refer to r09, preserving coreference.",deepseek-v4-pro,r09,name,Alice_9,[],1,"The paraphrase uses 'its' to refer to r09, preserving the coreference. It explicitly states to change the name to Alice_9 and leave everything else untouched, matching the base instruction.",,0,r09,name,Alice_9,[],1,,,,,,,,,
pc_v4_09_p2,pc_v4_09,web_form,conditional_negative_constraint,Set r09's name to Alice_9; preserve every unrelated object and field.,"If r09 is present, set name to Alice_9. Do not alter any other object or field.",deepseek-v4-flash,r09,name,Alice_9,[],1,"The paraphrase adds a condition 'if r09 is present', which is implicit in the base instruction. The constraint 'preserve every unrelated object and field' is preserved as 'Do not alter any other object or field'.",deepseek-v4-pro,r09,name,Alice_9,"[""alter any other object or field""]",1,"The paraphrase adds a conditional 'If r09 is present', but the base instruction assumes r09 exists. The core action and constraint are preserved.",forbidden_effect_set,1,r09,name,Alice_9,,1,,,,,,,,,
pc_v4_09_p3,pc_v4_09,web_form,ellipsis_multi_object_preservation,Set r09's name to Alice_9; preserve every unrelated object and field.,"For r09: name -> Alice_9; peer_record_09_a and peer_record_09_b, unchanged.",deepseek-v4-flash,r09,name,Alice_9,"[""peer_record_09_a"", ""peer_record_09_b""]",1,"The paraphrase uses arrow notation and lists objects to preserve, matching the base instruction.",deepseek-v4-pro,r09,name,Alice_9,"[""peer_record_09_a"", ""peer_record_09_b""]",1,"The paraphrase explicitly instructs to set r09's name to Alice_9 and keep peer_record_09_a and peer_record_09_b unchanged, matching the base instruction's requirement to preserve every unrelated object and field.",,0,r09,name,Alice_9,"[""peer_record_09_a"", ""peer_record_09_b""]",1,,,,,,,,,
pc_v4_10_p1,pc_v4_10,table,pronoun_coreference,Set row10's score to 80; preserve every unrelated object and field.,"Open row10. Change its score so that it reads 80, and leave everything else untouched.",deepseek-v4-flash,row10,score,80,"[""any change to other rows"", ""any change to other fields of row10""]",1,"The paraphrase uses 'its' to refer to row10, maintaining coreference. 'Leave everything else untouched' matches 'preserve every unrelated object and field'.",deepseek-v4-pro,row10,score,80,[],1,The paraphrase maintains the core instruction: set row10's score to 80 and preserve all other objects and fields. The phrase 'leave everything else untouched' corresponds to 'preserve every unrelated object and field'.,forbidden_effect_set,1,row10,score,80,,1,,,,,,,,,
pc_v4_10_p2,pc_v4_10,table,conditional_negative_constraint,Set row10's score to 80; preserve every unrelated object and field.,"If row10 is present, set score to 80. Do not alter any other object or field.",deepseek-v4-flash,row10,score,80,"[""alter any other object or field""]",1,"The paraphrase adds a conditional 'if row10 is present', which is implicit in the base instruction. The negative constraint 'do not alter any other object or field' matches the base instruction's 'preserve every unrelated object and field'.",deepseek-v4-pro,row10,score,80,"[""alter any other object or field""]",1,"The paraphrase explicitly conditions on row10's presence and maintains the prohibition on altering unrelated objects and fields, preserving the original meaning.",,0,row10,score,80,"[""alter any other object or field""]",1,,,,,,,,,
pc_v4_10_p3,pc_v4_10,table,ellipsis_multi_object_preservation,Set row10's score to 80; preserve every unrelated object and field.,"For row10: score -> 80; peer_row_10_a and peer_row_10_b, unchanged.",deepseek-v4-flash,row10,score,80,"[""peer_row_10_a"", ""peer_row_10_b""]",1,"The paraphrase uses an arrow notation and explicitly lists objects to remain unchanged, preserving the original instruction's meaning.",deepseek-v4-pro,row10,score,80,"[""peer_row_10_a"", ""peer_row_10_b""]",1,"The paraphrase explicitly sets row10's score to 80 and states that peer_row_10_a and peer_row_10_b remain unchanged, matching the base instruction's requirement to preserve every unrelated object and field.",,0,row10,score,80,"[""peer_row_10_a"", ""peer_row_10_b""]",1,,,,,,,,,
pc_v4_11_p1,pc_v4_11,workflow_micro,pronoun_coreference,Set step11's note to checked_11; preserve every unrelated object and field.,"Open step11. Change its note so that it reads checked_11, and leave everything else untouched.",deepseek-v4-flash,step11,note,checked_11,"[""step11.note is changed to anything other than checked_11"", ""any object other than step11 is modified"", ""any field other than step11.note is modified""]",1,"The paraphrase uses 'its' to refer to step11, preserving coreference. 'Open' is interpreted as accessing the object, and 'leave everything else untouched' matches 'preserve every unrelated object and field'.",deepseek-v4-pro,step11,note,checked_11,[],1,"The paraphrase explicitly mentions opening step11 and changing its note to checked_11, while instructing to leave everything else untouched, which matches the base instruction's intent to set the note and preserve unrelated objects and fields.",forbidden_effect_set,1,step11,note,checked_11,,1,,,,,,,,,
pc_v4_11_p2,pc_v4_11,workflow_micro,conditional_negative_constraint,Set step11's note to checked_11; preserve every unrelated object and field.,"If step11 is present, set note to checked_11. Do not alter any other object or field.",deepseek-v4-flash,step11,note,checked_11,"[""any change to objects other than step11"", ""any change to fields other than note in step11""]",1,"The paraphrase adds an explicit condition 'If step11 is present', which is implicit in the base instruction. This does not change the core meaning.",deepseek-v4-pro,step11,note,checked_11,[],1,"The paraphrase captures the conditional nature of the original instruction, specifying that the action applies only if step11 exists, and explicitly forbids altering any other object or field.",forbidden_effect_set,1,step11,note,checked_11,,1,,,,,,,,,
pc_v4_11_p3,pc_v4_11,workflow_micro,ellipsis_multi_object_preservation,Set step11's note to checked_11; preserve every unrelated object and field.,"For step11: note -> checked_11; peer_step_11_a and peer_step_11_b, unchanged.",deepseek-v4-flash,step11,note,checked_11,"[""peer_step_11_a"", ""peer_step_11_b""]",1,"The paraphrase explicitly preserves peer_step_11_a and peer_step_11_b, matching the base instruction's preservation requirement.",deepseek-v4-pro,step11,note,checked_11,"[""peer_step_11_a"", ""peer_step_11_b""]",1,"The paraphrase explicitly states the target change and specifies that peer_step_11_a and peer_step_11_b should remain unchanged, which aligns with the base instruction's requirement to preserve every unrelated object and field.",,0,step11,note,checked_11,"[""peer_step_11_a"", ""peer_step_11_b""]",1,,,,,,,,,
pc_v4_12_p1,pc_v4_12,file,pronoun_coreference,Set reports/draft_12.txt's content to approved_12; preserve every unrelated object and field.,"Open reports/draft_12.txt. Change its content so that it reads approved_12, and leave everything else untouched.",deepseek-v4-flash,reports/draft_12.txt,content,approved_12,[],1,"The paraphrase uses 'its' to refer to the file, preserving the coreference and meaning.",deepseek-v4-pro,reports/draft_12.txt,content,approved_12,[],1,"The paraphrase uses 'its' to refer to the file, preserving the coreference and meaning.",,0,reports/draft_12.txt,content,approved_12,[],1,,,,,,,,,
pc_v4_12_p2,pc_v4_12,file,conditional_negative_constraint,Set reports/draft_12.txt's content to approved_12; preserve every unrelated object and field.,"If reports/draft_12.txt is present, set content to approved_12. Do not alter any other object or field.",deepseek-v4-flash,reports/draft_12.txt,content,approved_12,"[""any change to other objects"", ""any change to other fields of reports/draft_12.txt""]",1,"The paraphrase adds a condition 'if present', which is a slight nuance but does not change the core instruction. The forbidden effects are preserved.",deepseek-v4-pro,reports/draft_12.txt,content,approved_12,"[""alter any other object or field""]",1,"The paraphrase captures the conditional aspect ('If reports/draft_12.txt is present') and the negative constraint ('Do not alter any other object or field'), which aligns with the base instruction's 'preserve every unrelated object and field'.",forbidden_effect_set,1,reports/draft_12.txt,content,approved_12,,1,,,,,,,,,
pc_v4_12_p3,pc_v4_12,file,ellipsis_multi_object_preservation,Set reports/draft_12.txt's content to approved_12; preserve every unrelated object and field.,"For reports/draft_12.txt: content -> approved_12; reports/reference_12.txt and reports/archive_12.txt, unchanged.",deepseek-v4-flash,reports/draft_12.txt,content,approved_12,"[""reports/reference_12.txt"", ""reports/archive_12.txt""]",1,"The paraphrase explicitly mentions two other files that must remain unchanged, matching the base instruction's preservation requirement.",deepseek-v4-pro,reports/draft_12.txt,content,approved_12,"[""reports/reference_12.txt"", ""reports/archive_12.txt""]",1,"The paraphrase explicitly states the target object and field, the desired state, and lists the unrelated objects that must remain unchanged, preserving the original instruction's meaning.",,0,reports/draft_12.txt,content,approved_12,"[""reports/reference_12.txt"", ""reports/archive_12.txt""]",1,,,,,,,,,
pc_v4_13_p1,pc_v4_13,web_form,pronoun_coreference,Set r13's status to approved; preserve every unrelated object and field.,"Open r13. Change its status so that it reads approved, and leave everything else untouched.",deepseek-v4-flash,r13,status,approved,[],1,"The paraphrase uses 'its' to refer to r13, preserving the coreference. 'Open r13' is interpreted as accessing the object, and 'leave everything else untouched' matches 'preserve every unrelated object and field'.",deepseek-v4-pro,r13,status,approved,[],1,"The paraphrase uses 'Open r13' which implies interacting with the object, but the core instruction to change status to approved and leave everything else untouched is preserved.",,0,r13,status,approved,[],1,,,,,,,,,
pc_v4_13_p2,pc_v4_13,web_form,conditional_negative_constraint,Set r13's status to approved; preserve every unrelated object and field.,"If r13 is present, set status to approved. Do not alter any other object or field.",deepseek-v4-flash,r13,status,approved,"[""alter any other object or field""]",1,"The paraphrase adds a condition 'if r13 is present', which is implicit in the base instruction. The negative constraint is preserved.",deepseek-v4-pro,r13,status,approved,"[""alter any other object or field""]",1,"The paraphrase adds a conditional 'If r13 is present', which is implied in the base instruction. It explicitly forbids altering any other object or field, matching the base instruction's 'preserve every unrelated object and field'.",,0,r13,status,approved,"[""alter any other object or field""]",1,,,,,,,,,
pc_v4_13_p3,pc_v4_13,web_form,ellipsis_multi_object_preservation,Set r13's status to approved; preserve every unrelated object and field.,"For r13: status -> approved; peer_record_13_a and peer_record_13_b, unchanged.",deepseek-v4-flash,r13,status,approved,"[""peer_record_13_a"", ""peer_record_13_b""]",1,"The paraphrase explicitly preserves two other objects, matching the base instruction's preservation requirement.",deepseek-v4-pro,r13,status,approved,"[""peer_record_13_a"", ""peer_record_13_b""]",1,"The paraphrase explicitly sets r13's status to approved and states that peer_record_13_a and peer_record_13_b remain unchanged, matching the base instruction's requirement to preserve every unrelated object and field.",,0,r13,status,approved,"[""peer_record_13_a"", ""peer_record_13_b""]",1,,,,,,,,,
pc_v4_14_p1,pc_v4_14,table,pronoun_coreference,Set row14's score to 84; preserve every unrelated object and field.,"Open row14. Change its score so that it reads 84, and leave everything else untouched.",deepseek-v4-flash,row14,score,84,[],1,"The paraphrase uses 'its' to refer to row14, preserving the coreference and the instruction to only change the score.",deepseek-v4-pro,row14,score,84,[],1,"The paraphrase uses 'its' to refer to row14, maintaining coreference. It specifies changing the score to 84 and leaving everything else untouched, which matches the base instruction.",,0,row14,score,84,[],1,,,,,,,,,
pc_v4_14_p2,pc_v4_14,table,conditional_negative_constraint,Set row14's score to 84; preserve every unrelated object and field.,"If row14 is present, set score to 84. Do not alter any other object or field.",deepseek-v4-flash,row14,score,84,"[""alter any other object or field""]",1,"The paraphrase adds a conditional 'if row14 is present', which is implicit in the base instruction but does not change the core action.",deepseek-v4-pro,row14,score,84,"[""alter any other object or field""]",1,The paraphrase maintains the conditional nature and the negative constraint.,,0,row14,score,84,"[""alter any other object or field""]",1,,,,,,,,,
pc_v4_14_p3,pc_v4_14,table,ellipsis_multi_object_preservation,Set row14's score to 84; preserve every unrelated object and field.,"For row14: score -> 84; peer_row_14_a and peer_row_14_b, unchanged.",deepseek-v4-flash,row14,score,84,"[""peer_row_14_a"", ""peer_row_14_b""]",1,"The paraphrase uses arrow notation and explicitly lists objects to preserve, matching the base instruction.",deepseek-v4-pro,row14,score,84,"[""peer_row_14_a"", ""peer_row_14_b""]",1,"The paraphrase specifies the same target object and field, sets the score to 84, and explicitly states that peer_row_14_a and peer_row_14_b should remain unchanged, matching the base instruction's requirement to preserve every unrelated object and field.",,0,row14,score,84,"[""peer_row_14_a"", ""peer_row_14_b""]",1,,,,,,,,,
pc_v4_15_p1,pc_v4_15,workflow_micro,pronoun_coreference,Set step15's note to checked_15; preserve every unrelated object and field.,"Open step15. Change its note so that it reads checked_15, and leave everything else untouched.",deepseek-v4-flash,step15,note,checked_15,"[""step15.other_fields"", ""other_steps""]",1,"The paraphrase uses 'its' to refer to step15, preserving coreference.",deepseek-v4-pro,step15,note,checked_15,[],1,"The paraphrase explicitly instructs to open step15, change its note to checked_15, and leave everything else untouched, which matches the base instruction's intent to set step15's note to checked_15 while preserving all other objects and fields.",forbidden_effect_set,1,step15,note,checked_15,,1,,,,,,,,,
pc_v4_15_p2,pc_v4_15,workflow_micro,conditional_negative_constraint,Set step15's note to checked_15; preserve every unrelated object and field.,"If step15 is present, set note to checked_15. Do not alter any other object or field.",deepseek-v4-flash,step15,note,checked_15,"[""any other object"", ""any other field""]",1,"The paraphrase adds a condition 'If step15 is present' which is implicit in the base instruction, but does not change the core meaning.",deepseek-v4-pro,step15,note,checked_15,"[""alter any other object or field""]",1,The paraphrase captures the conditional nature and the prohibition on altering unrelated objects/fields.,forbidden_effect_set,1,step15,note,checked_15,,1,,,,,,,,,
pc_v4_15_p3,pc_v4_15,workflow_micro,ellipsis_multi_object_preservation,Set step15's note to checked_15; preserve every unrelated object and field.,"For step15: note -> checked_15; peer_step_15_a and peer_step_15_b, unchanged.",deepseek-v4-flash,step15,note,checked_15,"[""peer_step_15_a"", ""peer_step_15_b""]",1,,deepseek-v4-pro,step15,note,checked_15,"[""peer_step_15_a"", ""peer_step_15_b""]",1,"The paraphrase explicitly mentions the target object and field, and states that peer_step_15_a and peer_step_15_b should remain unchanged, which aligns with the base instruction's requirement to preserve every unrelated object and field.",,0,step15,note,checked_15,"[""peer_step_15_a"", ""peer_step_15_b""]",1,,,,,,,,,
pc_v4_16_p1,pc_v4_16,file,pronoun_coreference,Set reports/draft_16.txt's content to approved_16; preserve every unrelated object and field.,"Open reports/draft_16.txt. Change its content so that it reads approved_16, and leave everything else untouched.",deepseek-v4-flash,reports/draft_16.txt,content,approved_16,[],1,"The paraphrase uses 'its' to refer to the file, preserving the coreference. 'Leave everything else untouched' matches 'preserve every unrelated object and field'.",deepseek-v4-pro,reports/draft_16.txt,content,approved_16,[],1,"The paraphrase uses 'its' to refer to the file, preserving the coreference and meaning.",,0,reports/draft_16.txt,content,approved_16,[],1,,,,,,,,,
pc_v4_16_p2,pc_v4_16,file,conditional_negative_constraint,Set reports/draft_16.txt's content to approved_16; preserve every unrelated object and field.,"If reports/draft_16.txt is present, set content to approved_16. Do not alter any other object or field.",deepseek-v4-flash,reports/draft_16.txt,content,approved_16,"[""any change to other objects"", ""any change to other fields""]",1,"The paraphrase adds a condition ('if present') not in the base instruction, but the core action and constraint are preserved.",deepseek-v4-pro,reports/draft_16.txt,content,approved_16,"[""alter any other object or field""]",1,"The paraphrase captures the conditional aspect and the negative constraint, preserving the original meaning.",forbidden_effect_set,1,reports/draft_16.txt,content,approved_16,,1,,,,,,,,,
pc_v4_16_p3,pc_v4_16,file,ellipsis_multi_object_preservation,Set reports/draft_16.txt's content to approved_16; preserve every unrelated object and field.,"For reports/draft_16.txt: content -> approved_16; reports/reference_16.txt and reports/archive_16.txt, unchanged.",deepseek-v4-flash,reports/draft_16.txt,content,approved_16,"[""reports/reference_16.txt"", ""reports/archive_16.txt""]",1,"The paraphrase uses a colon and arrow notation to indicate the assignment, and explicitly lists two other files that must remain unchanged.",deepseek-v4-pro,reports/draft_16.txt,content,approved_16,"[""reports/reference_16.txt"", ""reports/archive_16.txt""]",1,"The paraphrase explicitly states the target object and field change, and lists the objects that must remain unchanged, matching the base instruction's requirement to preserve every unrelated object and field.",,0,reports/draft_16.txt,content,approved_16,"[""reports/reference_16.txt"", ""reports/archive_16.txt""]",1,,,,,,,,,
pc_v4_17_p1,pc_v4_17,web_form,pronoun_coreference,Set r17's status to approved; preserve every unrelated object and field.,"Open r17. Change its status so that it reads approved, and leave everything else untouched.",deepseek-v4-flash,r17,status,approved,"[""modify any other object"", ""modify any other field of r17""]",1,"The paraphrase uses 'its' to refer to r17, maintaining coreference. It explicitly says 'leave everything else untouched', matching the base instruction's preservation constraint.",deepseek-v4-pro,r17,status,approved,[],1,"The paraphrase explicitly mentions opening r17, changing its status to approved, and leaving everything else untouched, which matches the base instruction.",forbidden_effect_set,1,r17,status,approved,,1,,,,,,,,,
pc_v4_17_p2,pc_v4_17,web_form,conditional_negative_constraint,Set r17's status to approved; preserve every unrelated object and field.,"If r17 is present, set status to approved. Do not alter any other object or field.",deepseek-v4-flash,r17,status,approved,"[""alter any other object or field""]",1,"The paraphrase adds a conditional 'if r17 is present', which is implicit in the base instruction. The negative constraint 'do not alter any other object or field' matches the base instruction's 'preserve every unrelated object and field'.",deepseek-v4-pro,r17,status,approved,"[""alter any other object or field""]",1,"The paraphrase adds a conditional 'If r17 is present', which is implied in the base instruction. The core action and constraint are preserved.",,0,r17,status,approved,"[""alter any other object or field""]",1,,,,,,,,,
pc_v4_17_p3,pc_v4_17,web_form,ellipsis_multi_object_preservation,Set r17's status to approved; preserve every unrelated object and field.,"For r17: status -> approved; peer_record_17_a and peer_record_17_b, unchanged.",deepseek-v4-flash,r17,status,approved,"[""peer_record_17_a"", ""peer_record_17_b""]",1,"The paraphrase explicitly preserves two other objects, matching the base instruction's preservation requirement.",deepseek-v4-pro,r17,status,approved,"[""peer_record_17_a"", ""peer_record_17_b""]",1,"The paraphrase explicitly sets r17's status to approved and states that peer_record_17_a and peer_record_17_b remain unchanged, matching the base instruction's requirement to preserve every unrelated object and field.",,0,r17,status,approved,"[""peer_record_17_a"", ""peer_record_17_b""]",1,,,,,,,,,
pc_v4_18_p1,pc_v4_18,table,pronoun_coreference,Set row18's score to 88; preserve every unrelated object and field.,"Open row18. Change its score so that it reads 88, and leave everything else untouched.",deepseek-v4-flash,row18,score,88,[],1,"The paraphrase uses 'its' to refer to row18, preserving the coreference and meaning.",deepseek-v4-pro,row18,score,88,[],1,"The paraphrase uses 'its' to refer to row18, maintaining the same target and action while explicitly stating to leave everything else untouched, which matches the base instruction's preservation clause.",,0,row18,score,88,[],1,,,,,,,,,
pc_v4_18_p2,pc_v4_18,table,conditional_negative_constraint,Set row18's score to 88; preserve every unrelated object and field.,"If row18 is present, set score to 88. Do not alter any other object or field.",deepseek-v4-flash,row18,score,88,"[""any change to other objects or fields""]",1,"The paraphrase adds a conditional 'if row18 is present', which is not in the base instruction. However, since the base instruction implies row18 exists, the conditional does not change the meaning in practice.",deepseek-v4-pro,row18,score,88,"[""alter any other object or field""]",1,The paraphrase captures the conditional update and the prohibition on altering unrelated objects and fields.,forbidden_effect_set,1,row18,score,88,,1,,,,,,,,,
pc_v4_18_p3,pc_v4_18,table,ellipsis_multi_object_preservation,Set row18's score to 88; preserve every unrelated object and field.,"For row18: score -> 88; peer_row_18_a and peer_row_18_b, unchanged.",deepseek-v4-flash,row18,score,88,"[""peer_row_18_a"", ""peer_row_18_b""]",1,"The paraphrase uses arrow notation and a semicolon to separate the update from the preservation constraint, which is equivalent to the base instruction.",deepseek-v4-pro,row18,score,88,"[""peer_row_18_a"", ""peer_row_18_b""]",1,"The paraphrase explicitly sets row18's score to 88 and states that peer_row_18_a and peer_row_18_b should remain unchanged, matching the base instruction's requirement to preserve every unrelated object and field.",,0,row18,score,88,"[""peer_row_18_a"", ""peer_row_18_b""]",1,,,,,,,,,
pc_v4_19_p1,pc_v4_19,workflow_micro,pronoun_coreference,Set step19's note to checked_19; preserve every unrelated object and field.,"Open step19. Change its note so that it reads checked_19, and leave everything else untouched.",deepseek-v4-flash,step19,note,checked_19,"[""modify any other field of step19"", ""modify any other object""]",1,"The paraphrase uses 'its' to refer to step19, preserving coreference.",deepseek-v4-pro,step19,note,checked_19,[],1,"The paraphrase explicitly instructs to open step19, change its note to checked_19, and leave everything else untouched, which matches the base instruction's intent to set step19's note to checked_19 and preserve all unrelated objects and fields.",forbidden_effect_set,1,step19,note,checked_19,,1,,,,,,,,,
pc_v4_19_p2,pc_v4_19,workflow_micro,conditional_negative_constraint,Set step19's note to checked_19; preserve every unrelated object and field.,"If step19 is present, set note to checked_19. Do not alter any other object or field.",deepseek-v4-flash,step19,note,checked_19,"[""any change to other objects"", ""any change to other fields of step19""]",1,"The paraphrase adds an explicit condition 'If step19 is present', which is implicit in the base instruction. The negative constraint 'Do not alter any other object or field' is equivalent to 'preserve every unrelated object and field'.",deepseek-v4-pro,step19,note,checked_19,[],1,The paraphrase captures the conditional nature and the constraint to preserve unrelated objects and fields.,forbidden_effect_set,1,step19,note,checked_19,,1,,,,,,,,,
pc_v4_19_p3,pc_v4_19,workflow_micro,ellipsis_multi_object_preservation,Set step19's note to checked_19; preserve every unrelated object and field.,"For step19: note -> checked_19; peer_step_19_a and peer_step_19_b, unchanged.",deepseek-v4-flash,step19,note,checked_19,"[""peer_step_19_a"", ""peer_step_19_b""]",1,"The paraphrase specifies that only step19's note is changed, and peer_step_19_a and peer_step_19_b remain unchanged.",deepseek-v4-pro,step19,note,checked_19,"[""peer_step_19_a"", ""peer_step_19_b""]",1,"The paraphrase explicitly states the target change and mentions that peer_step_19_a and peer_step_19_b should remain unchanged, preserving the meaning of the base instruction.",,0,step19,note,checked_19,"[""peer_step_19_a"", ""peer_step_19_b""]",1,,,,,,,,,
pc_v4_20_p1,pc_v4_20,file,pronoun_coreference,Set reports/draft_20.txt's content to approved_20; preserve every unrelated object and field.,"Open reports/draft_20.txt. Change its content so that it reads approved_20, and leave everything else untouched.",deepseek-v4-flash,reports/draft_20.txt,content,approved_20,[],1,"The paraphrase uses 'its' to refer to the file, preserving the coreference and meaning.",deepseek-v4-pro,reports/draft_20.txt,content,approved_20,[],1,"The paraphrase uses 'its' to refer to 'reports/draft_20.txt', preserving the coreference. The action is the same: set the content to 'approved_20' and leave other objects and fields unchanged.",,0,reports/draft_20.txt,content,approved_20,[],1,,,,,,,,,
pc_v4_20_p2,pc_v4_20,file,conditional_negative_constraint,Set reports/draft_20.txt's content to approved_20; preserve every unrelated object and field.,"If reports/draft_20.txt is present, set content to approved_20. Do not alter any other object or field.",deepseek-v4-flash,reports/draft_20.txt,content,approved_20,"[""any change to other objects"", ""any change to other fields of reports/draft_20.txt""]",1,"The paraphrase adds a condition ('if present') not in the base instruction, but the core action and preservation constraint are preserved.",deepseek-v4-pro,reports/draft_20.txt,content,approved_20,"[""alter any other object or field""]",1,"The paraphrase captures the conditional aspect ('If reports/draft_20.txt is present') and the negative constraint ('Do not alter any other object or field'), which aligns with the base instruction's 'preserve every unrelated object and field'.",forbidden_effect_set,1,reports/draft_20.txt,content,approved_20,,1,,,,,,,,,
pc_v4_20_p3,pc_v4_20,file,ellipsis_multi_object_preservation,Set reports/draft_20.txt's content to approved_20; preserve every unrelated object and field.,"For reports/draft_20.txt: content -> approved_20; reports/reference_20.txt and reports/archive_20.txt, unchanged.",deepseek-v4-flash,reports/draft_20.txt,content,approved_20,"[""reports/reference_20.txt"", ""reports/archive_20.txt""]",1,The paraphrase explicitly preserves the two unrelated objects.,deepseek-v4-pro,reports/draft_20.txt,content,approved_20,"[""reports/reference_20.txt"", ""reports/archive_20.txt""]",1,"The paraphrase explicitly sets the content of reports/draft_20.txt to approved_20 and states that reports/reference_20.txt and reports/archive_20.txt remain unchanged, matching the base instruction's requirement to preserve every unrelated object and field.",,0,reports/draft_20.txt,content,approved_20,"[""reports/reference_20.txt"", ""reports/archive_20.txt""]",1,,,,,,,,,
pc_v4_21_p1,pc_v4_21,web_form,pronoun_coreference,Set r21's name to Alice_21; preserve every unrelated object and field.,"Open r21. Change its name so that it reads Alice_21, and leave everything else untouched.",deepseek-v4-flash,r21,name,Alice_21,[],1,"The paraphrase uses 'its' to refer to r21, maintaining coreference. 'Open r21' is interpreted as accessing the object, and 'leave everything else untouched' matches 'preserve every unrelated object and field.'",deepseek-v4-pro,r21,name,Alice_21,[],1,"The paraphrase instructs to open r21, change its name to Alice_21, and leave everything else untouched, which matches the base instruction to set r21's name to Alice_21 and preserve every unrelated object and field.",,0,r21,name,Alice_21,[],1,,,,,,,,,
pc_v4_21_p2,pc_v4_21,web_form,conditional_negative_constraint,Set r21's name to Alice_21; preserve every unrelated object and field.,"If r21 is present, set name to Alice_21. Do not alter any other object or field.",deepseek-v4-flash,r21,name,Alice_21,"[""any change to other objects"", ""any change to other fields of r21""]",1,"The paraphrase adds a condition 'if r21 is present', which is implicit in the base instruction. The negative constraint 'do not alter any other object or field' is preserved.",deepseek-v4-pro,r21,name,Alice_21,"[""alter any other object or field""]",1,The paraphrase captures the conditional nature and the prohibition on altering unrelated objects/fields.,forbidden_effect_set,1,r21,name,Alice_21,,1,,,,,,,,,
pc_v4_21_p3,pc_v4_21,web_form,ellipsis_multi_object_preservation,Set r21's name to Alice_21; preserve every unrelated object and field.,"For r21: name -> Alice_21; peer_record_21_a and peer_record_21_b, unchanged.",deepseek-v4-flash,r21,name,Alice_21,"[""peer_record_21_a"", ""peer_record_21_b""]",1,"The paraphrase uses arrow notation and lists objects to preserve, matching the base instruction's intent.",deepseek-v4-pro,r21,name,Alice_21,"[""peer_record_21_a"", ""peer_record_21_b""]",1,"The paraphrase explicitly states the target object and field, and specifies that peer_record_21_a and peer_record_21_b should remain unchanged, which aligns with the base instruction's requirement to preserve every unrelated object and field.",,0,r21,name,Alice_21,"[""peer_record_21_a"", ""peer_record_21_b""]",1,,,,,,,,,
pc_v4_22_p1,pc_v4_22,table,pronoun_coreference,Set row22's score to 82; preserve every unrelated object and field.,"Open row22. Change its score so that it reads 82, and leave everything else untouched.",deepseek-v4-flash,row22,score,82,"[""any other row"", ""any other field of row22""]",1,"The paraphrase uses 'its' to refer to row22, preserving the coreference.",deepseek-v4-pro,row22,score,82,[],1,"The paraphrase uses 'its' to refer to row22, maintaining coreference. It specifies changing the score to 82 and leaving everything else untouched, matching the base instruction.",forbidden_effect_set,1,row22,score,82,,1,,,,,,,,,
pc_v4_22_p2,pc_v4_22,table,conditional_negative_constraint,Set row22's score to 82; preserve every unrelated object and field.,"If row22 is present, set score to 82. Do not alter any other object or field.",deepseek-v4-flash,row22,score,82,"[""alter any other object or field""]",1,"The paraphrase adds a conditional 'if row22 is present', which is implicit in the base instruction. The negative constraint 'do not alter any other object or field' matches the base instruction's 'preserve every unrelated object and field'.",deepseek-v4-pro,row22,score,82,"[""alter any other object or field""]",1,The paraphrase adds a conditional 'If row22 is present' but the core instruction to set score to 82 and preserve everything else remains the same.,,0,row22,score,82,"[""alter any other object or field""]",1,,,,,,,,,
pc_v4_22_p3,pc_v4_22,table,ellipsis_multi_object_preservation,Set row22's score to 82; preserve every unrelated object and field.,"For row22: score -> 82; peer_row_22_a and peer_row_22_b, unchanged.",deepseek-v4-flash,row22,score,82,"[""peer_row_22_a"", ""peer_row_22_b""]",1,"The paraphrase uses an arrow notation and explicitly lists objects to remain unchanged, preserving the meaning of the base instruction.",deepseek-v4-pro,row22,score,82,"[""peer_row_22_a"", ""peer_row_22_b""]",1,"The paraphrase explicitly sets row22's score to 82 and states that peer_row_22_a and peer_row_22_b should remain unchanged, matching the base instruction's requirement to preserve every unrelated object and field.",,0,row22,score,82,"[""peer_row_22_a"", ""peer_row_22_b""]",1,,,,,,,,,
pc_v4_23_p1,pc_v4_23,workflow_micro,pronoun_coreference,Set step23's note to checked_23; preserve every unrelated object and field.,"Open step23. Change its note so that it reads checked_23, and leave everything else untouched.",deepseek-v4-flash,step23,note,checked_23,"[""step23.any_other_field"", ""any_other_object.any_field""]",1,"The paraphrase uses 'its' to refer to step23, preserving the coreference and meaning.",deepseek-v4-pro,step23,note,checked_23,[],1,"The paraphrase explicitly instructs to open step23 and change its note to checked_23, while leaving everything else untouched, which matches the base instruction's intent to set step23's note to checked_23 and preserve all unrelated objects and fields.",forbidden_effect_set,1,step23,note,checked_23,,1,,,,,,,,,
pc_v4_23_p2,pc_v4_23,workflow_micro,conditional_negative_constraint,Set step23's note to checked_23; preserve every unrelated object and field.,"If step23 is present, set note to checked_23. Do not alter any other object or field.",deepseek-v4-flash,step23,note,checked_23,"[""any change to other objects"", ""any change to other fields of step23""]",1,"The paraphrase adds a condition 'If step23 is present' which is not in the base instruction, but it is a reasonable implicit assumption. The negative constraint 'Do not alter any other object or field' matches the base instruction's 'preserve every unrelated object and field'.",deepseek-v4-pro,step23,note,checked_23,"[""alter any other object or field""]",1,"The paraphrase captures the conditional nature of the original instruction, specifying that the action applies only if step23 exists, and explicitly forbids changes to other objects or fields.",forbidden_effect_set,1,step23,note,checked_23,,1,,,,,,,,,
pc_v4_23_p3,pc_v4_23,workflow_micro,ellipsis_multi_object_preservation,Set step23's note to checked_23; preserve every unrelated object and field.,"For step23: note -> checked_23; peer_step_23_a and peer_step_23_b, unchanged.",deepseek-v4-flash,step23,note,checked_23,"[""peer_step_23_a"", ""peer_step_23_b""]",1,,deepseek-v4-pro,step23,note,checked_23,"[""peer_step_23_a"", ""peer_step_23_b""]",1,"The paraphrase explicitly states the target object and field, the desired value, and specifies that peer_step_23_a and peer_step_23_b should remain unchanged, which aligns with the base instruction's requirement to preserve every unrelated object and field.",,0,step23,note,checked_23,"[""peer_step_23_a"", ""peer_step_23_b""]",1,,,,,,,,,
pc_v4_24_p1,pc_v4_24,file,pronoun_coreference,Set reports/draft_24.txt's content to approved_24; preserve every unrelated object and field.,"Open reports/draft_24.txt. Change its content so that it reads approved_24, and leave everything else untouched.",deepseek-v4-flash,reports/draft_24.txt,content,approved_24,"[""content of other files"", ""other fields of reports/draft_24.txt""]",1,"The paraphrase uses 'its' to refer to the file, preserving coreference.",deepseek-v4-pro,reports/draft_24.txt,content,approved_24,[],1,"The paraphrase uses 'Open reports/draft_24.txt. Change its content so that it reads approved_24, and leave everything else untouched.' which maintains the same meaning as the base instruction. The pronoun 'its' refers to the file, and the action is equivalent to setting the content to 'approved_24' while preserving other objects and fields.",forbidden_effect_set,1,reports/draft_24.txt,content,approved_24,,1,,,,,,,,,
pc_v4_24_p2,pc_v4_24,file,conditional_negative_constraint,Set reports/draft_24.txt's content to approved_24; preserve every unrelated object and field.,"If reports/draft_24.txt is present, set content to approved_24. Do not alter any other object or field.",deepseek-v4-flash,reports/draft_24.txt,content,approved_24,"[""reports/draft_24.txt is absent""]",1,"The paraphrase adds a condition that the file must be present, which is implicit in the base instruction. The forbidden effect is that the file might not exist, but the base instruction assumes it does.",deepseek-v4-pro,reports/draft_24.txt,content,approved_24,"[""alter any other object or field""]",1,"The paraphrase adds a conditional 'If reports/draft_24.txt is present', but the base instruction assumes the object exists. The core action and constraint are preserved.",forbidden_effect_set,1,reports/draft_24.txt,content,approved_24,,1,,,,,,,,,
pc_v4_24_p3,pc_v4_24,file,ellipsis_multi_object_preservation,Set reports/draft_24.txt's content to approved_24; preserve every unrelated object and field.,"For reports/draft_24.txt: content -> approved_24; reports/reference_24.txt and reports/archive_24.txt, unchanged.",deepseek-v4-flash,reports/draft_24.txt,content,approved_24,"[""reports/reference_24.txt"", ""reports/archive_24.txt""]",1,"The paraphrase explicitly preserves two other objects, matching the base instruction's preservation requirement.",deepseek-v4-pro,reports/draft_24.txt,content,approved_24,"[""reports/reference_24.txt"", ""reports/archive_24.txt""]",1,"The paraphrase explicitly states the target object and field, the desired state, and lists two other objects that must remain unchanged, preserving the original instruction's meaning.",,0,reports/draft_24.txt,content,approved_24,"[""reports/reference_24.txt"", ""reports/archive_24.txt""]",1,,,,,,,,,
pc_v4_25_p1,pc_v4_25,web_form,pronoun_coreference,Set r25's status to approved; preserve every unrelated object and field.,"Open r25. Change its status so that it reads approved, and leave everything else untouched.",deepseek-v4-flash,r25,status,approved,"[""change any other field of r25"", ""modify any other object""]",1,"The paraphrase uses 'its' to refer to r25, preserving coreference. 'Open' implies accessing the object, and 'leave everything else untouched' matches preserving unrelated objects and fields.",deepseek-v4-pro,r25,status,approved,[],1,"The paraphrase correctly identifies the target object and field, specifies the desired state, and instructs to leave everything else unchanged, preserving the original meaning.",forbidden_effect_set,1,r25,status,approved,,1,,,,,,,,,
pc_v4_25_p2,pc_v4_25,web_form,conditional_negative_constraint,Set r25's status to approved; preserve every unrelated object and field.,"If r25 is present, set status to approved. Do not alter any other object or field.",deepseek-v4-flash,r25,status,approved,"[""any change to other objects"", ""any change to other fields""]",1,"The paraphrase adds a condition 'if r25 is present', which is implicit in the base instruction. The negative constraint is preserved.",deepseek-v4-pro,r25,status,approved,"[""alter any other object or field""]",1,"The paraphrase explicitly states the condition 'If r25 is present' and the action 'set status to approved', while forbidding changes to other objects or fields, which matches the base instruction's intent.",forbidden_effect_set,1,r25,status,approved,,1,,,,,,,,,
pc_v4_25_p3,pc_v4_25,web_form,ellipsis_multi_object_preservation,Set r25's status to approved; preserve every unrelated object and field.,"For r25: status -> approved; peer_record_25_a and peer_record_25_b, unchanged.",deepseek-v4-flash,r25,status,approved,"[""peer_record_25_a"", ""peer_record_25_b""]",1,"The paraphrase explicitly preserves peer_record_25_a and peer_record_25_b, matching the base instruction's preservation of unrelated objects and fields.",deepseek-v4-pro,r25,status,approved,"[""peer_record_25_a"", ""peer_record_25_b""]",1,"The paraphrase specifies the target object and field, the desired state, and explicitly states that peer_record_25_a and peer_record_25_b should remain unchanged, matching the base instruction's requirement to preserve every unrelated object and field.",,0,r25,status,approved,"[""peer_record_25_a"", ""peer_record_25_b""]",1,,,,,,,,,
pc_v4_26_p1,pc_v4_26,table,pronoun_coreference,Set row26's score to 86; preserve every unrelated object and field.,"Open row26. Change its score so that it reads 86, and leave everything else untouched.",deepseek-v4-flash,row26,score,86,"[""any other row"", ""any other field of row26""]",1,"The paraphrase uses 'its' to refer to row26, preserving coreference and meaning.",deepseek-v4-pro,row26,score,86,[],1,"The paraphrase uses 'its' to refer to row26, maintaining the same target and action while explicitly stating to leave everything else untouched, matching the base instruction.",forbidden_effect_set,1,row26,score,86,,1,,,,,,,,,
pc_v4_26_p2,pc_v4_26,table,conditional_negative_constraint,Set row26's score to 86; preserve every unrelated object and field.,"If row26 is present, set score to 86. Do not alter any other object or field.",deepseek-v4-flash,row26,score,86,"[""any change to other objects"", ""any change to other fields""]",1,"The paraphrase adds a conditional 'if present' which is not in the base instruction, but the core action and constraint are preserved.",deepseek-v4-pro,row26,score,86,"[""alter any other object or field""]",1,"The paraphrase explicitly conditions the update on row26's presence, which is implied in the base instruction. Both specify setting score to 86 and preserving all other objects and fields.",forbidden_effect_set,1,row26,score,86,,1,,,,,,,,,
pc_v4_26_p3,pc_v4_26,table,ellipsis_multi_object_preservation,Set row26's score to 86; preserve every unrelated object and field.,"For row26: score -> 86; peer_row_26_a and peer_row_26_b, unchanged.",deepseek-v4-flash,row26,score,86,"[""peer_row_26_a"", ""peer_row_26_b""]",1,"The paraphrase uses arrow notation and lists objects to preserve, matching the base instruction.",deepseek-v4-pro,row26,score,86,"[""peer_row_26_a"", ""peer_row_26_b""]",1,"The paraphrase explicitly sets row26's score to 86 and states that peer_row_26_a and peer_row_26_b should remain unchanged, matching the base instruction's requirement to preserve every unrelated object and field.",,0,row26,score,86,"[""peer_row_26_a"", ""peer_row_26_b""]",1,,,,,,,,,
pc_v4_27_p1,pc_v4_27,workflow_micro,pronoun_coreference,Set step27's note to checked_27; preserve every unrelated object and field.,"Open step27. Change its note so that it reads checked_27, and leave everything else untouched.",deepseek-v4-flash,step27,note,checked_27,"[""modify any other field of step27"", ""modify any other object""]",1,"The paraphrase uses 'its' to refer to step27, preserving coreference.",deepseek-v4-pro,step27,note,checked_27,[],1,"The paraphrase uses 'Open step27' which implies selecting or focusing on the object, but the core instruction to set the note to 'checked_27' and preserve everything else is maintained.",forbidden_effect_set,1,step27,note,checked_27,,1,,,,,,,,,
pc_v4_27_p2,pc_v4_27,workflow_micro,conditional_negative_constraint,Set step27's note to checked_27; preserve every unrelated object and field.,"If step27 is present, set note to checked_27. Do not alter any other object or field.",deepseek-v4-flash,step27,note,checked_27,"[""modify any other object"", ""modify any other field""]",1,"The paraphrase adds a condition 'If step27 is present', which is implicit in the base instruction. The negative constraint 'Do not alter any other object or field' matches 'preserve every unrelated object and field'.",deepseek-v4-pro,step27,note,checked_27,"[""alter any other object or field""]",1,"The paraphrase adds a conditional 'If step27 is present', but the base instruction assumes step27 exists. The core action and constraint are preserved.",forbidden_effect_set,1,step27,note,checked_27,,1,,,,,,,,,
pc_v4_27_p3,pc_v4_27,workflow_micro,ellipsis_multi_object_preservation,Set step27's note to checked_27; preserve every unrelated object and field.,"For step27: note -> checked_27; peer_step_27_a and peer_step_27_b, unchanged.",deepseek-v4-flash,step27,note,checked_27,"[""peer_step_27_a"", ""peer_step_27_b""]",1,,deepseek-v4-pro,step27,note,checked_27,"[""peer_step_27_a"", ""peer_step_27_b""]",1,"The paraphrase explicitly states the target object and field, the expected value, and specifies that peer_step_27_a and peer_step_27_b should remain unchanged, which aligns with the base instruction's requirement to preserve every unrelated object and field.",,0,step27,note,checked_27,"[""peer_step_27_a"", ""peer_step_27_b""]",1,,,,,,,,,
pc_v4_28_p1,pc_v4_28,file,pronoun_coreference,Set reports/draft_28.txt's content to approved_28; preserve every unrelated object and field.,"Open reports/draft_28.txt. Change its content so that it reads approved_28, and leave everything else untouched.",deepseek-v4-flash,reports/draft_28.txt,content,approved_28,[],1,"The paraphrase uses 'its' to refer to the file, preserving coreference. 'Leave everything else untouched' matches 'preserve every unrelated object and field'.",deepseek-v4-pro,reports/draft_28.txt,content,approved_28,[],1,"The paraphrase uses 'Open reports/draft_28.txt. Change its content so that it reads approved_28, and leave everything else untouched.' which conveys the same meaning as the base instruction. The pronoun 'its' refers to the file, and the action is to set the content to 'approved_28' while preserving other objects and fields.",,0,reports/draft_28.txt,content,approved_28,[],1,,,,,,,,,
pc_v4_28_p2,pc_v4_28,file,conditional_negative_constraint,Set reports/draft_28.txt's content to approved_28; preserve every unrelated object and field.,"If reports/draft_28.txt is present, set content to approved_28. Do not alter any other object or field.",deepseek-v4-flash,reports/draft_28.txt,content,approved_28,"[""*""]",1,"The paraphrase adds a condition 'if present' which is not in the base instruction, but it is a reasonable interpretation for a file operation.",deepseek-v4-pro,reports/draft_28.txt,content,approved_28,"[""alter any other object or field""]",1,"The paraphrase captures the conditional negative constraint by stating 'If reports/draft_28.txt is present, set content to approved_28' and explicitly forbids altering any other object or field, matching the original instruction.",forbidden_effect_set,1,reports/draft_28.txt,content,approved_28,,1,,,,,,,,,
pc_v4_28_p3,pc_v4_28,file,ellipsis_multi_object_preservation,Set reports/draft_28.txt's content to approved_28; preserve every unrelated object and field.,"For reports/draft_28.txt: content -> approved_28; reports/reference_28.txt and reports/archive_28.txt, unchanged.",deepseek-v4-flash,reports/draft_28.txt,content,approved_28,"[""reports/reference_28.txt"", ""reports/archive_28.txt""]",1,"The paraphrase explicitly preserves two other files, matching the base instruction's preservation requirement.",deepseek-v4-pro,reports/draft_28.txt,content,approved_28,"[""reports/reference_28.txt"", ""reports/archive_28.txt""]",1,"The paraphrase explicitly sets the content of reports/draft_28.txt to approved_28 and states that reports/reference_28.txt and reports/archive_28.txt should remain unchanged, preserving the original instruction's intent.",,0,reports/draft_28.txt,content,approved_28,"[""reports/reference_28.txt"", ""reports/archive_28.txt""]",1,,,,,,,,,
pc_v4_29_p1,pc_v4_29,web_form,pronoun_coreference,Set r29's status to approved; preserve every unrelated object and field.,"Open r29. Change its status so that it reads approved, and leave everything else untouched.",deepseek-v4-flash,r29,status,approved,"[""any change to objects other than r29"", ""any change to fields of r29 other than status""]",1,"The paraphrase uses 'its' to refer to r29, preserving coreference. 'Leave everything else untouched' matches 'preserve every unrelated object and field'.",deepseek-v4-pro,r29,status,approved,[],1,"The paraphrase uses 'Open r29' which implies selecting or focusing on r29, then changing its status to approved, and leaving everything else untouched, which matches the base instruction.",forbidden_effect_set,1,r29,status,approved,,1,,,,,,,,,
pc_v4_29_p2,pc_v4_29,web_form,conditional_negative_constraint,Set r29's status to approved; preserve every unrelated object and field.,"If r29 is present, set status to approved. Do not alter any other object or field.",deepseek-v4-flash,r29,status,approved,"[""any change to other objects"", ""any change to other fields""]",1,"The paraphrase adds a conditional 'if r29 is present', which is a slight nuance but does not change the core instruction. The negative constraint is preserved.",deepseek-v4-pro,r29,status,approved,[],1,"The paraphrase captures the conditional nature of the original instruction, specifying that the status should be set to approved only if r29 is present, while preserving all other objects and fields.",forbidden_effect_set,1,r29,status,approved,,1,,,,,,,,,
pc_v4_29_p3,pc_v4_29,web_form,ellipsis_multi_object_preservation,Set r29's status to approved; preserve every unrelated object and field.,"For r29: status -> approved; peer_record_29_a and peer_record_29_b, unchanged.",deepseek-v4-flash,r29,status,approved,"[""peer_record_29_a"", ""peer_record_29_b""]",1,"The paraphrase uses a colon and arrow notation to specify the update, and explicitly lists two objects that must remain unchanged, matching the base instruction's preservation requirement.",deepseek-v4-pro,r29,status,approved,"[""peer_record_29_a"", ""peer_record_29_b""]",1,"The paraphrase explicitly sets r29's status to approved and states that peer_record_29_a and peer_record_29_b remain unchanged, matching the base instruction's requirement to preserve every unrelated object and field.",,0,r29,status,approved,"[""peer_record_29_a"", ""peer_record_29_b""]",1,,,,,,,,,
pc_v4_30_p1,pc_v4_30,table,pronoun_coreference,Set row30's score to 80; preserve every unrelated object and field.,"Open row30. Change its score so that it reads 80, and leave everything else untouched.",deepseek-v4-flash,row30,score,80,"[""any change to other rows"", ""any change to other fields of row30""]",1,"The paraphrase uses 'its' to refer to row30, preserving coreference.",deepseek-v4-pro,row30,score,80,[],1,"The paraphrase maintains the core instruction to set row30's score to 80 and preserve all other objects and fields, using slightly different wording.",forbidden_effect_set,1,row30,score,80,,1,,,,,,,,,
pc_v4_30_p2,pc_v4_30,table,conditional_negative_constraint,Set row30's score to 80; preserve every unrelated object and field.,"If row30 is present, set score to 80. Do not alter any other object or field.",deepseek-v4-flash,row30,score,80,"[""alter any other object or field""]",1,"The paraphrase adds a conditional 'if row30 is present', which is implicit in the base instruction. The negative constraint 'do not alter any other object or field' matches the base instruction's 'preserve every unrelated object and field'.",deepseek-v4-pro,row30,score,80,"[""alter any other object or field""]",1,"The paraphrase explicitly conditions on row30's presence and maintains the prohibition on altering other objects or fields, preserving the original meaning.",,0,row30,score,80,"[""alter any other object or field""]",1,,,,,,,,,
pc_v4_30_p3,pc_v4_30,table,ellipsis_multi_object_preservation,Set row30's score to 80; preserve every unrelated object and field.,"For row30: score -> 80; peer_row_30_a and peer_row_30_b, unchanged.",deepseek-v4-flash,row30,score,80,"[""peer_row_30_a"", ""peer_row_30_b""]",1,"The paraphrase uses an arrow notation and explicitly lists objects to remain unchanged, preserving the base instruction's meaning.",deepseek-v4-pro,row30,score,80,"[""peer_row_30_a"", ""peer_row_30_b""]",1,"The paraphrase specifies the same target object and field, sets the score to 80, and explicitly states that peer_row_30_a and peer_row_30_b should remain unchanged, matching the base instruction's requirement to preserve every unrelated object and field.",,0,row30,score,80,"[""peer_row_30_a"", ""peer_row_30_b""]",1,,,,,,,,,
pc_v4_31_p1,pc_v4_31,workflow_micro,pronoun_coreference,Set step31's note to checked_31; preserve every unrelated object and field.,"Open step31. Change its note so that it reads checked_31, and leave everything else untouched.",deepseek-v4-flash,step31,note,checked_31,[],1,"The paraphrase uses 'its' to refer to step31, preserving coreference. 'Open step31' is an additional action not in the base instruction, but it does not change the intended effect on the note field.",deepseek-v4-pro,step31,note,checked_31,[],1,"The paraphrase explicitly instructs to open step31, change its note to 'checked_31', and leave everything else untouched, which matches the base instruction's intent to set step31's note to checked_31 and preserve all unrelated objects and fields.",,0,step31,note,checked_31,[],1,,,,,,,,,
pc_v4_31_p2,pc_v4_31,workflow_micro,conditional_negative_constraint,Set step31's note to checked_31; preserve every unrelated object and field.,"If step31 is present, set note to checked_31. Do not alter any other object or field.",deepseek-v4-flash,step31,note,checked_31,"[""any change to any other object or field""]",1,The paraphrase adds a condition 'If step31 is present' which is implicit in the base instruction; the negative constraint 'Do not alter any other object or field' matches 'preserve every unrelated object and field'.,deepseek-v4-pro,step31,note,checked_31,"[""alter any other object or field""]",1,The paraphrase captures the conditional nature of the original instruction and the prohibition against altering unrelated objects and fields.,forbidden_effect_set,1,step31,note,checked_31,,1,,,,,,,,,
pc_v4_31_p3,pc_v4_31,workflow_micro,ellipsis_multi_object_preservation,Set step31's note to checked_31; preserve every unrelated object and field.,"For step31: note -> checked_31; peer_step_31_a and peer_step_31_b, unchanged.",deepseek-v4-flash,step31,note,checked_31,"[""peer_step_31_a"", ""peer_step_31_b""]",1,"The paraphrase explicitly preserves peer_step_31_a and peer_step_31_b, matching the base instruction's preservation requirement.",deepseek-v4-pro,step31,note,checked_31,"[""peer_step_31_a"", ""peer_step_31_b""]",1,"The paraphrase explicitly states to set step31's note to checked_31 and keep peer_step_31_a and peer_step_31_b unchanged, matching the base instruction's intent to preserve unrelated objects and fields.",,0,step31,note,checked_31,"[""peer_step_31_a"", ""peer_step_31_b""]",1,,,,,,,,,
pc_v4_32_p1,pc_v4_32,file,pronoun_coreference,Set reports/draft_32.txt's content to approved_32; preserve every unrelated object and field.,"Open reports/draft_32.txt. Change its content so that it reads approved_32, and leave everything else untouched.",deepseek-v4-flash,reports/draft_32.txt,content,approved_32,"[""any change to other files"", ""any change to other fields of reports/draft_32.txt""]",1,"The paraphrase uses 'its' to refer to the file, preserving coreference.",deepseek-v4-pro,reports/draft_32.txt,content,approved_32,[],1,"The paraphrase uses 'its' to refer to the file, preserving the coreference. It specifies the same target object, field, and expected state, and explicitly states to leave everything else untouched, matching the base instruction.",forbidden_effect_set,1,reports/draft_32.txt,content,approved_32,,1,,,,,,,,,
pc_v4_32_p2,pc_v4_32,file,conditional_negative_constraint,Set reports/draft_32.txt's content to approved_32; preserve every unrelated object and field.,"If reports/draft_32.txt is present, set content to approved_32. Do not alter any other object or field.",deepseek-v4-flash,reports/draft_32.txt,content,approved_32,"[""any other object"", ""any other field""]",1,"The paraphrase adds a condition ('if present') that is not in the base instruction, but the core action and preservation constraint are preserved.",deepseek-v4-pro,reports/draft_32.txt,content,approved_32,"[""alter any other object or field""]",1,"The paraphrase adds a conditional 'If reports/draft_32.txt is present', which is not in the base instruction, but the core meaning of setting content to approved_32 and preserving everything else is maintained.",forbidden_effect_set,1,reports/draft_32.txt,content,approved_32,,1,,,,,,,,,
pc_v4_32_p3,pc_v4_32,file,ellipsis_multi_object_preservation,Set reports/draft_32.txt's content to approved_32; preserve every unrelated object and field.,"For reports/draft_32.txt: content -> approved_32; reports/reference_32.txt and reports/archive_32.txt, unchanged.",deepseek-v4-flash,reports/draft_32.txt,content,approved_32,"[""reports/reference_32.txt"", ""reports/archive_32.txt""]",1,"The paraphrase explicitly preserves two other files, matching the base instruction's preservation requirement.",deepseek-v4-pro,reports/draft_32.txt,content,approved_32,"[""reports/reference_32.txt"", ""reports/archive_32.txt""]",1,"The paraphrase explicitly sets the content of reports/draft_32.txt to approved_32 and states that reports/reference_32.txt and reports/archive_32.txt remain unchanged, matching the base instruction's requirement to preserve every unrelated object and field.",,0,reports/draft_32.txt,content,approved_32,"[""reports/reference_32.txt"", ""reports/archive_32.txt""]",1,,,,,,,,,
pc_v4_33_p1,pc_v4_33,web_form,pronoun_coreference,Set r33's name to Alice_33; preserve every unrelated object and field.,"Open r33. Change its name so that it reads Alice_33, and leave everything else untouched.",deepseek-v4-flash,r33,name,Alice_33,[],1,"The paraphrase uses 'its' to refer to r33, preserving coreference and meaning.",deepseek-v4-pro,r33,name,Alice_33,[],1,The paraphrase maintains the core instruction: set r33's name to Alice_33 and preserve all other objects and fields. 'Open r33' is an additional step but does not alter the intended outcome.,,0,r33,name,Alice_33,[],1,,,,,,,,,
pc_v4_33_p2,pc_v4_33,web_form,conditional_negative_constraint,Set r33's name to Alice_33; preserve every unrelated object and field.,"If r33 is present, set name to Alice_33. Do not alter any other object or field.",deepseek-v4-flash,r33,name,Alice_33,"[""any change to other objects"", ""any change to other fields of r33""]",1,"The paraphrase adds a condition 'if r33 is present' which is implicit in the base instruction, but does not change the core meaning.",deepseek-v4-pro,r33,name,Alice_33,"[""alter any other object or field""]",1,"The paraphrase adds a conditional 'If r33 is present', which slightly changes the instruction by making the action conditional, but the core intent to set r33's name to Alice_33 and preserve everything else is maintained.",forbidden_effect_set,1,r33,name,Alice_33,,1,,,,,,,,,
pc_v4_33_p3,pc_v4_33,web_form,ellipsis_multi_object_preservation,Set r33's name to Alice_33; preserve every unrelated object and field.,"For r33: name -> Alice_33; peer_record_33_a and peer_record_33_b, unchanged.",deepseek-v4-flash,r33,name,Alice_33,"[""peer_record_33_a"", ""peer_record_33_b""]",1,"The paraphrase uses an arrow notation and explicitly lists objects to preserve, matching the base instruction's intent.",deepseek-v4-pro,r33,name,Alice_33,"[""peer_record_33_a"", ""peer_record_33_b""]",1,"The paraphrase specifies the target object and field, the new value, and explicitly states that peer_record_33_a and peer_record_33_b should remain unchanged, matching the base instruction's requirement to preserve every unrelated object and field.",,0,r33,name,Alice_33,"[""peer_record_33_a"", ""peer_record_33_b""]",1,,,,,,,,,
pc_v4_34_p1,pc_v4_34,table,pronoun_coreference,Set row34's score to 84; preserve every unrelated object and field.,"Open row34. Change its score so that it reads 84, and leave everything else untouched.",deepseek-v4-flash,row34,score,84,"[""change any other row"", ""change any other field of row34"", ""modify any other object""]",1,"The paraphrase uses 'its' to refer to row34, preserving coreference. 'Open' is interpreted as selecting or accessing the row, and 'leave everything else untouched' matches the preservation constraint.",deepseek-v4-pro,row34,score,84,[],1,"The paraphrase correctly identifies the target object and field, specifies the new value, and instructs to leave everything else unchanged, matching the base instruction.",forbidden_effect_set,1,row34,score,84,,1,,,,,,,,,
pc_v4_34_p2,pc_v4_34,table,conditional_negative_constraint,Set row34's score to 84; preserve every unrelated object and field.,"If row34 is present, set score to 84. Do not alter any other object or field.",deepseek-v4-flash,row34,score,84,"[""alter any other object or field""]",1,,deepseek-v4-pro,row34,score,84,"[""alter any other object or field""]",1,"The paraphrase explicitly conditions on row34's presence and maintains the prohibition on altering other objects/fields, preserving the original instruction's meaning.",,0,row34,score,84,"[""alter any other object or field""]",1,,,,,,,,,
pc_v4_34_p3,pc_v4_34,table,ellipsis_multi_object_preservation,Set row34's score to 84; preserve every unrelated object and field.,"For row34: score -> 84; peer_row_34_a and peer_row_34_b, unchanged.",deepseek-v4-flash,row34,score,84,"[""peer_row_34_a"", ""peer_row_34_b""]",1,"The paraphrase uses arrow notation and lists objects to remain unchanged, preserving the original instruction's meaning.",deepseek-v4-pro,row34,score,84,"[""peer_row_34_a"", ""peer_row_34_b""]",1,"The paraphrase specifies the same target object and field, sets the score to 84, and explicitly states that peer_row_34_a and peer_row_34_b should remain unchanged, matching the base instruction's requirement to preserve every unrelated object and field.",,0,row34,score,84,"[""peer_row_34_a"", ""peer_row_34_b""]",1,,,,,,,,,
pc_v4_35_p1,pc_v4_35,workflow_micro,pronoun_coreference,Set step35's note to checked_35; preserve every unrelated object and field.,"Open step35. Change its note so that it reads checked_35, and leave everything else untouched.",deepseek-v4-flash,step35,note,checked_35,"[""any modification to objects other than step35"", ""any modification to fields other than note in step35""]",1,"The paraphrase uses 'its' to refer to step35, preserving coreference. 'Open step35' is interpreted as accessing the object, not a destructive action.",deepseek-v4-pro,step35,note,checked_35,[],1,"The paraphrase explicitly mentions opening step35, changing its note to checked_35, and leaving everything else untouched, which matches the base instruction's intent.",forbidden_effect_set,1,step35,note,checked_35,,1,,,,,,,,,
pc_v4_35_p2,pc_v4_35,workflow_micro,conditional_negative_constraint,Set step35's note to checked_35; preserve every unrelated object and field.,"If step35 is present, set note to checked_35. Do not alter any other object or field.",deepseek-v4-flash,step35,note,checked_35,"[""modify other objects"", ""modify other fields of step35""]",1,"The paraphrase adds a condition 'If step35 is present' which is implicit in the base instruction, but does not change the core meaning.",deepseek-v4-pro,step35,note,checked_35,"[""alter any other object or field""]",1,"The paraphrase adds a conditional 'If step35 is present', which is implicit in the original 'Set step35's note' (assuming step35 exists). The core instruction to set note to checked_35 and preserve everything else is maintained.",forbidden_effect_set,1,step35,note,checked_35,,1,,,,,,,,,
pc_v4_35_p3,pc_v4_35,workflow_micro,ellipsis_multi_object_preservation,Set step35's note to checked_35; preserve every unrelated object and field.,"For step35: note -> checked_35; peer_step_35_a and peer_step_35_b, unchanged.",deepseek-v4-flash,step35,note,checked_35,"[""peer_step_35_a"", ""peer_step_35_b""]",1,"The paraphrase uses a colon and arrow notation to specify the update, and explicitly lists objects that must remain unchanged.",deepseek-v4-pro,step35,note,checked_35,"[""peer_step_35_a"", ""peer_step_35_b""]",1,"The paraphrase explicitly states the target object and field, the desired value, and specifies that peer_step_35_a and peer_step_35_b should remain unchanged, which aligns with preserving every unrelated object and field.",,0,step35,note,checked_35,"[""peer_step_35_a"", ""peer_step_35_b""]",1,,,,,,,,,
pc_v4_36_p1,pc_v4_36,file,pronoun_coreference,Set reports/draft_36.txt's content to approved_36; preserve every unrelated object and field.,"Open reports/draft_36.txt. Change its content so that it reads approved_36, and leave everything else untouched.",deepseek-v4-flash,reports/draft_36.txt,content,approved_36,"[""any change to other files"", ""any change to other fields of reports/draft_36.txt""]",1,"The paraphrase uses 'its' to refer to the file, preserving coreference. The instruction to 'leave everything else untouched' matches 'preserve every unrelated object and field'.",deepseek-v4-pro,reports/draft_36.txt,content,approved_36,[],1,"The paraphrase uses 'its' to refer to the file, preserving the coreference. The action is the same: set the content to 'approved_36' and leave other objects and fields unchanged.",forbidden_effect_set,1,reports/draft_36.txt,content,approved_36,,1,,,,,,,,,
pc_v4_36_p2,pc_v4_36,file,conditional_negative_constraint,Set reports/draft_36.txt's content to approved_36; preserve every unrelated object and field.,"If reports/draft_36.txt is present, set content to approved_36. Do not alter any other object or field.",deepseek-v4-flash,reports/draft_36.txt,content,approved_36,"[""*""]",1,"The paraphrase adds a condition ('if present') not in the base instruction, but the base instruction implies the file exists. The forbidden effects are preserved as 'do not alter any other object or field'.",deepseek-v4-pro,reports/draft_36.txt,content,approved_36,"[""alter any other object or field""]",1,"The paraphrase adds a conditional 'If reports/draft_36.txt is present', which slightly changes the meaning by making the action conditional on existence, whereas the base instruction assumes the file exists and directly sets its content. However, the core intent to set content to approved_36 and preserve everything else is maintained.",forbidden_effect_set,1,reports/draft_36.txt,content,approved_36,,1,,,,,,,,,
pc_v4_36_p3,pc_v4_36,file,ellipsis_multi_object_preservation,Set reports/draft_36.txt's content to approved_36; preserve every unrelated object and field.,"For reports/draft_36.txt: content -> approved_36; reports/reference_36.txt and reports/archive_36.txt, unchanged.",deepseek-v4-flash,reports/draft_36.txt,content,approved_36,"[""reports/reference_36.txt"", ""reports/archive_36.txt""]",1,"The paraphrase explicitly preserves two other objects, matching the base instruction's preservation requirement.",deepseek-v4-pro,reports/draft_36.txt,content,approved_36,"[""reports/reference_36.txt"", ""reports/archive_36.txt""]",1,"The paraphrase explicitly sets the content of reports/draft_36.txt to approved_36 and states that reports/reference_36.txt and reports/archive_36.txt remain unchanged, preserving all unrelated objects and fields as in the base instruction.",,0,reports/draft_36.txt,content,approved_36,"[""reports/reference_36.txt"", ""reports/archive_36.txt""]",1,,,,,,,,,
pc_v4_37_p1,pc_v4_37,web_form,pronoun_coreference,Set r37's status to approved; preserve every unrelated object and field.,"Open r37. Change its status so that it reads approved, and leave everything else untouched.",deepseek-v4-flash,r37,status,approved,"[""modify any other field of r37"", ""modify any other object""]",1,"The paraphrase uses 'its' to refer to r37, maintaining coreference. 'Open r37' is interpreted as accessing the object, and 'leave everything else untouched' matches 'preserve every unrelated object and field'.",deepseek-v4-pro,r37,status,approved,[],1,"The paraphrase explicitly identifies r37 as the target, specifies changing its status to 'approved', and instructs to leave everything else untouched, matching the base instruction.",forbidden_effect_set,1,r37,status,approved,,1,,,,,,,,,
pc_v4_37_p2,pc_v4_37,web_form,conditional_negative_constraint,Set r37's status to approved; preserve every unrelated object and field.,"If r37 is present, set status to approved. Do not alter any other object or field.",deepseek-v4-flash,r37,status,approved,"[""alter any other object or field""]",1,"The paraphrase adds a conditional 'if r37 is present', which is implicit in the base instruction. The constraint 'do not alter any other object or field' is preserved.",deepseek-v4-pro,r37,status,approved,"[""alter any other object or field""]",1,"The paraphrase adds a conditional 'If r37 is present', which is implied in the base instruction. The core action and constraint are preserved.",,0,r37,status,approved,"[""alter any other object or field""]",1,,,,,,,,,
pc_v4_37_p3,pc_v4_37,web_form,ellipsis_multi_object_preservation,Set r37's status to approved; preserve every unrelated object and field.,"For r37: status -> approved; peer_record_37_a and peer_record_37_b, unchanged.",deepseek-v4-flash,r37,status,approved,"[""peer_record_37_a"", ""peer_record_37_b""]",1,"The paraphrase explicitly preserves two other objects, matching the base instruction's preservation requirement.",deepseek-v4-pro,r37,status,approved,"[""peer_record_37_a"", ""peer_record_37_b""]",1,"The paraphrase explicitly sets r37's status to approved and states that peer_record_37_a and peer_record_37_b remain unchanged, matching the base instruction's requirement to preserve every unrelated object and field.",,0,r37,status,approved,"[""peer_record_37_a"", ""peer_record_37_b""]",1,,,,,,,,,
pc_v4_38_p1,pc_v4_38,table,pronoun_coreference,Set row38's score to 88; preserve every unrelated object and field.,"Open row38. Change its score so that it reads 88, and leave everything else untouched.",deepseek-v4-flash,row38,score,88,"[""any change to other rows"", ""any change to other fields of row38""]",1,"The paraphrase uses 'its' to refer to row38, preserving coreference. 'Leave everything else untouched' matches 'preserve every unrelated object and field.'",deepseek-v4-pro,row38,score,88,[],1,"The paraphrase uses 'its' to refer to row38, maintaining coreference. The action 'Change its score so that it reads 88' matches setting the score to 88. 'Leave everything else untouched' preserves unrelated objects and fields.",forbidden_effect_set,1,row38,score,88,,1,,,,,,,,,
pc_v4_38_p2,pc_v4_38,table,conditional_negative_constraint,Set row38's score to 88; preserve every unrelated object and field.,"If row38 is present, set score to 88. Do not alter any other object or field.",deepseek-v4-flash,row38,score,88,"[""modify any other object"", ""modify any other field""]",1,"The paraphrase adds a condition 'if row38 is present' which is not in the base instruction, but the core action and constraints are preserved.",deepseek-v4-pro,row38,score,88,[],1,The paraphrase captures the conditional nature and the prohibition against altering other objects/fields.,forbidden_effect_set,1,row38,score,88,,1,,,,,,,,,
pc_v4_38_p3,pc_v4_38,table,ellipsis_multi_object_preservation,Set row38's score to 88; preserve every unrelated object and field.,"For row38: score -> 88; peer_row_38_a and peer_row_38_b, unchanged.",deepseek-v4-flash,row38,score,88,"[""peer_row_38_a"", ""peer_row_38_b""]",1,"The paraphrase explicitly states that peer_row_38_a and peer_row_38_b remain unchanged, matching the base instruction's preservation requirement.",deepseek-v4-pro,row38,score,88,"[""peer_row_38_a"", ""peer_row_38_b""]",1,"The paraphrase explicitly sets row38's score to 88 and states that peer_row_38_a and peer_row_38_b should remain unchanged, matching the base instruction's requirement to preserve every unrelated object and field.",,0,row38,score,88,"[""peer_row_38_a"", ""peer_row_38_b""]",1,,,,,,,,,
pc_v4_39_p1,pc_v4_39,workflow_micro,pronoun_coreference,Set step39's note to checked_39; preserve every unrelated object and field.,"Open step39. Change its note so that it reads checked_39, and leave everything else untouched.",deepseek-v4-flash,step39,note,checked_39,"[""modify other fields of step39"", ""modify any other object""]",1,"The paraphrase uses 'its' to refer to step39, preserving coreference.",deepseek-v4-pro,step39,note,checked_39,[],1,"The paraphrase explicitly mentions opening step39 and changing its note to checked_39, while leaving everything else untouched, which matches the base instruction.",forbidden_effect_set,1,step39,note,checked_39,,1,,,,,,,,,
pc_v4_39_p2,pc_v4_39,workflow_micro,conditional_negative_constraint,Set step39's note to checked_39; preserve every unrelated object and field.,"If step39 is present, set note to checked_39. Do not alter any other object or field.",deepseek-v4-flash,step39,note,checked_39,"[""any other object"", ""any other field""]",1,"The paraphrase adds a condition 'If step39 is present' which is not in the base instruction, but since the base instruction implies step39 exists, the meaning is preserved.",deepseek-v4-pro,step39,note,checked_39,"[""alter any other object or field""]",1,The paraphrase correctly captures the conditional action and the prohibition against altering other objects or fields.,forbidden_effect_set,1,step39,note,checked_39,,1,,,,,,,,,
pc_v4_39_p3,pc_v4_39,workflow_micro,ellipsis_multi_object_preservation,Set step39's note to checked_39; preserve every unrelated object and field.,"For step39: note -> checked_39; peer_step_39_a and peer_step_39_b, unchanged.",deepseek-v4-flash,step39,note,checked_39,"[""peer_step_39_a"", ""peer_step_39_b""]",1,"The paraphrase uses a colon and arrow to indicate the assignment, and explicitly lists the objects that must remain unchanged.",deepseek-v4-pro,step39,note,checked_39,"[""peer_step_39_a"", ""peer_step_39_b""]",1,"The paraphrase explicitly states the target object and field, the expected value, and specifies that peer_step_39_a and peer_step_39_b should remain unchanged, which aligns with the base instruction's requirement to preserve every unrelated object and field.",,0,step39,note,checked_39,"[""peer_step_39_a"", ""peer_step_39_b""]",1,,,,,,,,,
pc_v4_40_p1,pc_v4_40,file,pronoun_coreference,Set reports/draft_40.txt's content to approved_40; preserve every unrelated object and field.,"Open reports/draft_40.txt. Change its content so that it reads approved_40, and leave everything else untouched.",deepseek-v4-flash,reports/draft_40.txt,content,approved_40,[],1,"The paraphrase uses 'its' to refer to the file, preserving the coreference and meaning.",deepseek-v4-pro,reports/draft_40.txt,content,approved_40,[],1,"The paraphrase uses 'its' to refer to 'reports/draft_40.txt', preserving the coreference. The instruction to change content to 'approved_40' and leave everything else untouched matches the base instruction.",,0,reports/draft_40.txt,content,approved_40,[],1,,,,,,,,,
pc_v4_40_p2,pc_v4_40,file,conditional_negative_constraint,Set reports/draft_40.txt's content to approved_40; preserve every unrelated object and field.,"If reports/draft_40.txt is present, set content to approved_40. Do not alter any other object or field.",deepseek-v4-flash,reports/draft_40.txt,content,approved_40,"[""any change to other objects"", ""any change to other fields""]",1,"The paraphrase adds a condition 'if present' which is not in the base instruction, but the core action and constraints are preserved.",deepseek-v4-pro,reports/draft_40.txt,content,approved_40,"[""alter any other object or field""]",1,The paraphrase captures the conditional nature of the original instruction while maintaining the same target and constraint.,forbidden_effect_set,1,reports/draft_40.txt,content,approved_40,,1,,,,,,,,,
pc_v4_40_p3,pc_v4_40,file,ellipsis_multi_object_preservation,Set reports/draft_40.txt's content to approved_40; preserve every unrelated object and field.,"For reports/draft_40.txt: content -> approved_40; reports/reference_40.txt and reports/archive_40.txt, unchanged.",deepseek-v4-flash,reports/draft_40.txt,content,approved_40,"[""reports/reference_40.txt"", ""reports/archive_40.txt""]",1,"The paraphrase explicitly preserves two other objects, matching the base instruction's preservation requirement.",deepseek-v4-pro,reports/draft_40.txt,content,approved_40,"[""reports/reference_40.txt"", ""reports/archive_40.txt""]",1,"The paraphrase explicitly states the target update and lists the objects to remain unchanged, matching the base instruction's intent to preserve unrelated objects and fields.",,0,reports/draft_40.txt,content,approved_40,"[""reports/reference_40.txt"", ""reports/archive_40.txt""]",1,,,,,,,,,
pc_v4_41_p1,pc_v4_41,web_form,pronoun_coreference,Set r41's status to approved; preserve every unrelated object and field.,"Open r41. Change its status so that it reads approved, and leave everything else untouched.",deepseek-v4-flash,r41,status,approved,"[""any change to objects other than r41"", ""any change to fields other than status in r41""]",1,"The paraphrase uses 'its' to refer to r41, preserving the coreference. 'Open r41' is interpreted as accessing the object, and 'leave everything else untouched' matches 'preserve every unrelated object and field'.",deepseek-v4-pro,r41,status,approved,[],1,"The paraphrase explicitly mentions opening r41, changing its status to approved, and leaving everything else untouched, which matches the base instruction.",forbidden_effect_set,1,r41,status,approved,,1,,,,,,,,,
pc_v4_41_p2,pc_v4_41,web_form,conditional_negative_constraint,Set r41's status to approved; preserve every unrelated object and field.,"If r41 is present, set status to approved. Do not alter any other object or field.",deepseek-v4-flash,r41,status,approved,"[""alter any other object or field""]",1,"The paraphrase adds a condition 'if r41 is present', which is implicit in the base instruction. The negative constraint is preserved.",deepseek-v4-pro,r41,status,approved,"[""alter any other object or field""]",1,"The paraphrase adds a conditional 'If r41 is present', which slightly changes the instruction from an unconditional command to a conditional one, but the core intent of setting r41's status to approved and preserving everything else is maintained.",,0,r41,status,approved,"[""alter any other object or field""]",1,,,,,,,,,
pc_v4_41_p3,pc_v4_41,web_form,ellipsis_multi_object_preservation,Set r41's status to approved; preserve every unrelated object and field.,"For r41: status -> approved; peer_record_41_a and peer_record_41_b, unchanged.",deepseek-v4-flash,r41,status,approved,"[""peer_record_41_a"", ""peer_record_41_b""]",1,"The paraphrase uses a colon and arrow notation to specify the update, and explicitly lists two objects that must remain unchanged, matching the base instruction's preservation requirement.",deepseek-v4-pro,r41,status,approved,"[""peer_record_41_a"", ""peer_record_41_b""]",1,"The paraphrase explicitly sets r41's status to approved and states that peer_record_41_a and peer_record_41_b should remain unchanged, matching the base instruction's requirement to preserve every unrelated object and field.",,0,r41,status,approved,"[""peer_record_41_a"", ""peer_record_41_b""]",1,,,,,,,,,
pc_v4_42_p1,pc_v4_42,table,pronoun_coreference,Set row42's score to 82; preserve every unrelated object and field.,"Open row42. Change its score so that it reads 82, and leave everything else untouched.",deepseek-v4-flash,row42,score,82,"[""any change to other rows"", ""any change to other fields of row42""]",1,"The paraphrase uses 'its' and 'it' to refer to row42, preserving the coreference and meaning.",deepseek-v4-pro,row42,score,82,[],1,"The paraphrase uses 'its' to refer to row42, preserving the coreference. It specifies changing the score to 82 and leaving everything else untouched, matching the base instruction.",forbidden_effect_set,1,row42,score,82,,1,,,,,,,,,
pc_v4_42_p2,pc_v4_42,table,conditional_negative_constraint,Set row42's score to 82; preserve every unrelated object and field.,"If row42 is present, set score to 82. Do not alter any other object or field.",deepseek-v4-flash,row42,score,82,"[""alter any other object or field""]",1,"The paraphrase adds a condition 'if row42 is present', which is implicit in the base instruction (assuming row42 exists). The negative constraint is preserved.",deepseek-v4-pro,row42,score,82,"[""alter any other object or field""]",1,"The paraphrase adds a conditional 'If row42 is present', but the core instruction to set score to 82 and preserve everything else is maintained.",,0,row42,score,82,"[""alter any other object or field""]",1,,,,,,,,,
pc_v4_42_p3,pc_v4_42,table,ellipsis_multi_object_preservation,Set row42's score to 82; preserve every unrelated object and field.,"For row42: score -> 82; peer_row_42_a and peer_row_42_b, unchanged.",deepseek-v4-flash,row42,score,82,"[""peer_row_42_a"", ""peer_row_42_b""]",1,"The paraphrase uses an arrow notation and explicitly lists objects to remain unchanged, preserving the meaning of the base instruction.",deepseek-v4-pro,row42,score,82,"[""peer_row_42_a"", ""peer_row_42_b""]",1,"The paraphrase explicitly sets row42's score to 82 and states that peer_row_42_a and peer_row_42_b should remain unchanged, matching the base instruction's requirement to preserve every unrelated object and field.",,0,row42,score,82,"[""peer_row_42_a"", ""peer_row_42_b""]",1,,,,,,,,,
pc_v4_43_p1,pc_v4_43,workflow_micro,pronoun_coreference,Set step43's note to checked_43; preserve every unrelated object and field.,"Open step43. Change its note so that it reads checked_43, and leave everything else untouched.",deepseek-v4-flash,step43,note,checked_43,[],1,"The paraphrase uses 'its' to refer to step43, preserving coreference.",deepseek-v4-pro,step43,note,checked_43,[],1,"The paraphrase explicitly instructs to open step43 and change its note to checked_43, while leaving everything else untouched, which matches the base instruction.",,0,step43,note,checked_43,[],1,,,,,,,,,
pc_v4_43_p2,pc_v4_43,workflow_micro,conditional_negative_constraint,Set step43's note to checked_43; preserve every unrelated object and field.,"If step43 is present, set note to checked_43. Do not alter any other object or field.",deepseek-v4-flash,step43,note,checked_43,"[""any change to objects other than step43"", ""any change to fields other than note in step43""]",1,"The paraphrase adds a condition 'if step43 is present', which is implicit in the base instruction. The negative constraint 'do not alter any other object or field' is preserved.",deepseek-v4-pro,step43,note,checked_43,"[""alter any other object or field""]",1,"The paraphrase captures the conditional nature and the negative constraint, preserving the original meaning.",forbidden_effect_set,1,step43,note,checked_43,,1,,,,,,,,,
pc_v4_43_p3,pc_v4_43,workflow_micro,ellipsis_multi_object_preservation,Set step43's note to checked_43; preserve every unrelated object and field.,"For step43: note -> checked_43; peer_step_43_a and peer_step_43_b, unchanged.",deepseek-v4-flash,step43,note,checked_43,"[""peer_step_43_a"", ""peer_step_43_b""]",1,"The paraphrase uses an arrow notation and lists objects to preserve, matching the base instruction's intent.",deepseek-v4-pro,step43,note,checked_43,"[""peer_step_43_a"", ""peer_step_43_b""]",1,"The paraphrase explicitly states the target object and field, the desired state, and specifies that peer_step_43_a and peer_step_43_b should remain unchanged, which aligns with the base instruction's requirement to preserve every unrelated object and field.",,0,step43,note,checked_43,"[""peer_step_43_a"", ""peer_step_43_b""]",1,,,,,,,,,
pc_v4_44_p1,pc_v4_44,file,pronoun_coreference,Set reports/draft_44.txt's content to approved_44; preserve every unrelated object and field.,"Open reports/draft_44.txt. Change its content so that it reads approved_44, and leave everything else untouched.",deepseek-v4-flash,reports/draft_44.txt,content,approved_44,"[""modify any other file"", ""modify any other field of reports/draft_44.txt"", ""delete reports/draft_44.txt"", ""create new files""]",1,"The paraphrase uses 'its' to refer to the file, maintaining coreference. 'Change its content so that it reads approved_44' is equivalent to 'Set reports/draft_44.txt's content to approved_44'. 'Leave everything else untouched' matches 'preserve every unrelated object and field'.",deepseek-v4-pro,reports/draft_44.txt,content,approved_44,[],1,"The paraphrase uses 'its' to refer to 'reports/draft_44.txt', preserving the coreference. The instruction to change content to 'approved_44' and leave everything else untouched matches the base instruction.",forbidden_effect_set,1,reports/draft_44.txt,content,approved_44,,1,,,,,,,,,
pc_v4_44_p2,pc_v4_44,file,conditional_negative_constraint,Set reports/draft_44.txt's content to approved_44; preserve every unrelated object and field.,"If reports/draft_44.txt is present, set content to approved_44. Do not alter any other object or field.",deepseek-v4-flash,reports/draft_44.txt,content,approved_44,"[""any other object"", ""any other field""]",1,"The paraphrase adds a condition ('if present') not in the base instruction, but the core action and preservation constraint are preserved.",deepseek-v4-pro,reports/draft_44.txt,content,approved_44,"[""alter any other object or field""]",1,"The paraphrase captures the conditional nature and the negative constraint, preserving the original meaning.",forbidden_effect_set,1,reports/draft_44.txt,content,approved_44,,1,,,,,,,,,
pc_v4_44_p3,pc_v4_44,file,ellipsis_multi_object_preservation,Set reports/draft_44.txt's content to approved_44; preserve every unrelated object and field.,"For reports/draft_44.txt: content -> approved_44; reports/reference_44.txt and reports/archive_44.txt, unchanged.",deepseek-v4-flash,reports/draft_44.txt,content,approved_44,"[""reports/reference_44.txt"", ""reports/archive_44.txt""]",1,"Paraphrase uses colon and arrow notation, but preserves the core instruction: set content of draft_44.txt to approved_44, and leave other files unchanged.",deepseek-v4-pro,reports/draft_44.txt,content,approved_44,"[""reports/reference_44.txt"", ""reports/archive_44.txt""]",1,"The paraphrase explicitly sets the content of reports/draft_44.txt to approved_44 and states that reports/reference_44.txt and reports/archive_44.txt should remain unchanged, matching the base instruction's requirement to preserve every unrelated object and field.",,0,reports/draft_44.txt,content,approved_44,"[""reports/reference_44.txt"", ""reports/archive_44.txt""]",1,,,,,,,,,
pc_v4_45_p1,pc_v4_45,web_form,pronoun_coreference,Set r45's name to Alice_45; preserve every unrelated object and field.,"Open r45. Change its name so that it reads Alice_45, and leave everything else untouched.",deepseek-v4-flash,r45,name,Alice_45,[],1,"The paraphrase uses 'its' to refer to r45, preserving coreference. 'Open' implies accessing the object, and 'leave everything else untouched' matches 'preserve every unrelated object and field'.",deepseek-v4-pro,r45,name,Alice_45,[],1,"The paraphrase explicitly mentions opening r45, changing its name to Alice_45, and leaving everything else untouched, which matches the base instruction to set r45's name to Alice_45 and preserve unrelated objects and fields.",,0,r45,name,Alice_45,[],1,,,,,,,,,
pc_v4_45_p2,pc_v4_45,web_form,conditional_negative_constraint,Set r45's name to Alice_45; preserve every unrelated object and field.,"If r45 is present, set name to Alice_45. Do not alter any other object or field.",deepseek-v4-flash,r45,name,Alice_45,"[""any change to other objects"", ""any change to other fields of r45""]",1,The paraphrase adds a condition 'if r45 is present' which is implicit in the base instruction. The negative constraint 'do not alter any other object or field' is preserved.,deepseek-v4-pro,r45,name,Alice_45,"[""alter any other object or field""]",1,"The paraphrase adds a conditional 'If r45 is present', which is implied in the base instruction. It explicitly states the forbidden effect of not altering other objects or fields, matching the base instruction's 'preserve every unrelated object and field'.",forbidden_effect_set,1,r45,name,Alice_45,,1,,,,,,,,,
pc_v4_45_p3,pc_v4_45,web_form,ellipsis_multi_object_preservation,Set r45's name to Alice_45; preserve every unrelated object and field.,"For r45: name -> Alice_45; peer_record_45_a and peer_record_45_b, unchanged.",deepseek-v4-flash,r45,name,Alice_45,"[""peer_record_45_a"", ""peer_record_45_b""]",1,"The paraphrase uses arrow notation and explicitly lists unrelated objects to preserve, matching the base instruction's intent.",deepseek-v4-pro,r45,name,Alice_45,"[""peer_record_45_a"", ""peer_record_45_b""]",1,"The paraphrase explicitly states the target object and field, and specifies that peer_record_45_a and peer_record_45_b should remain unchanged, preserving the original instruction's intent.",,0,r45,name,Alice_45,"[""peer_record_45_a"", ""peer_record_45_b""]",1,,,,,,,,,
pc_v4_46_p1,pc_v4_46,table,pronoun_coreference,Set row46's score to 86; preserve every unrelated object and field.,"Open row46. Change its score so that it reads 86, and leave everything else untouched.",deepseek-v4-flash,row46,score,86,"[""row46.other_fields"", ""other_rows""]",1,"The paraphrase uses 'its' to refer to row46, preserving coreference.",deepseek-v4-pro,row46,score,86,[],1,"The paraphrase uses 'its' to refer to row46, correctly preserving the coreference. It specifies changing the score to 86 and leaving everything else untouched, matching the base instruction.",forbidden_effect_set,1,row46,score,86,,1,,,,,,,,,
pc_v4_46_p2,pc_v4_46,table,conditional_negative_constraint,Set row46's score to 86; preserve every unrelated object and field.,"If row46 is present, set score to 86. Do not alter any other object or field.",deepseek-v4-flash,row46,score,86,"[""any other object or field""]",1,"The paraphrase adds a conditional 'if row46 is present', which is implicit in the base instruction. The negative constraint is preserved.",deepseek-v4-pro,row46,score,86,"[""alter any other object or field""]",1,The paraphrase captures the conditional nature and the prohibition on altering unrelated objects and fields.,forbidden_effect_set,1,row46,score,86,,1,,,,,,,,,
pc_v4_46_p3,pc_v4_46,table,ellipsis_multi_object_preservation,Set row46's score to 86; preserve every unrelated object and field.,"For row46: score -> 86; peer_row_46_a and peer_row_46_b, unchanged.",deepseek-v4-flash,row46,score,86,"[""peer_row_46_a"", ""peer_row_46_b""]",1,"The paraphrase uses an arrow notation and explicitly lists objects to remain unchanged, preserving the meaning of the base instruction.",deepseek-v4-pro,row46,score,86,"[""peer_row_46_a"", ""peer_row_46_b""]",1,"The paraphrase specifies the same target object and field, sets the score to 86, and explicitly states that peer_row_46_a and peer_row_46_b should remain unchanged, matching the base instruction's requirement to preserve every unrelated object and field.",,0,row46,score,86,"[""peer_row_46_a"", ""peer_row_46_b""]",1,,,,,,,,,
pc_v4_47_p1,pc_v4_47,workflow_micro,pronoun_coreference,Set step47's note to checked_47; preserve every unrelated object and field.,"Open step47. Change its note so that it reads checked_47, and leave everything else untouched.",deepseek-v4-flash,step47,note,checked_47,[],1,"The paraphrase uses 'its' to refer to step47, maintaining coreference.",deepseek-v4-pro,step47,note,checked_47,[],1,"The paraphrase uses 'Open step47' which might imply an additional action, but the core instruction to change the note to 'checked_47' and preserve everything else is maintained.",,0,step47,note,checked_47,[],1,,,,,,,,,
pc_v4_47_p2,pc_v4_47,workflow_micro,conditional_negative_constraint,Set step47's note to checked_47; preserve every unrelated object and field.,"If step47 is present, set note to checked_47. Do not alter any other object or field.",deepseek-v4-flash,step47,note,checked_47,"[""any other object"", ""any other field""]",1,"The paraphrase adds a condition 'If step47 is present' which is implicit in the base instruction, but does not change the core meaning.",deepseek-v4-pro,step47,note,checked_47,"[""alter any other object or field""]",1,The paraphrase correctly captures the conditional action and the prohibition against altering unrelated objects and fields.,forbidden_effect_set,1,step47,note,checked_47,,1,,,,,,,,,
pc_v4_47_p3,pc_v4_47,workflow_micro,ellipsis_multi_object_preservation,Set step47's note to checked_47; preserve every unrelated object and field.,"For step47: note -> checked_47; peer_step_47_a and peer_step_47_b, unchanged.",deepseek-v4-flash,step47,note,checked_47,"[""peer_step_47_a"", ""peer_step_47_b""]",1,"The paraphrase uses an arrow notation and lists objects that must remain unchanged, preserving the original intent.",deepseek-v4-pro,step47,note,checked_47,"[""peer_step_47_a"", ""peer_step_47_b""]",1,"The paraphrase explicitly states the target object and field, the expected value, and specifies that peer_step_47_a and peer_step_47_b should remain unchanged, which aligns with the base instruction's requirement to preserve every unrelated object and field.",,0,step47,note,checked_47,"[""peer_step_47_a"", ""peer_step_47_b""]",1,,,,,,,,,
pc_v4_48_p1,pc_v4_48,file,pronoun_coreference,Set reports/draft_48.txt's content to approved_48; preserve every unrelated object and field.,"Open reports/draft_48.txt. Change its content so that it reads approved_48, and leave everything else untouched.",deepseek-v4-flash,reports/draft_48.txt,content,approved_48,"[""change any other file"", ""modify any other field of reports/draft_48.txt"", ""alter any other object's state""]",1,"The paraphrase uses 'its' to refer to the file, preserving coreference. 'Leave everything else untouched' matches 'preserve every unrelated object and field.'",deepseek-v4-pro,reports/draft_48.txt,content,approved_48,[],1,"The paraphrase uses 'its' to refer to the file, preserving the coreference. It explicitly states to change the content to 'approved_48' and leave everything else untouched, matching the base instruction.",forbidden_effect_set,1,reports/draft_48.txt,content,approved_48,,1,,,,,,,,,
pc_v4_48_p2,pc_v4_48,file,conditional_negative_constraint,Set reports/draft_48.txt's content to approved_48; preserve every unrelated object and field.,"If reports/draft_48.txt is present, set content to approved_48. Do not alter any other object or field.",deepseek-v4-flash,reports/draft_48.txt,content,approved_48,"[""any other object"", ""any other field""]",1,"The paraphrase adds a condition 'if present' which is not in the base instruction, but the core action and constraint are preserved.",deepseek-v4-pro,reports/draft_48.txt,content,approved_48,"[""alter any other object or field""]",1,"The paraphrase adds a conditional 'If reports/draft_48.txt is present', but the base instruction implies the file exists. The core action and constraint are preserved.",forbidden_effect_set,1,reports/draft_48.txt,content,approved_48,,1,,,,,,,,,
pc_v4_48_p3,pc_v4_48,file,ellipsis_multi_object_preservation,Set reports/draft_48.txt's content to approved_48; preserve every unrelated object and field.,"For reports/draft_48.txt: content -> approved_48; reports/reference_48.txt and reports/archive_48.txt, unchanged.",deepseek-v4-flash,reports/draft_48.txt,content,approved_48,"[""reports/reference_48.txt"", ""reports/archive_48.txt""]",1,"The paraphrase explicitly preserves two other objects, matching the base instruction's preservation requirement.",deepseek-v4-pro,reports/draft_48.txt,content,approved_48,"[""reports/reference_48.txt"", ""reports/archive_48.txt""]",1,"The paraphrase explicitly lists the objects to preserve, matching the base instruction's requirement to preserve every unrelated object and field.",,0,reports/draft_48.txt,content,approved_48,"[""reports/reference_48.txt"", ""reports/archive_48.txt""]",1,,,,,,,,,
pc_v4_49_p1,pc_v4_49,web_form,pronoun_coreference,Set r49's status to approved; preserve every unrelated object and field.,"Open r49. Change its status so that it reads approved, and leave everything else untouched.",deepseek-v4-flash,r49,status,approved,"[""*""]",1,"The paraphrase uses 'its' to refer to r49, preserving coreference. 'Leave everything else untouched' matches 'preserve every unrelated object and field'.",deepseek-v4-pro,r49,status,approved,[],1,"The paraphrase uses 'Open r49. Change its status so that it reads approved, and leave everything else untouched.' which directly corresponds to setting r49's status to approved and preserving all other objects and fields, matching the base instruction.",,0,r49,status,approved,"[""*""]",1,,,,,,,,,
pc_v4_49_p2,pc_v4_49,web_form,conditional_negative_constraint,Set r49's status to approved; preserve every unrelated object and field.,"If r49 is present, set status to approved. Do not alter any other object or field.",deepseek-v4-flash,r49,status,approved,"[""alter any other object or field""]",1,"The paraphrase adds a condition 'if r49 is present', which is implicit in the base instruction. The negative constraint is preserved.",deepseek-v4-pro,r49,status,approved,"[""alter any other object or field""]",1,"The paraphrase adds a conditional 'If r49 is present', which slightly changes the instruction by implying the action should only be taken if r49 exists, whereas the original is a direct command. However, the core intent to set status to approved and preserve everything else is maintained.",,0,r49,status,approved,"[""alter any other object or field""]",1,,,,,,,,,
pc_v4_49_p3,pc_v4_49,web_form,ellipsis_multi_object_preservation,Set r49's status to approved; preserve every unrelated object and field.,"For r49: status -> approved; peer_record_49_a and peer_record_49_b, unchanged.",deepseek-v4-flash,r49,status,approved,"[""peer_record_49_a"", ""peer_record_49_b""]",1,"The paraphrase explicitly preserves two other objects, matching the base instruction's preservation requirement.",deepseek-v4-pro,r49,status,approved,"[""peer_record_49_a"", ""peer_record_49_b""]",1,"The paraphrase explicitly sets r49's status to approved and states that peer_record_49_a and peer_record_49_b should remain unchanged, matching the base instruction's requirement to preserve every unrelated object and field.",,0,r49,status,approved,"[""peer_record_49_a"", ""peer_record_49_b""]",1,,,,,,,,,
pc_v4_50_p1,pc_v4_50,table,pronoun_coreference,Set row50's score to 80; preserve every unrelated object and field.,"Open row50. Change its score so that it reads 80, and leave everything else untouched.",deepseek-v4-flash,row50,score,80,"[""any change to other rows"", ""any change to other fields of row50""]",1,"The paraphrase uses 'its' to refer to row50, preserving the coreference and meaning.",deepseek-v4-pro,row50,score,80,[],1,"The paraphrase uses 'its' to refer to row50, maintaining coreference. It specifies changing the score to 80 and leaving everything else untouched, which matches the base instruction.",forbidden_effect_set,1,row50,score,80,,1,,,,,,,,,
pc_v4_50_p2,pc_v4_50,table,conditional_negative_constraint,Set row50's score to 80; preserve every unrelated object and field.,"If row50 is present, set score to 80. Do not alter any other object or field.",deepseek-v4-flash,row50,score,80,"[""any change to other objects"", ""any change to other fields of row50""]",1,"The paraphrase adds a conditional 'if row50 is present', which is implicit in the base instruction. Both require row50 to exist for the action to be performed, and both prohibit changes to other objects/fields.",deepseek-v4-pro,row50,score,80,"[""alter any other object or field""]",1,"The paraphrase explicitly conditions on row50's presence and restricts changes to only the score field, matching the base instruction's intent.",forbidden_effect_set,1,row50,score,80,,1,,,,,,,,,
pc_v4_50_p3,pc_v4_50,table,ellipsis_multi_object_preservation,Set row50's score to 80; preserve every unrelated object and field.,"For row50: score -> 80; peer_row_50_a and peer_row_50_b, unchanged.",deepseek-v4-flash,row50,score,80,"[""peer_row_50_a"", ""peer_row_50_b""]",1,"The paraphrase uses an arrow notation and explicitly lists objects that must remain unchanged, preserving the original instruction's meaning.",deepseek-v4-pro,row50,score,80,"[""peer_row_50_a"", ""peer_row_50_b""]",1,"The paraphrase explicitly sets row50's score to 80 and states that peer_row_50_a and peer_row_50_b remain unchanged, matching the base instruction's requirement to preserve every unrelated object and field.",,0,row50,score,80,"[""peer_row_50_a"", ""peer_row_50_b""]",1,,,,,,,,,
pc_v4_51_p1,pc_v4_51,workflow_micro,pronoun_coreference,Set step51's note to checked_51; preserve every unrelated object and field.,"Open step51. Change its note so that it reads checked_51, and leave everything else untouched.",deepseek-v4-flash,step51,note,checked_51,"[""step51.*"", ""*.*""]",1,"The paraphrase uses 'its' to refer to step51, preserving coreference. 'Open step51' is an implied action but does not change the meaning of the instruction.",deepseek-v4-pro,step51,note,checked_51,[],1,"The paraphrase explicitly instructs to open step51, change its note to checked_51, and leave everything else untouched, which matches the base instruction to set step51's note to checked_51 and preserve every unrelated object and field.",forbidden_effect_set,1,step51,note,checked_51,,1,,,,,,,,,
pc_v4_51_p2,pc_v4_51,workflow_micro,conditional_negative_constraint,Set step51's note to checked_51; preserve every unrelated object and field.,"If step51 is present, set note to checked_51. Do not alter any other object or field.",deepseek-v4-flash,step51,note,checked_51,"[""any other object"", ""any other field""]",1,"The paraphrase adds a condition 'If step51 is present' which is implicit in the base instruction, but does not change the core meaning.",deepseek-v4-pro,step51,note,checked_51,[],1,"The paraphrase captures the conditional nature and the prohibition on altering other objects/fields, matching the base instruction's intent.",forbidden_effect_set,1,step51,note,checked_51,,1,,,,,,,,,
pc_v4_51_p3,pc_v4_51,workflow_micro,ellipsis_multi_object_preservation,Set step51's note to checked_51; preserve every unrelated object and field.,"For step51: note -> checked_51; peer_step_51_a and peer_step_51_b, unchanged.",deepseek-v4-flash,step51,note,checked_51,"[""peer_step_51_a"", ""peer_step_51_b""]",1,"The paraphrase uses an arrow notation and lists objects to remain unchanged, preserving the base instruction's intent.",deepseek-v4-pro,step51,note,checked_51,"[""peer_step_51_a"", ""peer_step_51_b""]",1,"The paraphrase explicitly sets step51's note to checked_51 and states that peer_step_51_a and peer_step_51_b remain unchanged, which matches the base instruction's requirement to preserve every unrelated object and field.",,0,step51,note,checked_51,"[""peer_step_51_a"", ""peer_step_51_b""]",1,,,,,,,,,
pc_v4_52_p1,pc_v4_52,file,pronoun_coreference,Set reports/draft_52.txt's content to approved_52; preserve every unrelated object and field.,"Open reports/draft_52.txt. Change its content so that it reads approved_52, and leave everything else untouched.",deepseek-v4-flash,reports/draft_52.txt,content,approved_52,"[""any change to other files"", ""any change to other fields of reports/draft_52.txt""]",1,"The paraphrase uses 'its' to refer to the file, preserving coreference. The instruction to 'leave everything else untouched' matches 'preserve every unrelated object and field'.",deepseek-v4-pro,reports/draft_52.txt,content,approved_52,[],1,"The paraphrase uses 'Open' and 'Change its content' to convey the same action as 'Set content to', with 'its' referring back to the file. The instruction to preserve unrelated objects and fields is captured by 'leave everything else untouched'.",forbidden_effect_set,1,reports/draft_52.txt,content,approved_52,,1,,,,,,,,,
pc_v4_52_p2,pc_v4_52,file,conditional_negative_constraint,Set reports/draft_52.txt's content to approved_52; preserve every unrelated object and field.,"If reports/draft_52.txt is present, set content to approved_52. Do not alter any other object or field.",deepseek-v4-flash,reports/draft_52.txt,content,approved_52,"[""any other object"", ""any other field""]",1,"The paraphrase adds a condition 'if present' which is not in the base instruction, but the core action and constraints are preserved.",deepseek-v4-pro,reports/draft_52.txt,content,approved_52,"[""alter any other object or field""]",1,"The paraphrase adds a conditional 'If reports/draft_52.txt is present', but the base instruction implies the object exists. The core action and constraint are preserved.",forbidden_effect_set,1,reports/draft_52.txt,content,approved_52,,1,,,,,,,,,
pc_v4_52_p3,pc_v4_52,file,ellipsis_multi_object_preservation,Set reports/draft_52.txt's content to approved_52; preserve every unrelated object and field.,"For reports/draft_52.txt: content -> approved_52; reports/reference_52.txt and reports/archive_52.txt, unchanged.",deepseek-v4-flash,reports/draft_52.txt,content,approved_52,"[""reports/reference_52.txt"", ""reports/archive_52.txt""]",1,"The paraphrase explicitly preserves two other files, matching the base instruction's preservation requirement.",deepseek-v4-pro,reports/draft_52.txt,content,approved_52,"[""reports/reference_52.txt"", ""reports/archive_52.txt""]",1,"The paraphrase explicitly lists the objects to preserve, matching the base instruction's requirement to preserve every unrelated object and field.",,0,reports/draft_52.txt,content,approved_52,"[""reports/reference_52.txt"", ""reports/archive_52.txt""]",1,,,,,,,,,
pc_v4_53_p1,pc_v4_53,web_form,pronoun_coreference,Set r53's status to approved; preserve every unrelated object and field.,"Open r53. Change its status so that it reads approved, and leave everything else untouched.",deepseek-v4-flash,r53,status,approved,"[""change any other field"", ""modify any other object""]",1,"The paraphrase uses 'its' to refer to r53, preserving the coreference. It also clarifies the action of setting the status to 'approved' and leaving everything else unchanged.",deepseek-v4-pro,r53,status,approved,[],1,"The paraphrase uses 'its' to refer to r53, preserving the coreference. It specifies changing the status to 'approved' and leaving everything else untouched, matching the base instruction.",forbidden_effect_set,1,r53,status,approved,,1,,,,,,,,,
pc_v4_53_p2,pc_v4_53,web_form,conditional_negative_constraint,Set r53's status to approved; preserve every unrelated object and field.,"If r53 is present, set status to approved. Do not alter any other object or field.",deepseek-v4-flash,r53,status,approved,"[""alter any other object or field""]",1,"The paraphrase adds a condition 'if r53 is present' which is implicit in the base instruction, but does not change the core meaning.",deepseek-v4-pro,r53,status,approved,"[""alter any other object or field""]",1,"The paraphrase adds a condition 'If r53 is present', which is not in the base instruction, but the core action and forbidden effects are preserved.",,0,r53,status,approved,"[""alter any other object or field""]",1,,,,,,,,,
pc_v4_53_p3,pc_v4_53,web_form,ellipsis_multi_object_preservation,Set r53's status to approved; preserve every unrelated object and field.,"For r53: status -> approved; peer_record_53_a and peer_record_53_b, unchanged.",deepseek-v4-flash,r53,status,approved,"[""peer_record_53_a"", ""peer_record_53_b""]",1,"The paraphrase uses an arrow notation and explicitly lists objects to remain unchanged, preserving the original instruction's meaning.",deepseek-v4-pro,r53,status,approved,"[""peer_record_53_a"", ""peer_record_53_b""]",1,"The paraphrase explicitly sets r53's status to approved and states that peer_record_53_a and peer_record_53_b should remain unchanged, matching the base instruction's requirement to preserve every unrelated object and field.",,0,r53,status,approved,"[""peer_record_53_a"", ""peer_record_53_b""]",1,,,,,,,,,
pc_v4_54_p1,pc_v4_54,table,pronoun_coreference,Set row54's score to 84; preserve every unrelated object and field.,"Open row54. Change its score so that it reads 84, and leave everything else untouched.",deepseek-v4-flash,row54,score,84,"[""any change to other rows"", ""any change to other fields of row54""]",1,"The paraphrase uses 'its' to refer to row54, preserving coreference. 'Leave everything else untouched' matches 'preserve every unrelated object and field'.",deepseek-v4-pro,row54,score,84,[],1,"The paraphrase uses 'its' to refer to row54, maintaining the coreference. It specifies changing the score to 84 and leaving everything else untouched, which matches the base instruction.",forbidden_effect_set,1,row54,score,84,,1,,,,,,,,,
pc_v4_54_p2,pc_v4_54,table,conditional_negative_constraint,Set row54's score to 84; preserve every unrelated object and field.,"If row54 is present, set score to 84. Do not alter any other object or field.",deepseek-v4-flash,row54,score,84,"[""alter any other object or field""]",1,"The paraphrase adds a conditional 'if present' which is not in the base instruction, but the core action and constraint are preserved.",deepseek-v4-pro,row54,score,84,"[""alter any other object or field""]",1,"The paraphrase explicitly conditions on row54's presence and maintains the prohibition on altering other objects/fields, preserving the original meaning.",,0,row54,score,84,"[""alter any other object or field""]",1,,,,,,,,,
pc_v4_54_p3,pc_v4_54,table,ellipsis_multi_object_preservation,Set row54's score to 84; preserve every unrelated object and field.,"For row54: score -> 84; peer_row_54_a and peer_row_54_b, unchanged.",deepseek-v4-flash,row54,score,84,"[""peer_row_54_a"", ""peer_row_54_b""]",1,"The paraphrase uses an arrow notation and explicitly lists objects to remain unchanged, preserving the meaning of the base instruction.",deepseek-v4-pro,row54,score,84,"[""peer_row_54_a"", ""peer_row_54_b""]",1,"The paraphrase explicitly sets row54's score to 84 and states that peer_row_54_a and peer_row_54_b are unchanged, matching the base instruction's requirement to preserve every unrelated object and field.",,0,row54,score,84,"[""peer_row_54_a"", ""peer_row_54_b""]",1,,,,,,,,,
pc_v4_55_p1,pc_v4_55,workflow_micro,pronoun_coreference,Set step55's note to checked_55; preserve every unrelated object and field.,"Open step55. Change its note so that it reads checked_55, and leave everything else untouched.",deepseek-v4-flash,step55,note,checked_55,"[""step55.other_fields"", ""other_steps""]",1,"The paraphrase uses 'its' to refer to step55, preserving coreference. 'Open step55' is an additional action not in the base instruction, but it is a plausible prerequisite and does not change the core operation.",deepseek-v4-pro,step55,note,checked_55,[],1,"The paraphrase explicitly mentions opening step55, changing its note to checked_55, and leaving everything else untouched, which matches the base instruction.",forbidden_effect_set,1,step55,note,checked_55,,1,,,,,,,,,
pc_v4_55_p2,pc_v4_55,workflow_micro,conditional_negative_constraint,Set step55's note to checked_55; preserve every unrelated object and field.,"If step55 is present, set note to checked_55. Do not alter any other object or field.",deepseek-v4-flash,step55,note,checked_55,"[""any change to other objects"", ""any change to other fields of step55""]",1,"The paraphrase adds a condition 'If step55 is present', which is implicit in the base instruction. The negative constraint 'Do not alter any other object or field' matches 'preserve every unrelated object and field'.",deepseek-v4-pro,step55,note,checked_55,"[""alter any other object or field""]",1,The paraphrase adds a conditional 'If step55 is present' but the base instruction assumes step55 exists. The core meaning is preserved: set step55's note to checked_55 and do not change anything else.,forbidden_effect_set,1,step55,note,checked_55,,1,,,,,,,,,
pc_v4_55_p3,pc_v4_55,workflow_micro,ellipsis_multi_object_preservation,Set step55's note to checked_55; preserve every unrelated object and field.,"For step55: note -> checked_55; peer_step_55_a and peer_step_55_b, unchanged.",deepseek-v4-flash,step55,note,checked_55,"[""peer_step_55_a"", ""peer_step_55_b""]",1,"The paraphrase explicitly preserves peer_step_55_a and peer_step_55_b, matching the base instruction's preservation requirement.",deepseek-v4-pro,step55,note,checked_55,"[""peer_step_55_a"", ""peer_step_55_b""]",1,"The paraphrase explicitly states the target update and specifies that peer_step_55_a and peer_step_55_b should remain unchanged, which aligns with the base instruction's requirement to preserve every unrelated object and field.",,0,step55,note,checked_55,"[""peer_step_55_a"", ""peer_step_55_b""]",1,,,,,,,,,
pc_v4_56_p1,pc_v4_56,file,pronoun_coreference,Set reports/draft_56.txt's content to approved_56; preserve every unrelated object and field.,"Open reports/draft_56.txt. Change its content so that it reads approved_56, and leave everything else untouched.",deepseek-v4-flash,reports/draft_56.txt,content,approved_56,"[""reports/draft_56.txt.other_field"", ""other_files""]",1,"The paraphrase uses 'its' to refer to the file, preserving coreference. 'Leave everything else untouched' matches 'preserve every unrelated object and field'.",deepseek-v4-pro,reports/draft_56.txt,content,approved_56,[],1,"The paraphrase uses 'its' to refer to the file, preserving the coreference and meaning.",forbidden_effect_set,1,reports/draft_56.txt,content,approved_56,,1,,,,,,,,,
pc_v4_56_p2,pc_v4_56,file,conditional_negative_constraint,Set reports/draft_56.txt's content to approved_56; preserve every unrelated object and field.,"If reports/draft_56.txt is present, set content to approved_56. Do not alter any other object or field.",deepseek-v4-flash,reports/draft_56.txt,content,approved_56,"[""any change to other objects"", ""any change to other fields""]",1,"The paraphrase adds a condition 'if present' which is not in the base instruction, but the core action and constraints are preserved.",deepseek-v4-pro,reports/draft_56.txt,content,approved_56,"[""alter any other object or field""]",1,"The paraphrase adds a conditional 'If reports/draft_56.txt is present', which was implicit in the original. The core instruction to set content to approved_56 and preserve everything else is maintained.",forbidden_effect_set,1,reports/draft_56.txt,content,approved_56,,1,,,,,,,,,
pc_v4_56_p3,pc_v4_56,file,ellipsis_multi_object_preservation,Set reports/draft_56.txt's content to approved_56; preserve every unrelated object and field.,"For reports/draft_56.txt: content -> approved_56; reports/reference_56.txt and reports/archive_56.txt, unchanged.",deepseek-v4-flash,reports/draft_56.txt,content,approved_56,"[""reports/reference_56.txt"", ""reports/archive_56.txt""]",1,"The paraphrase explicitly mentions that the other two files remain unchanged, preserving the multi-object preservation constraint.",deepseek-v4-pro,reports/draft_56.txt,content,approved_56,"[""reports/reference_56.txt"", ""reports/archive_56.txt""]",1,"The paraphrase explicitly lists the objects to preserve, matching the base instruction's requirement to preserve every unrelated object and field.",,0,reports/draft_56.txt,content,approved_56,"[""reports/reference_56.txt"", ""reports/archive_56.txt""]",1,,,,,,,,,
pc_v4_57_p1,pc_v4_57,web_form,pronoun_coreference,Set r57's name to Alice_57; preserve every unrelated object and field.,"Open r57. Change its name so that it reads Alice_57, and leave everything else untouched.",deepseek-v4-flash,r57,name,Alice_57,[],1,"The paraphrase uses 'its' to refer to r57, maintaining coreference. 'Open r57' is interpreted as selecting the object, and 'leave everything else untouched' matches 'preserve every unrelated object and field.'",deepseek-v4-pro,r57,name,Alice_57,[],1,"The paraphrase instructs to open r57, change its name to Alice_57, and leave everything else untouched, which matches the base instruction to set r57's name to Alice_57 and preserve every unrelated object and field.",,0,r57,name,Alice_57,[],1,,,,,,,,,
pc_v4_57_p2,pc_v4_57,web_form,conditional_negative_constraint,Set r57's name to Alice_57; preserve every unrelated object and field.,"If r57 is present, set name to Alice_57. Do not alter any other object or field.",deepseek-v4-flash,r57,name,Alice_57,"[""any change to other objects"", ""any change to other fields of r57""]",1,"The paraphrase adds a condition 'if r57 is present', which is implicit in the base instruction. The negative constraint 'do not alter any other object or field' is preserved.",deepseek-v4-pro,r57,name,Alice_57,"[""alter any other object or field""]",1,"The paraphrase adds a conditional 'If r57 is present', which slightly changes the instruction by making the action conditional on existence, but the core intent of setting the name and preserving everything else is maintained.",forbidden_effect_set,1,r57,name,Alice_57,,1,,,,,,,,,
pc_v4_57_p3,pc_v4_57,web_form,ellipsis_multi_object_preservation,Set r57's name to Alice_57; preserve every unrelated object and field.,"For r57: name -> Alice_57; peer_record_57_a and peer_record_57_b, unchanged.",deepseek-v4-flash,r57,name,Alice_57,"[""peer_record_57_a"", ""peer_record_57_b""]",1,"The paraphrase uses an arrow notation to indicate assignment and explicitly lists objects that must remain unchanged, preserving the meaning of the base instruction.",deepseek-v4-pro,r57,name,Alice_57,"[""peer_record_57_a"", ""peer_record_57_b""]",1,"The paraphrase explicitly sets r57's name to Alice_57 and states that peer_record_57_a and peer_record_57_b remain unchanged, matching the base instruction's requirement to preserve every unrelated object and field.",,0,r57,name,Alice_57,"[""peer_record_57_a"", ""peer_record_57_b""]",1,,,,,,,,,
pc_v4_58_p1,pc_v4_58,table,pronoun_coreference,Set row58's score to 88; preserve every unrelated object and field.,"Open row58. Change its score so that it reads 88, and leave everything else untouched.",deepseek-v4-flash,row58,score,88,"[""any change to other rows"", ""any change to other fields of row58""]",1,"The paraphrase uses 'its' to refer to row58, preserving the coreference.",deepseek-v4-pro,row58,score,88,[],1,"The paraphrase uses 'its' to refer to row58, maintaining coreference. It specifies changing the score to 88 and leaving everything else untouched, matching the base instruction.",forbidden_effect_set,1,row58,score,88,,1,,,,,,,,,
pc_v4_58_p2,pc_v4_58,table,conditional_negative_constraint,Set row58's score to 88; preserve every unrelated object and field.,"If row58 is present, set score to 88. Do not alter any other object or field.",deepseek-v4-flash,row58,score,88,"[""any change to other objects"", ""any change to other fields""]",1,"The paraphrase adds a conditional 'if present' which is not in the base instruction, but since the base instruction implicitly assumes row58 exists, the meaning is preserved. The negative constraint is explicitly restated.",deepseek-v4-pro,row58,score,88,"[""alter any other object or field""]",1,"The paraphrase adds a conditional 'If row58 is present', but the base instruction implies row58 exists. The core action and constraint are preserved.",forbidden_effect_set,1,row58,score,88,,1,,,,,,,,,
pc_v4_58_p3,pc_v4_58,table,ellipsis_multi_object_preservation,Set row58's score to 88; preserve every unrelated object and field.,"For row58: score -> 88; peer_row_58_a and peer_row_58_b, unchanged.",deepseek-v4-flash,row58,score,88,"[""peer_row_58_a"", ""peer_row_58_b""]",1,"The paraphrase uses an arrow notation and explicitly mentions that peer_row_58_a and peer_row_58_b remain unchanged, preserving the ellipsis and multi-object preservation.",deepseek-v4-pro,row58,score,88,"[""peer_row_58_a"", ""peer_row_58_b""]",1,"The paraphrase explicitly sets row58's score to 88 and states that peer_row_58_a and peer_row_58_b should remain unchanged, matching the base instruction's requirement to preserve every unrelated object and field.",,0,row58,score,88,"[""peer_row_58_a"", ""peer_row_58_b""]",1,,,,,,,,,
pc_v4_59_p1,pc_v4_59,workflow_micro,pronoun_coreference,Set step59's note to checked_59; preserve every unrelated object and field.,"Open step59. Change its note so that it reads checked_59, and leave everything else untouched.",deepseek-v4-flash,step59,note,checked_59,[],1,"The paraphrase uses 'its' to refer to step59, preserving the coreference and meaning.",deepseek-v4-pro,step59,note,checked_59,[],1,"The paraphrase explicitly instructs to open step59, change its note to checked_59, and leave everything else untouched, which matches the base instruction's intent to set step59's note to checked_59 while preserving all other objects and fields.",,0,step59,note,checked_59,[],1,,,,,,,,,
pc_v4_59_p2,pc_v4_59,workflow_micro,conditional_negative_constraint,Set step59's note to checked_59; preserve every unrelated object and field.,"If step59 is present, set note to checked_59. Do not alter any other object or field.",deepseek-v4-flash,step59,note,checked_59,"[""any change to other objects"", ""any change to other fields of step59""]",1,"The paraphrase adds a condition 'If step59 is present' which is implicit in the base instruction, but does not change the core meaning.",deepseek-v4-pro,step59,note,checked_59,"[""alter any other object or field""]",1,"The paraphrase adds a conditional 'If step59 is present', but the base instruction implies step59 exists. The core action and constraint are preserved.",forbidden_effect_set,1,step59,note,checked_59,,1,,,,,,,,,
pc_v4_59_p3,pc_v4_59,workflow_micro,ellipsis_multi_object_preservation,Set step59's note to checked_59; preserve every unrelated object and field.,"For step59: note -> checked_59; peer_step_59_a and peer_step_59_b, unchanged.",deepseek-v4-flash,step59,note,checked_59,"[""peer_step_59_a"", ""peer_step_59_b""]",1,"The paraphrase explicitly preserves peer_step_59_a and peer_step_59_b, matching the base instruction's preservation requirement.",deepseek-v4-pro,step59,note,checked_59,"[""peer_step_59_a"", ""peer_step_59_b""]",1,"The paraphrase explicitly states the target object and field, and specifies that peer_step_59_a and peer_step_59_b should remain unchanged, which aligns with the base instruction's requirement to preserve every unrelated object and field.",,0,step59,note,checked_59,"[""peer_step_59_a"", ""peer_step_59_b""]",1,,,,,,,,,
pc_v4_60_p1,pc_v4_60,file,pronoun_coreference,Set reports/draft_60.txt's content to approved_60; preserve every unrelated object and field.,"Open reports/draft_60.txt. Change its content so that it reads approved_60, and leave everything else untouched.",deepseek-v4-flash,reports/draft_60.txt,content,approved_60,"[""modify any other file"", ""modify any other field of reports/draft_60.txt""]",1,"The paraphrase uses 'its' to refer to the file, preserving coreference.",deepseek-v4-pro,reports/draft_60.txt,content,approved_60,[],1,"The paraphrase uses 'Open' and 'Change its content so that it reads' to convey the same meaning as 'Set content to', with 'its' referring to the file. It also explicitly states to leave everything else untouched, matching the original instruction.",forbidden_effect_set,1,reports/draft_60.txt,content,approved_60,,1,,,,,,,,,
pc_v4_60_p2,pc_v4_60,file,conditional_negative_constraint,Set reports/draft_60.txt's content to approved_60; preserve every unrelated object and field.,"If reports/draft_60.txt is present, set content to approved_60. Do not alter any other object or field.",deepseek-v4-flash,reports/draft_60.txt,content,approved_60,"[""any other object"", ""any other field""]",1,"The paraphrase adds a condition 'if present' which is not in the base instruction, but the core action and preservation constraint are preserved.",deepseek-v4-pro,reports/draft_60.txt,content,approved_60,"[""alter any other object or field""]",1,"The paraphrase captures the conditional nature of the original instruction and explicitly forbids altering other objects or fields, preserving the meaning.",forbidden_effect_set,1,reports/draft_60.txt,content,approved_60,,1,,,,,,,,,
pc_v4_60_p3,pc_v4_60,file,ellipsis_multi_object_preservation,Set reports/draft_60.txt's content to approved_60; preserve every unrelated object and field.,"For reports/draft_60.txt: content -> approved_60; reports/reference_60.txt and reports/archive_60.txt, unchanged.",deepseek-v4-flash,reports/draft_60.txt,content,approved_60,"[""reports/reference_60.txt"", ""reports/archive_60.txt""]",1,"The paraphrase explicitly preserves two other objects, matching the base instruction's preservation requirement.",deepseek-v4-pro,reports/draft_60.txt,content,approved_60,"[""reports/reference_60.txt"", ""reports/archive_60.txt""]",1,"The paraphrase explicitly lists the objects to preserve, matching the base instruction's requirement to preserve every unrelated object and field.",,0,reports/draft_60.txt,content,approved_60,"[""reports/reference_60.txt"", ""reports/archive_60.txt""]",1,,,,,,,,,
pc_v4_61_p1,pc_v4_61,web_form,pronoun_coreference,Set r61's status to approved; preserve every unrelated object and field.,"Open r61. Change its status so that it reads approved, and leave everything else untouched.",deepseek-v4-flash,r61,status,approved,"[""change any other field of r61"", ""modify any other object""]",1,"The paraphrase uses 'its' to refer to r61, preserving coreference. 'Open r61' is interpreted as accessing the object, and 'leave everything else untouched' matches 'preserve every unrelated object and field'.",deepseek-v4-pro,r61,status,approved,[],1,"The paraphrase uses 'Open r61' which implies selecting or viewing the record, but the core instruction to change status to approved and preserve everything else is maintained.",forbidden_effect_set,1,r61,status,approved,,1,,,,,,,,,
pc_v4_61_p2,pc_v4_61,web_form,conditional_negative_constraint,Set r61's status to approved; preserve every unrelated object and field.,"If r61 is present, set status to approved. Do not alter any other object or field.",deepseek-v4-flash,r61,status,approved,"[""alter any other object or field""]",1,"The paraphrase adds a conditional 'if r61 is present', which is implicit in the base instruction. The negative constraint is preserved.",deepseek-v4-pro,r61,status,approved,[],1,"The paraphrase adds a condition 'If r61 is present', which is not in the base instruction, but the base instruction implies r61 exists. The core action and preservation of unrelated objects/fields are maintained.",forbidden_effect_set,1,r61,status,approved,,1,,,,,,,,,
pc_v4_61_p3,pc_v4_61,web_form,ellipsis_multi_object_preservation,Set r61's status to approved; preserve every unrelated object and field.,"For r61: status -> approved; peer_record_61_a and peer_record_61_b, unchanged.",deepseek-v4-flash,r61,status,approved,"[""peer_record_61_a"", ""peer_record_61_b""]",1,"The paraphrase explicitly preserves two other objects, matching the base instruction's preservation requirement.",deepseek-v4-pro,r61,status,approved,"[""peer_record_61_a"", ""peer_record_61_b""]",1,"The paraphrase explicitly states to set r61's status to approved and keep peer_record_61_a and peer_record_61_b unchanged, matching the base instruction's requirement to preserve every unrelated object and field.",,0,r61,status,approved,"[""peer_record_61_a"", ""peer_record_61_b""]",1,,,,,,,,,
pc_v4_62_p1,pc_v4_62,table,pronoun_coreference,Set row62's score to 82; preserve every unrelated object and field.,"Open row62. Change its score so that it reads 82, and leave everything else untouched.",deepseek-v4-flash,row62,score,82,"[""any change to other rows"", ""any change to other fields of row62""]",1,"The paraphrase uses 'its' and 'it' to refer to row62, preserving the coreference and meaning.",deepseek-v4-pro,row62,score,82,[],1,"The paraphrase uses 'its' to refer to row62, maintaining the coreference. It specifies changing the score to 82 and leaving everything else untouched, matching the base instruction.",forbidden_effect_set,1,row62,score,82,,1,,,,,,,,,
pc_v4_62_p2,pc_v4_62,table,conditional_negative_constraint,Set row62's score to 82; preserve every unrelated object and field.,"If row62 is present, set score to 82. Do not alter any other object or field.",deepseek-v4-flash,row62,score,82,"[""any other object"", ""any other field""]",1,"The paraphrase adds a conditional 'if present' which is not in the base instruction, but since the base instruction implies row62 exists, the meaning is preserved.",deepseek-v4-pro,row62,score,82,[],1,The paraphrase accurately captures the conditional update and the preservation of unrelated objects and fields.,forbidden_effect_set,1,row62,score,82,,1,,,,,,,,,
pc_v4_62_p3,pc_v4_62,table,ellipsis_multi_object_preservation,Set row62's score to 82; preserve every unrelated object and field.,"For row62: score -> 82; peer_row_62_a and peer_row_62_b, unchanged.",deepseek-v4-flash,row62,score,82,"[""peer_row_62_a"", ""peer_row_62_b""]",1,"The paraphrase explicitly preserves peer_row_62_a and peer_row_62_b, matching the base instruction's preservation of unrelated objects.",deepseek-v4-pro,row62,score,82,"[""peer_row_62_a"", ""peer_row_62_b""]",1,"The paraphrase explicitly sets row62's score to 82 and states that peer_row_62_a and peer_row_62_b should remain unchanged, matching the base instruction's requirement to preserve every unrelated object and field.",,0,row62,score,82,"[""peer_row_62_a"", ""peer_row_62_b""]",1,,,,,,,,,
pc_v4_63_p1,pc_v4_63,workflow_micro,pronoun_coreference,Set step63's note to checked_63; preserve every unrelated object and field.,"Open step63. Change its note so that it reads checked_63, and leave everything else untouched.",deepseek-v4-flash,step63,note,checked_63,"[""step63.note"", ""step63.*"", ""*.*""]",1,"The paraphrase uses 'its' to refer to step63, preserving coreference. 'Open step63' is an additional action not in the base instruction, but it is implied by the need to change the note. The core meaning of setting the note to 'checked_63' and preserving everything else is maintained.",deepseek-v4-pro,step63,note,checked_63,[],1,"The paraphrase accurately captures the base instruction: it specifies the object (step63), the field to change (note), the new value (checked_63), and the requirement to preserve everything else.",forbidden_effect_set,1,step63,note,checked_63,,1,,,,,,,,,
pc_v4_63_p2,pc_v4_63,workflow_micro,conditional_negative_constraint,Set step63's note to checked_63; preserve every unrelated object and field.,"If step63 is present, set note to checked_63. Do not alter any other object or field.",deepseek-v4-flash,step63,note,checked_63,"[""any change to objects other than step63"", ""any change to fields other than note in step63""]",1,"The paraphrase adds an explicit condition 'If step63 is present', which is implicit in the base instruction. This does not change the meaning because the base instruction assumes step63 exists.",deepseek-v4-pro,step63,note,checked_63,[],1,The paraphrase captures the conditional nature and the prohibition on altering other objects/fields.,forbidden_effect_set,1,step63,note,checked_63,,1,,,,,,,,,
pc_v4_63_p3,pc_v4_63,workflow_micro,ellipsis_multi_object_preservation,Set step63's note to checked_63; preserve every unrelated object and field.,"For step63: note -> checked_63; peer_step_63_a and peer_step_63_b, unchanged.",deepseek-v4-flash,step63,note,checked_63,"[""peer_step_63_a"", ""peer_step_63_b""]",1,"The paraphrase explicitly preserves peer_step_63_a and peer_step_63_b, matching the base instruction's preservation requirement.",deepseek-v4-pro,step63,note,checked_63,"[""peer_step_63_a"", ""peer_step_63_b""]",1,"The paraphrase explicitly states the target object and field, the expected value, and that peer_step_63_a and peer_step_63_b should remain unchanged, which aligns with the base instruction's requirement to preserve every unrelated object and field.",,0,step63,note,checked_63,"[""peer_step_63_a"", ""peer_step_63_b""]",1,,,,,,,,,
pc_v4_64_p1,pc_v4_64,file,pronoun_coreference,Set reports/draft_64.txt's content to approved_64; preserve every unrelated object and field.,"Open reports/draft_64.txt. Change its content so that it reads approved_64, and leave everything else untouched.",deepseek-v4-flash,reports/draft_64.txt,content,approved_64,"[""modify any other file"", ""change any other field of reports/draft_64.txt"", ""delete reports/draft_64.txt"", ""create new files""]",1,"The paraphrase uses 'its' to refer to the file, maintaining coreference. The instruction to 'leave everything else untouched' matches the base instruction's 'preserve every unrelated object and field'.",deepseek-v4-pro,reports/draft_64.txt,content,approved_64,[],1,"The paraphrase uses 'its' to refer to 'reports/draft_64.txt', which is a pronoun coreference. The meaning is preserved as both instructions aim to set the content of the specified file to 'approved_64' without affecting other objects or fields.",forbidden_effect_set,1,reports/draft_64.txt,content,approved_64,,1,,,,,,,,,
pc_v4_64_p2,pc_v4_64,file,conditional_negative_constraint,Set reports/draft_64.txt's content to approved_64; preserve every unrelated object and field.,"If reports/draft_64.txt is present, set content to approved_64. Do not alter any other object or field.",deepseek-v4-flash,reports/draft_64.txt,content,approved_64,"[""any change to other objects"", ""any change to other fields""]",1,"The paraphrase adds a condition 'if present' which is not in the base instruction, but the core action and constraints are preserved.",deepseek-v4-pro,reports/draft_64.txt,content,approved_64,"[""alter any other object or field""]",1,"The paraphrase adds a conditional 'If reports/draft_64.txt is present', which slightly changes the meaning by implying the action is conditional on existence, whereas the base instruction assumes the object exists. However, the core intent—setting content to approved_64 and preserving everything else—is maintained.",forbidden_effect_set,1,reports/draft_64.txt,content,approved_64,,1,,,,,,,,,
pc_v4_64_p3,pc_v4_64,file,ellipsis_multi_object_preservation,Set reports/draft_64.txt's content to approved_64; preserve every unrelated object and field.,"For reports/draft_64.txt: content -> approved_64; reports/reference_64.txt and reports/archive_64.txt, unchanged.",deepseek-v4-flash,reports/draft_64.txt,content,approved_64,"[""reports/reference_64.txt"", ""reports/archive_64.txt""]",1,"The paraphrase explicitly mentions two other files that must remain unchanged, matching the base instruction's preservation requirement.",deepseek-v4-pro,reports/draft_64.txt,content,approved_64,"[""reports/reference_64.txt"", ""reports/archive_64.txt""]",1,"The paraphrase explicitly lists the objects to preserve, matching the base instruction's requirement to preserve every unrelated object and field.",,0,reports/draft_64.txt,content,approved_64,"[""reports/reference_64.txt"", ""reports/archive_64.txt""]",1,,,,,,,,,
pc_v4_65_p1,pc_v4_65,web_form,pronoun_coreference,Set r65's status to approved; preserve every unrelated object and field.,"Open r65. Change its status so that it reads approved, and leave everything else untouched.",deepseek-v4-flash,r65,status,approved,"[""change any other field of r65"", ""change any other object""]",1,"The paraphrase uses 'its' to refer to r65, preserving coreference. 'Open' is interpreted as accessing the object, and 'leave everything else untouched' matches 'preserve every unrelated object and field'.",deepseek-v4-pro,r65,status,approved,[],1,"The paraphrase uses 'Open r65' which might imply an extra action, but the core instruction to change status to approved and leave everything else untouched is preserved.",forbidden_effect_set,1,r65,status,approved,,1,,,,,,,,,
pc_v4_65_p2,pc_v4_65,web_form,conditional_negative_constraint,Set r65's status to approved; preserve every unrelated object and field.,"If r65 is present, set status to approved. Do not alter any other object or field.",deepseek-v4-flash,r65,status,approved,"[""alter any other object or field""]",1,"The paraphrase adds a conditional 'if r65 is present', which is a slight nuance but does not change the core instruction: set status to approved and leave everything else unchanged.",deepseek-v4-pro,r65,status,approved,"[""alter any other object or field""]",1,"The paraphrase adds a conditional 'if r65 is present', but the base instruction implies r65 exists. The core action and constraint are preserved.",,0,r65,status,approved,"[""alter any other object or field""]",1,,,,,,,,,
pc_v4_65_p3,pc_v4_65,web_form,ellipsis_multi_object_preservation,Set r65's status to approved; preserve every unrelated object and field.,"For r65: status -> approved; peer_record_65_a and peer_record_65_b, unchanged.",deepseek-v4-flash,r65,status,approved,"[""peer_record_65_a"", ""peer_record_65_b""]",1,"Paraphrase uses arrow notation and explicitly lists objects to preserve, matching base instruction.",deepseek-v4-pro,r65,status,approved,"[""peer_record_65_a"", ""peer_record_65_b""]",1,"The paraphrase explicitly mentions setting r65's status to approved and preserving peer_record_65_a and peer_record_65_b, matching the base instruction's intent to preserve every unrelated object and field.",,0,r65,status,approved,"[""peer_record_65_a"", ""peer_record_65_b""]",1,,,,,,,,,
pc_v4_66_p1,pc_v4_66,table,pronoun_coreference,Set row66's score to 86; preserve every unrelated object and field.,"Open row66. Change its score so that it reads 86, and leave everything else untouched.",deepseek-v4-flash,row66,score,86,"[""row66.other_fields"", ""other_rows""]",1,"The paraphrase uses 'its' to refer to row66, preserving coreference.",deepseek-v4-pro,row66,score,86,[],1,The paraphrase maintains the core instruction: set row66's score to 86 and preserve all other objects and fields. 'Open row66' is an additional step but does not alter the intended outcome.,forbidden_effect_set,1,row66,score,86,,1,,,,,,,,,
pc_v4_66_p2,pc_v4_66,table,conditional_negative_constraint,Set row66's score to 86; preserve every unrelated object and field.,"If row66 is present, set score to 86. Do not alter any other object or field.",deepseek-v4-flash,row66,score,86,"[""any change to other objects"", ""any change to other fields of row66""]",1,"The paraphrase adds a conditional 'if row66 is present', which is implicit in the base instruction but does not change the core meaning.",deepseek-v4-pro,row66,score,86,"[""alter any other object or field""]",1,"The paraphrase adds a conditional 'If row66 is present', but the core instruction to set row66's score to 86 and preserve everything else remains the same.",forbidden_effect_set,1,row66,score,86,,1,,,,,,,,,
pc_v4_66_p3,pc_v4_66,table,ellipsis_multi_object_preservation,Set row66's score to 86; preserve every unrelated object and field.,"For row66: score -> 86; peer_row_66_a and peer_row_66_b, unchanged.",deepseek-v4-flash,row66,score,86,"[""peer_row_66_a"", ""peer_row_66_b""]",1,"The paraphrase uses an arrow notation and explicitly lists objects to remain unchanged, preserving the original intent.",deepseek-v4-pro,row66,score,86,"[""peer_row_66_a"", ""peer_row_66_b""]",1,"The paraphrase specifies the target object and field, sets the score to 86, and explicitly states that peer_row_66_a and peer_row_66_b should remain unchanged, matching the base instruction's requirement to preserve every unrelated object and field.",,0,row66,score,86,"[""peer_row_66_a"", ""peer_row_66_b""]",1,,,,,,,,,
pc_v4_67_p1,pc_v4_67,workflow_micro,pronoun_coreference,Set step67's note to checked_67; preserve every unrelated object and field.,"Open step67. Change its note so that it reads checked_67, and leave everything else untouched.",deepseek-v4-flash,step67,note,checked_67,[],1,"The paraphrase uses 'its' to refer to step67, preserving coreference.",deepseek-v4-pro,step67,note,checked_67,[],1,"The paraphrase explicitly identifies step67 as the target, specifies changing its note to 'checked_67', and instructs to leave everything else untouched, which matches the base instruction.",,0,step67,note,checked_67,[],1,,,,,,,,,
pc_v4_67_p2,pc_v4_67,workflow_micro,conditional_negative_constraint,Set step67's note to checked_67; preserve every unrelated object and field.,"If step67 is present, set note to checked_67. Do not alter any other object or field.",deepseek-v4-flash,step67,note,checked_67,"[""modify any other object"", ""modify any other field of step67""]",1,"The paraphrase adds a condition 'If step67 is present' which is implicit in the base instruction, but does not change the core meaning.",deepseek-v4-pro,step67,note,checked_67,"[""alter any other object or field""]",1,"The paraphrase captures the conditional nature and the negative constraint, preserving the original meaning.",forbidden_effect_set,1,step67,note,checked_67,,1,,,,,,,,,
pc_v4_67_p3,pc_v4_67,workflow_micro,ellipsis_multi_object_preservation,Set step67's note to checked_67; preserve every unrelated object and field.,"For step67: note -> checked_67; peer_step_67_a and peer_step_67_b, unchanged.",deepseek-v4-flash,step67,note,checked_67,"[""peer_step_67_a"", ""peer_step_67_b""]",1,"The paraphrase uses a colon and arrow notation to indicate the assignment, and explicitly lists the objects that must remain unchanged.",deepseek-v4-pro,step67,note,checked_67,"[""peer_step_67_a"", ""peer_step_67_b""]",1,"The paraphrase explicitly mentions the target object and field, the expected state, and the objects to preserve, matching the base instruction.",,0,step67,note,checked_67,"[""peer_step_67_a"", ""peer_step_67_b""]",1,,,,,,,,,
pc_v4_68_p1,pc_v4_68,file,pronoun_coreference,Set reports/draft_68.txt's content to approved_68; preserve every unrelated object and field.,"Open reports/draft_68.txt. Change its content so that it reads approved_68, and leave everything else untouched.",deepseek-v4-flash,reports/draft_68.txt,content,approved_68,[],1,"The paraphrase uses 'its' to refer to the file, maintaining coreference. It explicitly states to leave everything else untouched, matching the base instruction.",deepseek-v4-pro,reports/draft_68.txt,content,approved_68,[],1,"The paraphrase uses 'its' to refer to the file, preserving the coreference. It instructs to change the content to 'approved_68' and leave everything else untouched, matching the base instruction.",,0,reports/draft_68.txt,content,approved_68,[],1,,,,,,,,,
pc_v4_68_p2,pc_v4_68,file,conditional_negative_constraint,Set reports/draft_68.txt's content to approved_68; preserve every unrelated object and field.,"If reports/draft_68.txt is present, set content to approved_68. Do not alter any other object or field.",deepseek-v4-flash,reports/draft_68.txt,content,approved_68,"[""reports/draft_68.txt is not present""]",1,"The paraphrase adds a condition that the file must be present, which is implicit in the base instruction. The forbidden effect is that the action should not occur if the file is absent.",deepseek-v4-pro,reports/draft_68.txt,content,approved_68,"[""alter any other object or field""]",1,"The paraphrase captures the conditional nature and the negative constraint, preserving the original meaning.",forbidden_effect_set,1,reports/draft_68.txt,content,approved_68,,1,,,,,,,,,
pc_v4_68_p3,pc_v4_68,file,ellipsis_multi_object_preservation,Set reports/draft_68.txt's content to approved_68; preserve every unrelated object and field.,"For reports/draft_68.txt: content -> approved_68; reports/reference_68.txt and reports/archive_68.txt, unchanged.",deepseek-v4-flash,reports/draft_68.txt,content,approved_68,"[""reports/reference_68.txt"", ""reports/archive_68.txt""]",1,"The paraphrase explicitly mentions two other files that must remain unchanged, matching the base instruction's preservation requirement.",deepseek-v4-pro,reports/draft_68.txt,content,approved_68,"[""reports/reference_68.txt"", ""reports/archive_68.txt""]",1,"The paraphrase explicitly lists the target object and field, and specifies that reports/reference_68.txt and reports/archive_68.txt should remain unchanged, preserving the original instruction's intent.",,0,reports/draft_68.txt,content,approved_68,"[""reports/reference_68.txt"", ""reports/archive_68.txt""]",1,,,,,,,,,
pc_v4_69_p1,pc_v4_69,web_form,pronoun_coreference,Set r69's name to Alice_69; preserve every unrelated object and field.,"Open r69. Change its name so that it reads Alice_69, and leave everything else untouched.",deepseek-v4-flash,r69,name,Alice_69,[],1,"The paraphrase uses 'its' to refer to r69, maintaining coreference. 'Open r69' is an acceptable action for a web form context, and 'leave everything else untouched' matches 'preserve every unrelated object and field'.",deepseek-v4-pro,r69,name,Alice_69,[],1,The paraphrase captures the same instruction: set the name of r69 to Alice_69 and preserve all other objects and fields.,,0,r69,name,Alice_69,[],1,,,,,,,,,
pc_v4_69_p2,pc_v4_69,web_form,conditional_negative_constraint,Set r69's name to Alice_69; preserve every unrelated object and field.,"If r69 is present, set name to Alice_69. Do not alter any other object or field.",deepseek-v4-flash,r69,name,Alice_69,"[""any change to other objects"", ""any change to other fields of r69""]",1,The paraphrase adds a condition 'if r69 is present' which is implicit in the base instruction. The negative constraint 'do not alter any other object or field' is preserved.,deepseek-v4-pro,r69,name,Alice_69,"[""alter any other object or field""]",1,"The paraphrase adds a conditional 'If r69 is present', but the base instruction implies r69 exists. The core action and constraint are preserved.",forbidden_effect_set,1,r69,name,Alice_69,,1,,,,,,,,,
pc_v4_69_p3,pc_v4_69,web_form,ellipsis_multi_object_preservation,Set r69's name to Alice_69; preserve every unrelated object and field.,"For r69: name -> Alice_69; peer_record_69_a and peer_record_69_b, unchanged.",deepseek-v4-flash,r69,name,Alice_69,"[""peer_record_69_a"", ""peer_record_69_b""]",1,"Paraphrase uses arrow notation and lists objects to preserve, matching base instruction.",deepseek-v4-pro,r69,name,Alice_69,"[""peer_record_69_a"", ""peer_record_69_b""]",1,"The paraphrase explicitly instructs to set r69's name to Alice_69 and keep peer_record_69_a and peer_record_69_b unchanged, matching the base instruction's requirement to preserve every unrelated object and field.",,0,r69,name,Alice_69,"[""peer_record_69_a"", ""peer_record_69_b""]",1,,,,,,,,,
pc_v4_70_p1,pc_v4_70,table,pronoun_coreference,Set row70's score to 80; preserve every unrelated object and field.,"Open row70. Change its score so that it reads 80, and leave everything else untouched.",deepseek-v4-flash,row70,score,80,[],1,,deepseek-v4-pro,row70,score,80,[],1,The paraphrase maintains the core instruction: set row70's score to 80 and preserve all other objects and fields. The phrase 'leave everything else untouched' directly corresponds to 'preserve every unrelated object and field'.,,0,row70,score,80,[],1,,,,,,,,,
pc_v4_70_p2,pc_v4_70,table,conditional_negative_constraint,Set row70's score to 80; preserve every unrelated object and field.,"If row70 is present, set score to 80. Do not alter any other object or field.",deepseek-v4-flash,row70,score,80,"[""any change to other objects"", ""any change to other fields of row70""]",1,"The paraphrase adds a conditional 'if row70 is present', which is implicit in the base instruction. The negative constraint 'do not alter any other object or field' matches the base instruction's 'preserve every unrelated object and field'.",deepseek-v4-pro,row70,score,80,"[""alter any other object or field""]",1,"The paraphrase adds an explicit conditional, but the core instruction to set row70's score to 80 and preserve everything else remains the same.",forbidden_effect_set,1,row70,score,80,,1,,,,,,,,,
pc_v4_70_p3,pc_v4_70,table,ellipsis_multi_object_preservation,Set row70's score to 80; preserve every unrelated object and field.,"For row70: score -> 80; peer_row_70_a and peer_row_70_b, unchanged.",deepseek-v4-flash,row70,score,80,"[""peer_row_70_a"", ""peer_row_70_b""]",1,"The paraphrase uses an arrow notation and explicitly lists objects that must remain unchanged, preserving the base instruction's meaning.",deepseek-v4-pro,row70,score,80,"[""peer_row_70_a"", ""peer_row_70_b""]",1,"The paraphrase explicitly sets row70's score to 80 and states that peer_row_70_a and peer_row_70_b should remain unchanged, matching the base instruction's requirement to preserve every unrelated object and field.",,0,row70,score,80,"[""peer_row_70_a"", ""peer_row_70_b""]",1,,,,,,,,,
pc_v4_71_p1,pc_v4_71,workflow_micro,pronoun_coreference,Set step71's note to checked_71; preserve every unrelated object and field.,"Open step71. Change its note so that it reads checked_71, and leave everything else untouched.",deepseek-v4-flash,step71,note,checked_71,"[""step71.any_other_field"", ""any_other_object.any_field""]",1,"The paraphrase uses 'its' to refer to step71, preserving coreference. 'Open' implies accessing the object, and 'leave everything else untouched' matches preserving unrelated objects and fields.",deepseek-v4-pro,step71,note,checked_71,[],1,"The paraphrase explicitly mentions opening step71 and changing its note to checked_71, while instructing to leave everything else untouched, which matches the base instruction's intent to set step71's note and preserve all unrelated objects and fields.",forbidden_effect_set,1,step71,note,checked_71,,1,,,,,,,,,
pc_v4_71_p2,pc_v4_71,workflow_micro,conditional_negative_constraint,Set step71's note to checked_71; preserve every unrelated object and field.,"If step71 is present, set note to checked_71. Do not alter any other object or field.",deepseek-v4-flash,step71,note,checked_71,"[""any change to other objects"", ""any change to other fields of step71""]",1,"The paraphrase adds a condition 'If step71 is present', which is implicit in the base instruction. The negative constraint 'Do not alter any other object or field' matches 'preserve every unrelated object and field'.",deepseek-v4-pro,step71,note,checked_71,[],1,The paraphrase captures the conditional nature and the preservation constraint.,forbidden_effect_set,1,step71,note,checked_71,,1,,,,,,,,,
pc_v4_71_p3,pc_v4_71,workflow_micro,ellipsis_multi_object_preservation,Set step71's note to checked_71; preserve every unrelated object and field.,"For step71: note -> checked_71; peer_step_71_a and peer_step_71_b, unchanged.",deepseek-v4-flash,step71,note,checked_71,"[""peer_step_71_a"", ""peer_step_71_b""]",1,"The paraphrase uses a colon and arrow notation, but preserves the core instruction: set note to checked_71, leave peer objects unchanged.",deepseek-v4-pro,step71,note,checked_71,"[""peer_step_71_a"", ""peer_step_71_b""]",1,"The paraphrase explicitly specifies the target object and field, and explicitly states that peer_step_71_a and peer_step_71_b should remain unchanged, preserving the original instruction's intent.",,0,step71,note,checked_71,"[""peer_step_71_a"", ""peer_step_71_b""]",1,,,,,,,,,
pc_v4_72_p1,pc_v4_72,file,pronoun_coreference,Set reports/draft_72.txt's content to approved_72; preserve every unrelated object and field.,"Open reports/draft_72.txt. Change its content so that it reads approved_72, and leave everything else untouched.",deepseek-v4-flash,reports/draft_72.txt,content,approved_72,[],1,"The paraphrase uses 'its' to refer to the file, preserving coreference. 'Leave everything else untouched' matches 'preserve every unrelated object and field'.",deepseek-v4-pro,reports/draft_72.txt,content,approved_72,[],1,"The paraphrase uses 'its' to refer to 'reports/draft_72.txt', preserving the coreference. The action is the same: set the content to 'approved_72' and leave other objects and fields unchanged.",,0,reports/draft_72.txt,content,approved_72,[],1,,,,,,,,,
pc_v4_72_p2,pc_v4_72,file,conditional_negative_constraint,Set reports/draft_72.txt's content to approved_72; preserve every unrelated object and field.,"If reports/draft_72.txt is present, set content to approved_72. Do not alter any other object or field.",deepseek-v4-flash,reports/draft_72.txt,content,approved_72,"[""any change to other objects"", ""any change to other fields""]",1,"The paraphrase adds a conditional check for file presence, which is a reasonable interpretation of the base instruction's implicit assumption that the file exists.",deepseek-v4-pro,reports/draft_72.txt,content,approved_72,"[""alter any other object or field""]",1,"The paraphrase captures the conditional aspect (if present) and the negative constraint (do not alter any other object or field), preserving the original meaning.",forbidden_effect_set,1,reports/draft_72.txt,content,approved_72,,1,,,,,,,,,
pc_v4_72_p3,pc_v4_72,file,ellipsis_multi_object_preservation,Set reports/draft_72.txt's content to approved_72; preserve every unrelated object and field.,"For reports/draft_72.txt: content -> approved_72; reports/reference_72.txt and reports/archive_72.txt, unchanged.",deepseek-v4-flash,reports/draft_72.txt,content,approved_72,"[""reports/reference_72.txt"", ""reports/archive_72.txt""]",1,"The paraphrase explicitly lists the two files that must remain unchanged, matching the base instruction's preservation requirement.",deepseek-v4-pro,reports/draft_72.txt,content,approved_72,"[""reports/reference_72.txt"", ""reports/archive_72.txt""]",1,"The paraphrase explicitly sets the content of reports/draft_72.txt to approved_72 and states that reports/reference_72.txt and reports/archive_72.txt should remain unchanged, matching the base instruction's requirement to preserve every unrelated object and field.",,0,reports/draft_72.txt,content,approved_72,"[""reports/reference_72.txt"", ""reports/archive_72.txt""]",1,,,,,,,,,
pc_v4_73_p1,pc_v4_73,web_form,pronoun_coreference,Set r73's status to approved; preserve every unrelated object and field.,"Open r73. Change its status so that it reads approved, and leave everything else untouched.",deepseek-v4-flash,r73,status,approved,[],1,"The paraphrase uses 'its' to refer to r73, preserving coreference. 'Open r73' is interpreted as accessing the object, and 'leave everything else untouched' matches 'preserve every unrelated object and field'.",deepseek-v4-pro,r73,status,approved,[],1,"The paraphrase uses 'Open r73' which implies selecting or focusing on the object before changing its status, but the core instruction to set status to approved and preserve everything else is maintained.",,0,r73,status,approved,[],1,,,,,,,,,
pc_v4_73_p2,pc_v4_73,web_form,conditional_negative_constraint,Set r73's status to approved; preserve every unrelated object and field.,"If r73 is present, set status to approved. Do not alter any other object or field.",deepseek-v4-flash,r73,status,approved,"[""alter any other object or field""]",1,"The paraphrase adds a conditional 'if r73 is present', which is implicit in the base instruction. The negative constraint is preserved.",deepseek-v4-pro,r73,status,approved,"[""alter any other object or field""]",1,"The paraphrase adds a conditional 'If r73 is present', but the base instruction implies r73 exists. The core action and constraint are preserved.",,0,r73,status,approved,"[""alter any other object or field""]",1,,,,,,,,,
pc_v4_73_p3,pc_v4_73,web_form,ellipsis_multi_object_preservation,Set r73's status to approved; preserve every unrelated object and field.,"For r73: status -> approved; peer_record_73_a and peer_record_73_b, unchanged.",deepseek-v4-flash,r73,status,approved,"[""peer_record_73_a"", ""peer_record_73_b""]",1,"The paraphrase explicitly preserves peer_record_73_a and peer_record_73_b, matching the base instruction's preservation of unrelated objects and fields.",deepseek-v4-pro,r73,status,approved,"[""peer_record_73_a"", ""peer_record_73_b""]",1,"The paraphrase explicitly sets r73's status to approved and states that peer_record_73_a and peer_record_73_b should remain unchanged, matching the base instruction's requirement to preserve every unrelated object and field.",,0,r73,status,approved,"[""peer_record_73_a"", ""peer_record_73_b""]",1,,,,,,,,,
pc_v4_74_p1,pc_v4_74,table,pronoun_coreference,Set row74's score to 84; preserve every unrelated object and field.,"Open row74. Change its score so that it reads 84, and leave everything else untouched.",deepseek-v4-flash,row74,score,84,[],1,"The paraphrase uses 'its' to refer to row74, preserving coreference and meaning.",deepseek-v4-pro,row74,score,84,[],1,"The paraphrase uses 'its' to refer to row74, maintaining the same target and action while explicitly stating to leave everything else untouched, matching the base instruction's preservation requirement.",,0,row74,score,84,[],1,,,,,,,,,
pc_v4_74_p2,pc_v4_74,table,conditional_negative_constraint,Set row74's score to 84; preserve every unrelated object and field.,"If row74 is present, set score to 84. Do not alter any other object or field.",deepseek-v4-flash,row74,score,84,"[""alter any other object or field""]",1,"The paraphrase adds a conditional 'if row74 is present', which is implicit in the base instruction. The negative constraint is preserved.",deepseek-v4-pro,row74,score,84,[],1,"The paraphrase explicitly conditions on row74's presence and restricts changes to only the score field, matching the base instruction's intent.",forbidden_effect_set,1,row74,score,84,,1,,,,,,,,,
pc_v4_74_p3,pc_v4_74,table,ellipsis_multi_object_preservation,Set row74's score to 84; preserve every unrelated object and field.,"For row74: score -> 84; peer_row_74_a and peer_row_74_b, unchanged.",deepseek-v4-flash,row74,score,84,"[""peer_row_74_a"", ""peer_row_74_b""]",1,"The paraphrase uses an arrow notation and explicitly lists objects that must remain unchanged, preserving the original instruction's intent.",deepseek-v4-pro,row74,score,84,"[""peer_row_74_a"", ""peer_row_74_b""]",1,"The paraphrase specifies the same target object and field, sets the score to 84, and explicitly states that peer_row_74_a and peer_row_74_b should remain unchanged, matching the base instruction's requirement to preserve every unrelated object and field.",,0,row74,score,84,"[""peer_row_74_a"", ""peer_row_74_b""]",1,,,,,,,,,
pc_v4_75_p1,pc_v4_75,workflow_micro,pronoun_coreference,Set step75's note to checked_75; preserve every unrelated object and field.,"Open step75. Change its note so that it reads checked_75, and leave everything else untouched.",deepseek-v4-flash,step75,note,checked_75,[],1,"The paraphrase uses 'its' to refer to step75, preserving the coreference.",deepseek-v4-pro,step75,note,checked_75,[],1,"The paraphrase instructs to open step75, change its note to checked_75, and leave everything else untouched, which matches the base instruction to set step75's note to checked_75 and preserve every unrelated object and field.",,0,step75,note,checked_75,[],1,,,,,,,,,
pc_v4_75_p2,pc_v4_75,workflow_micro,conditional_negative_constraint,Set step75's note to checked_75; preserve every unrelated object and field.,"If step75 is present, set note to checked_75. Do not alter any other object or field.",deepseek-v4-flash,step75,note,checked_75,"[""any other object"", ""any other field""]",1,"The paraphrase adds a condition 'If step75 is present' which is implicit in the base instruction, but does not change the core meaning.",deepseek-v4-pro,step75,note,checked_75,"[""alter any other object or field""]",1,"The paraphrase captures the conditional nature and the negative constraint, preserving the original meaning.",forbidden_effect_set,1,step75,note,checked_75,,1,,,,,,,,,
pc_v4_75_p3,pc_v4_75,workflow_micro,ellipsis_multi_object_preservation,Set step75's note to checked_75; preserve every unrelated object and field.,"For step75: note -> checked_75; peer_step_75_a and peer_step_75_b, unchanged.",deepseek-v4-flash,step75,note,checked_75,"[""peer_step_75_a"", ""peer_step_75_b""]",1,"The paraphrase uses a colon and arrow to indicate the update, and explicitly mentions that peer_step_75_a and peer_step_75_b are unchanged, preserving the base instruction's intent.",deepseek-v4-pro,step75,note,checked_75,"[""peer_step_75_a"", ""peer_step_75_b""]",1,"The paraphrase explicitly states the target object and field, the desired value, and specifies that peer_step_75_a and peer_step_75_b should remain unchanged, which aligns with the base instruction's requirement to preserve every unrelated object and field.",,0,step75,note,checked_75,"[""peer_step_75_a"", ""peer_step_75_b""]",1,,,,,,,,,
pc_v4_76_p1,pc_v4_76,file,pronoun_coreference,Set reports/draft_76.txt's content to approved_76; preserve every unrelated object and field.,"Open reports/draft_76.txt. Change its content so that it reads approved_76, and leave everything else untouched.",deepseek-v4-flash,reports/draft_76.txt,content,approved_76,"[""modify any other file"", ""modify any other field of reports/draft_76.txt""]",1,"The paraphrase uses 'its' to refer to the file, preserving coreference.",deepseek-v4-pro,reports/draft_76.txt,content,approved_76,[],1,"The paraphrase uses 'Open' and 'Change its content so that it reads' to convey the same operation as 'Set content to', with 'its' referring to the file. It also explicitly states to leave everything else untouched, matching the base instruction's preservation requirement.",forbidden_effect_set,1,reports/draft_76.txt,content,approved_76,,1,,,,,,,,,
pc_v4_76_p2,pc_v4_76,file,conditional_negative_constraint,Set reports/draft_76.txt's content to approved_76; preserve every unrelated object and field.,"If reports/draft_76.txt is present, set content to approved_76. Do not alter any other object or field.",deepseek-v4-flash,reports/draft_76.txt,content,approved_76,"[""any change to other objects"", ""any change to other fields of reports/draft_76.txt""]",1,"The paraphrase adds a condition 'if present' which is not in the base instruction, but it does not change the core action or constraints.",deepseek-v4-pro,reports/draft_76.txt,content,approved_76,"[""alter any other object or field""]",1,The paraphrase adds a conditional clause but maintains the core instruction to set the content and preserve everything else.,forbidden_effect_set,1,reports/draft_76.txt,content,approved_76,,1,,,,,,,,,
pc_v4_76_p3,pc_v4_76,file,ellipsis_multi_object_preservation,Set reports/draft_76.txt's content to approved_76; preserve every unrelated object and field.,"For reports/draft_76.txt: content -> approved_76; reports/reference_76.txt and reports/archive_76.txt, unchanged.",deepseek-v4-flash,reports/draft_76.txt,content,approved_76,"[""reports/reference_76.txt"", ""reports/archive_76.txt""]",1,"The paraphrase explicitly lists two other files that must remain unchanged, matching the base instruction's preservation requirement.",deepseek-v4-pro,reports/draft_76.txt,content,approved_76,"[""reports/reference_76.txt"", ""reports/archive_76.txt""]",1,"The paraphrase explicitly lists the objects to preserve, matching the base instruction's requirement to preserve every unrelated object and field.",,0,reports/draft_76.txt,content,approved_76,"[""reports/reference_76.txt"", ""reports/archive_76.txt""]",1,,,,,,,,,
pc_v4_77_p1,pc_v4_77,web_form,pronoun_coreference,Set r77's status to approved; preserve every unrelated object and field.,"Open r77. Change its status so that it reads approved, and leave everything else untouched.",deepseek-v4-flash,r77,status,approved,"[""change any other field of r77"", ""modify any other object""]",1,"The paraphrase uses 'its' to refer to r77, preserving coreference. 'Open' is interpreted as accessing the object, and 'leave everything else untouched' matches 'preserve every unrelated object and field'.",deepseek-v4-pro,r77,status,approved,[],1,"The paraphrase uses 'Open r77' which implies selecting or focusing on r77, then changing its status to 'approved' and leaving everything else untouched, matching the base instruction.",forbidden_effect_set,1,r77,status,approved,,1,,,,,,,,,
pc_v4_77_p2,pc_v4_77,web_form,conditional_negative_constraint,Set r77's status to approved; preserve every unrelated object and field.,"If r77 is present, set status to approved. Do not alter any other object or field.",deepseek-v4-flash,r77,status,approved,"[""alter any other object or field""]",1,"The paraphrase adds a conditional 'if r77 is present' which is implicit in the base instruction, but the meaning is preserved.",deepseek-v4-pro,r77,status,approved,"[""alter any other object or field""]",1,"The paraphrase adds a conditional 'If r77 is present', but the base instruction implies r77 exists. The core action and constraint are preserved.",,0,r77,status,approved,"[""alter any other object or field""]",1,,,,,,,,,
pc_v4_77_p3,pc_v4_77,web_form,ellipsis_multi_object_preservation,Set r77's status to approved; preserve every unrelated object and field.,"For r77: status -> approved; peer_record_77_a and peer_record_77_b, unchanged.",deepseek-v4-flash,r77,status,approved,"[""peer_record_77_a"", ""peer_record_77_b""]",1,"The paraphrase explicitly preserves two other objects, matching the base instruction's preservation requirement.",deepseek-v4-pro,r77,status,approved,"[""peer_record_77_a"", ""peer_record_77_b""]",1,"The paraphrase explicitly sets r77's status to approved and states that peer_record_77_a and peer_record_77_b should remain unchanged, matching the base instruction's requirement to preserve every unrelated object and field.",,0,r77,status,approved,"[""peer_record_77_a"", ""peer_record_77_b""]",1,,,,,,,,,
pc_v4_78_p1,pc_v4_78,table,pronoun_coreference,Set row78's score to 88; preserve every unrelated object and field.,"Open row78. Change its score so that it reads 88, and leave everything else untouched.",deepseek-v4-flash,row78,score,88,"[""any change to other rows"", ""any change to other fields of row78""]",1,"The paraphrase uses 'its' to refer to row78, maintaining coreference. It explicitly states to leave everything else untouched.",deepseek-v4-pro,row78,score,88,[],1,"The paraphrase uses 'its' to refer to row78, preserving the coreference. It specifies changing the score to 88 and leaving everything else untouched, matching the base instruction.",forbidden_effect_set,1,row78,score,88,,1,,,,,,,,,
pc_v4_78_p2,pc_v4_78,table,conditional_negative_constraint,Set row78's score to 88; preserve every unrelated object and field.,"If row78 is present, set score to 88. Do not alter any other object or field.",deepseek-v4-flash,row78,score,88,"[""alter any other object or field""]",1,"The paraphrase adds a conditional 'if row78 is present', which is implicit in the base instruction but does not change the core action.",deepseek-v4-pro,row78,score,88,"[""alter any other object or field""]",1,"The paraphrase adds a conditional 'If row78 is present', but the base instruction assumes row78 exists. The core action and prohibition are preserved.",,0,row78,score,88,"[""alter any other object or field""]",1,,,,,,,,,
pc_v4_78_p3,pc_v4_78,table,ellipsis_multi_object_preservation,Set row78's score to 88; preserve every unrelated object and field.,"For row78: score -> 88; peer_row_78_a and peer_row_78_b, unchanged.",deepseek-v4-flash,row78,score,88,"[""peer_row_78_a"", ""peer_row_78_b""]",1,"The paraphrase uses an arrow notation and explicitly lists objects that must remain unchanged, preserving the meaning of the base instruction.",deepseek-v4-pro,row78,score,88,"[""peer_row_78_a"", ""peer_row_78_b""]",1,"The paraphrase explicitly sets row78's score to 88 and states that peer_row_78_a and peer_row_78_b remain unchanged, matching the base instruction's requirement to preserve every unrelated object and field.",,0,row78,score,88,"[""peer_row_78_a"", ""peer_row_78_b""]",1,,,,,,,,,
pc_v4_79_p1,pc_v4_79,workflow_micro,pronoun_coreference,Set step79's note to checked_79; preserve every unrelated object and field.,"Open step79. Change its note so that it reads checked_79, and leave everything else untouched.",deepseek-v4-flash,step79,note,checked_79,"[""any change to other objects"", ""any change to other fields of step79""]",1,"The paraphrase uses 'its' to refer to step79, preserving coreference. 'Open' is interpreted as accessing the object, and 'leave everything else untouched' matches 'preserve every unrelated object and field'.",deepseek-v4-pro,step79,note,checked_79,[],1,"The paraphrase explicitly instructs to open step79, change its note to checked_79, and leave everything else untouched, which matches the base instruction's intent to set step79's note to checked_79 and preserve all unrelated objects and fields.",forbidden_effect_set,1,step79,note,checked_79,,1,,,,,,,,,
pc_v4_79_p2,pc_v4_79,workflow_micro,conditional_negative_constraint,Set step79's note to checked_79; preserve every unrelated object and field.,"If step79 is present, set note to checked_79. Do not alter any other object or field.",deepseek-v4-flash,step79,note,checked_79,"[""any other object"", ""any other field""]",1,,deepseek-v4-pro,step79,note,checked_79,"[""alter any other object or field""]",1,The paraphrase correctly captures the conditional action and the negative constraint.,forbidden_effect_set,1,step79,note,checked_79,,1,,,,,,,,,
pc_v4_79_p3,pc_v4_79,workflow_micro,ellipsis_multi_object_preservation,Set step79's note to checked_79; preserve every unrelated object and field.,"For step79: note -> checked_79; peer_step_79_a and peer_step_79_b, unchanged.",deepseek-v4-flash,step79,note,checked_79,"[""peer_step_79_a"", ""peer_step_79_b""]",1,,deepseek-v4-pro,step79,note,checked_79,"[""peer_step_79_a"", ""peer_step_79_b""]",1,"The paraphrase explicitly sets step79's note to checked_79 and states that peer_step_79_a and peer_step_79_b remain unchanged, matching the base instruction's requirement to preserve every unrelated object and field.",,0,step79,note,checked_79,"[""peer_step_79_a"", ""peer_step_79_b""]",1,,,,,,,,,
