paraphrase_id,task_id,domain,linguistic_phenomenon,base_instruction,instruction,source_ai_auditor,source_ai_audit_verdict,human_reviewer_code,human_final_decision,human_final_target_object,human_final_target_field,human_final_expected_state,human_final_forbidden_effects_json,human_final_preserves_meaning,human_final_notes,original_preserves_meaning,proposed_preserves_meaning,source_workbook_sha256,provenance_status
pc_v4_00_p2,pc_v4_00,file,conditional_negative_constraint,Set reports/draft_0.txt's content to approved_0; preserve every unrelated object and field.,"If reports/draft_0.txt is present, set content to approved_0. Do not alter any other object or field.",Auditor-A,change,SIM-B,接受审校结论,reports/draft_0.txt,content,approved_0,"[""unrelated fields"",""unrelated objects""]",0,目标存在时两句一致，但目标缺失时义务不同；这一差异足以将语义保持标为0。（对象：reports/draft_0.txt）,1,0,ea282aae45e320bd604d71b4396b16b97732551fbe58d2f5bb581e59fd686c32,author_attested_human_review_in_ai_generated_template
pc_v4_00_p3,pc_v4_00,file,ellipsis_multi_object_preservation,Set reports/draft_0.txt's content to approved_0; preserve every unrelated object and field.,"For reports/draft_0.txt: content -> approved_0; reports/reference_00.txt and reports/archive_00.txt, unchanged.",Auditor-A,change,SIM-B,接受审校结论,reports/draft_0.txt,content,approved_0,"[""reports/archive_00.txt"",""reports/reference_00.txt""]",0,该改写存在明显的保护范围收缩，结构化目标标签正确，但语义保持应为0。（对象：reports/draft_0.txt；字段：content）,1,0,ea282aae45e320bd604d71b4396b16b97732551fbe58d2f5bb581e59fd686c32,author_attested_human_review_in_ai_generated_template
pc_v4_01_p2,pc_v4_01,web_form,conditional_negative_constraint,Set r01's status to approved; preserve every unrelated object and field.,"If r01 is present, set status to approved. Do not alter any other object or field.",Auditor-A,change,SIM-B,接受审校结论,r01,status,approved,"[""unrelated fields"",""unrelated objects""]",0,这里的 if-present 会改变缺失目标时的行为，不能仅凭常规数据假设忽略，接受审校结论。（对象：r01）,1,0,ea282aae45e320bd604d71b4396b16b97732551fbe58d2f5bb581e59fd686c32,author_attested_human_review_in_ai_generated_template
pc_v4_01_p3,pc_v4_01,web_form,ellipsis_multi_object_preservation,Set r01's status to approved; preserve every unrelated object and field.,"For r01: status -> approved; peer_record_01_a and peer_record_01_b, unchanged.",Auditor-A,change,SIM-B,接受审校结论,r01,status,approved,"[""peer_record_01_a"",""peer_record_01_b""]",0,目标更新正确，但副作用约束只覆盖有限对象，语义不完整，接受 AI 结论。（对象：r01；字段：status）,1,0,ea282aae45e320bd604d71b4396b16b97732551fbe58d2f5bb581e59fd686c32,author_attested_human_review_in_ai_generated_template
pc_v4_02_p2,pc_v4_02,table,conditional_negative_constraint,Set row02's score to 82; preserve every unrelated object and field.,"If row02 is present, set score to 82. Do not alter any other object or field.",Auditor-A,change,SIM-B,保留原标签,row02,score,82,"[""unrelated fields"",""unrelated objects""]",1,在封闭工作流中目标对象不存在的分支不可达，因此条件化不改变可观察结果；此项保留原语义保持=1。（对象：row02）,1,0,ea282aae45e320bd604d71b4396b16b97732551fbe58d2f5bb581e59fd686c32,author_attested_human_review_in_ai_generated_template
pc_v4_02_p3,pc_v4_02,table,ellipsis_multi_object_preservation,Set row02's score to 82; preserve every unrelated object and field.,"For row02: score -> 82; peer_row_02_a and peer_row_02_b, unchanged.",Auditor-A,change,SIM-B,接受审校结论,row02,score,82,"[""peer_row_02_a"",""peer_row_02_b""]",0,只点名两个对象不变，未覆盖“所有无关对象和字段”，保护范围变窄，接受审校。（对象：row02；字段：score）,1,0,ea282aae45e320bd604d71b4396b16b97732551fbe58d2f5bb581e59fd686c32,author_attested_human_review_in_ai_generated_template
pc_v4_03_p2,pc_v4_03,workflow_micro,conditional_negative_constraint,Set step03's note to checked_3; preserve every unrelated object and field.,"If step03 is present, set note to checked_3. Do not alter any other object or field.",Auditor-A,change,SIM-B,保留原标签,step03,note,checked_3,"[""unrelated fields"",""unrelated objects""]",1,按开放文本解释确有条件差异，但在当前 bounded task 中目标实体预设存在。我采用操作语义，保留原判定。（对象：step03）,1,0,ea282aae45e320bd604d71b4396b16b97732551fbe58d2f5bb581e59fd686c32,author_attested_human_review_in_ai_generated_template
pc_v4_03_p3,pc_v4_03,workflow_micro,ellipsis_multi_object_preservation,Set step03's note to checked_3; preserve every unrelated object and field.,"For step03: note -> checked_3; peer_step_03_a and peer_step_03_b, unchanged.",Auditor-A,change,SIM-B,接受审校结论,step03,note,checked_3,"[""peer_step_03_a"",""peer_step_03_b""]",0,原句要求最小改动到所有无关状态，改写只保护两个具名项，二者不等价。（对象：step03；字段：note）,1,0,ea282aae45e320bd604d71b4396b16b97732551fbe58d2f5bb581e59fd686c32,author_attested_human_review_in_ai_generated_template
pc_v4_04_p2,pc_v4_04,file,conditional_negative_constraint,Set reports/draft_4.txt's content to approved_4; preserve every unrelated object and field.,"If reports/draft_4.txt is present, set content to approved_4. Do not alter any other object or field.",Auditor-A,change,SIM-B,接受审校结论,reports/draft_4.txt,content,approved_4,"[""unrelated fields"",""unrelated objects""]",0,改写把直接更新变成有条件更新，缺失情形下结果不同，接受审校判断。（对象：reports/draft_4.txt）,1,0,ea282aae45e320bd604d71b4396b16b97732551fbe58d2f5bb581e59fd686c32,author_attested_human_review_in_ai_generated_template
pc_v4_04_p3,pc_v4_04,file,ellipsis_multi_object_preservation,Set reports/draft_4.txt's content to approved_4; preserve every unrelated object and field.,"For reports/draft_4.txt: content -> approved_4; reports/reference_04.txt and reports/archive_04.txt, unchanged.",Auditor-A,change,SIM-B,接受审校结论,reports/draft_4.txt,content,approved_4,"[""reports/archive_04.txt"",""reports/reference_04.txt""]",0,只点名两个对象不变，未覆盖“所有无关对象和字段”，保护范围变窄，接受审校。（对象：reports/draft_4.txt；字段：content）,1,0,ea282aae45e320bd604d71b4396b16b97732551fbe58d2f5bb581e59fd686c32,author_attested_human_review_in_ai_generated_template
pc_v4_05_p2,pc_v4_05,web_form,conditional_negative_constraint,Set r05's status to approved; preserve every unrelated object and field.,"If r05 is present, set status to approved. Do not alter any other object or field.",Auditor-A,change,SIM-B,接受审校结论,r05,status,approved,"[""unrelated fields"",""unrelated objects""]",0,目标存在时两句一致，但目标缺失时义务不同；这一差异足以将语义保持标为0。（对象：r05）,1,0,ea282aae45e320bd604d71b4396b16b97732551fbe58d2f5bb581e59fd686c32,author_attested_human_review_in_ai_generated_template
pc_v4_05_p3,pc_v4_05,web_form,ellipsis_multi_object_preservation,Set r05's status to approved; preserve every unrelated object and field.,"For r05: status -> approved; peer_record_05_a and peer_record_05_b, unchanged.",Auditor-A,change,SIM-B,接受审校结论,r05,status,approved,"[""peer_record_05_a"",""peer_record_05_b""]",0,该改写存在明显的保护范围收缩，结构化目标标签正确，但语义保持应为0。（对象：r05；字段：status）,1,0,ea282aae45e320bd604d71b4396b16b97732551fbe58d2f5bb581e59fd686c32,author_attested_human_review_in_ai_generated_template
pc_v4_06_p2,pc_v4_06,table,conditional_negative_constraint,Set row06's score to 86; preserve every unrelated object and field.,"If row06 is present, set score to 86. Do not alter any other object or field.",Auditor-A,change,SIM-B,保留原标签,row06,score,86,"[""unrelated fields"",""unrelated objects""]",1,这里的目标是已给定的表格行/流程步骤，存在性属于任务前置条件；条件句未改变本实例的预期状态，保留原标签。（对象：row06）,1,0,ea282aae45e320bd604d71b4396b16b97732551fbe58d2f5bb581e59fd686c32,author_attested_human_review_in_ai_generated_template
pc_v4_06_p3,pc_v4_06,table,ellipsis_multi_object_preservation,Set row06's score to 86; preserve every unrelated object and field.,"For row06: score -> 86; peer_row_06_a and peer_row_06_b, unchanged.",Auditor-A,change,SIM-B,接受审校结论,row06,score,86,"[""peer_row_06_a"",""peer_row_06_b""]",0,目标更新正确，但副作用约束只覆盖有限对象，语义不完整，接受 AI 结论。（对象：row06；字段：score）,1,0,ea282aae45e320bd604d71b4396b16b97732551fbe58d2f5bb581e59fd686c32,author_attested_human_review_in_ai_generated_template
pc_v4_07_p2,pc_v4_07,workflow_micro,conditional_negative_constraint,Set step07's note to checked_7; preserve every unrelated object and field.,"If step07 is present, set note to checked_7. Do not alter any other object or field.",Auditor-A,change,SIM-B,保留原标签,step07,note,checked_7,"[""unrelated fields"",""unrelated objects""]",1,我按数据集场景而非纯句面逻辑判断：目标步骤/行是既定对象，条件不会实际改变执行，保留原标签。（对象：step07）,1,0,ea282aae45e320bd604d71b4396b16b97732551fbe58d2f5bb581e59fd686c32,author_attested_human_review_in_ai_generated_template
pc_v4_07_p3,pc_v4_07,workflow_micro,ellipsis_multi_object_preservation,Set step07's note to checked_7; preserve every unrelated object and field.,"For step07: note -> checked_7; peer_step_07_a and peer_step_07_b, unchanged.",Auditor-A,change,SIM-B,接受审校结论,step07,note,checked_7,"[""peer_step_07_a"",""peer_step_07_b""]",0,省略表达没有保留全部禁止副作用条件，因此接受审校意见。（对象：step07；字段：note）,1,0,ea282aae45e320bd604d71b4396b16b97732551fbe58d2f5bb581e59fd686c32,author_attested_human_review_in_ai_generated_template
pc_v4_08_p2,pc_v4_08,file,conditional_negative_constraint,Set reports/draft_8.txt's content to approved_8; preserve every unrelated object and field.,"If reports/draft_8.txt is present, set content to approved_8. Do not alter any other object or field.",Auditor-A,change,SIM-B,接受审校结论,reports/draft_8.txt,content,approved_8,"[""unrelated fields"",""unrelated objects""]",0,这里的 if-present 会改变缺失目标时的行为，不能仅凭常规数据假设忽略，接受审校结论。（对象：reports/draft_8.txt）,1,0,ea282aae45e320bd604d71b4396b16b97732551fbe58d2f5bb581e59fd686c32,author_attested_human_review_in_ai_generated_template
pc_v4_08_p3,pc_v4_08,file,ellipsis_multi_object_preservation,Set reports/draft_8.txt's content to approved_8; preserve every unrelated object and field.,"For reports/draft_8.txt: content -> approved_8; reports/reference_08.txt and reports/archive_08.txt, unchanged.",Auditor-A,change,SIM-B,接受审校结论,reports/draft_8.txt,content,approved_8,"[""reports/archive_08.txt"",""reports/reference_08.txt""]",0,目标更新正确，但副作用约束只覆盖有限对象，语义不完整，接受 AI 结论。（对象：reports/draft_8.txt；字段：content）,1,0,ea282aae45e320bd604d71b4396b16b97732551fbe58d2f5bb581e59fd686c32,author_attested_human_review_in_ai_generated_template
pc_v4_09_p2,pc_v4_09,web_form,conditional_negative_constraint,Set r09's name to Alice_9; preserve every unrelated object and field.,"If r09 is present, set name to Alice_9. Do not alter any other object or field.",Auditor-A,change,SIM-B,接受审校结论,r09,name,Alice_9,"[""unrelated fields"",""unrelated objects""]",0,改写把直接更新变成有条件更新，缺失情形下结果不同，接受审校判断。（对象：r09）,1,0,ea282aae45e320bd604d71b4396b16b97732551fbe58d2f5bb581e59fd686c32,author_attested_human_review_in_ai_generated_template
pc_v4_09_p3,pc_v4_09,web_form,ellipsis_multi_object_preservation,Set r09's name to Alice_9; preserve every unrelated object and field.,"For r09: name -> Alice_9; peer_record_09_a and peer_record_09_b, unchanged.",Auditor-A,change,SIM-B,不确定,r09,name,Alice_9,"[""peer_record_09_a"",""peer_record_09_b""]",,文本表面上保护范围较窄；但若该实例除目标外确实只有这两个 peer，执行结果可能等价。缺少完整状态清单，暂记不确定。（对象：r09；字段：name）,1,0,ea282aae45e320bd604d71b4396b16b97732551fbe58d2f5bb581e59fd686c32,author_attested_human_review_in_ai_generated_template
pc_v4_10_p2,pc_v4_10,table,conditional_negative_constraint,Set row10's score to 80; preserve every unrelated object and field.,"If row10 is present, set score to 80. Do not alter any other object or field.",Auditor-A,change,SIM-B,保留原标签,row10,score,80,"[""unrelated fields"",""unrelated objects""]",1,row/step 的存在由任务实例本身提供，“if present”只是冗余说明。就本数据集执行语义而言，我认为仍可视为等价。（对象：row10）,1,0,ea282aae45e320bd604d71b4396b16b97732551fbe58d2f5bb581e59fd686c32,author_attested_human_review_in_ai_generated_template
pc_v4_10_p3,pc_v4_10,table,ellipsis_multi_object_preservation,Set row10's score to 80; preserve every unrelated object and field.,"For row10: score -> 80; peer_row_10_a and peer_row_10_b, unchanged.",Auditor-A,change,SIM-B,接受审校结论,row10,score,80,"[""peer_row_10_a"",""peer_row_10_b""]",0,该改写存在明显的保护范围收缩，结构化目标标签正确，但语义保持应为0。（对象：row10；字段：score）,1,0,ea282aae45e320bd604d71b4396b16b97732551fbe58d2f5bb581e59fd686c32,author_attested_human_review_in_ai_generated_template
pc_v4_11_p2,pc_v4_11,workflow_micro,conditional_negative_constraint,Set step11's note to checked_11; preserve every unrelated object and field.,"If step11 is present, set note to checked_11. Do not alter any other object or field.",Auditor-A,change,SIM-B,保留原标签,step11,note,checked_11,"[""unrelated fields"",""unrelated objects""]",1,在该封闭任务语境中，row/step 已由任务标识并默认存在。我把“if present”视为显式化执行前提，倾向保留原语义标签。（对象：step11）,1,0,ea282aae45e320bd604d71b4396b16b97732551fbe58d2f5bb581e59fd686c32,author_attested_human_review_in_ai_generated_template
pc_v4_11_p3,pc_v4_11,workflow_micro,ellipsis_multi_object_preservation,Set step11's note to checked_11; preserve every unrelated object and field.,"For step11: note -> checked_11; peer_step_11_a and peer_step_11_b, unchanged.",Auditor-A,change,SIM-B,接受审校结论,step11,note,checked_11,"[""peer_step_11_a"",""peer_step_11_b""]",0,列举 peer 不能替代全局保护约束，尤其没有明确保护目标对象的其他字段，同意改判。（对象：step11；字段：note）,1,0,ea282aae45e320bd604d71b4396b16b97732551fbe58d2f5bb581e59fd686c32,author_attested_human_review_in_ai_generated_template
pc_v4_12_p2,pc_v4_12,file,conditional_negative_constraint,Set reports/draft_12.txt's content to approved_12; preserve every unrelated object and field.,"If reports/draft_12.txt is present, set content to approved_12. Do not alter any other object or field.",Auditor-A,change,SIM-B,接受审校结论,reports/draft_12.txt,content,approved_12,"[""unrelated fields"",""unrelated objects""]",0,我不把对象存在自动视为文本前提，因此同意 AI：条件化改变了命令适用范围。（对象：reports/draft_12.txt）,1,0,ea282aae45e320bd604d71b4396b16b97732551fbe58d2f5bb581e59fd686c32,author_attested_human_review_in_ai_generated_template
pc_v4_12_p3,pc_v4_12,file,ellipsis_multi_object_preservation,Set reports/draft_12.txt's content to approved_12; preserve every unrelated object and field.,"For reports/draft_12.txt: content -> approved_12; reports/reference_12.txt and reports/archive_12.txt, unchanged.",Auditor-A,change,SIM-B,接受审校结论,reports/draft_12.txt,content,approved_12,"[""reports/archive_12.txt"",""reports/reference_12.txt""]",0,省略表达没有保留全部禁止副作用条件，因此接受审校意见。（对象：reports/draft_12.txt；字段：content）,1,0,ea282aae45e320bd604d71b4396b16b97732551fbe58d2f5bb581e59fd686c32,author_attested_human_review_in_ai_generated_template
pc_v4_13_p2,pc_v4_13,web_form,conditional_negative_constraint,Set r13's status to approved; preserve every unrelated object and field.,"If r13 is present, set status to approved. Do not alter any other object or field.",Auditor-A,change,SIM-B,接受审校结论,r13,status,approved,"[""unrelated fields"",""unrelated objects""]",0,这里的 if-present 会改变缺失目标时的行为，不能仅凭常规数据假设忽略，接受审校结论。（对象：r13）,1,0,ea282aae45e320bd604d71b4396b16b97732551fbe58d2f5bb581e59fd686c32,author_attested_human_review_in_ai_generated_template
pc_v4_13_p3,pc_v4_13,web_form,ellipsis_multi_object_preservation,Set r13's status to approved; preserve every unrelated object and field.,"For r13: status -> approved; peer_record_13_a and peer_record_13_b, unchanged.",Auditor-A,change,SIM-B,接受审校结论,r13,status,approved,"[""peer_record_13_a"",""peer_record_13_b""]",0,目标更新正确，但副作用约束只覆盖有限对象，语义不完整，接受 AI 结论。（对象：r13；字段：status）,1,0,ea282aae45e320bd604d71b4396b16b97732551fbe58d2f5bb581e59fd686c32,author_attested_human_review_in_ai_generated_template
pc_v4_14_p2,pc_v4_14,table,conditional_negative_constraint,Set row14's score to 84; preserve every unrelated object and field.,"If row14 is present, set score to 84. Do not alter any other object or field.",Auditor-A,change,SIM-B,保留原标签,row14,score,84,"[""unrelated fields"",""unrelated objects""]",1,在封闭工作流中目标对象不存在的分支不可达，因此条件化不改变可观察结果；此项保留原语义保持=1。（对象：row14）,1,0,ea282aae45e320bd604d71b4396b16b97732551fbe58d2f5bb581e59fd686c32,author_attested_human_review_in_ai_generated_template
pc_v4_14_p3,pc_v4_14,table,ellipsis_multi_object_preservation,Set row14's score to 84; preserve every unrelated object and field.,"For row14: score -> 84; peer_row_14_a and peer_row_14_b, unchanged.",Auditor-A,change,SIM-B,接受审校结论,row14,score,84,"[""peer_row_14_a"",""peer_row_14_b""]",0,只点名两个对象不变，未覆盖“所有无关对象和字段”，保护范围变窄，接受审校。（对象：row14；字段：score）,1,0,ea282aae45e320bd604d71b4396b16b97732551fbe58d2f5bb581e59fd686c32,author_attested_human_review_in_ai_generated_template
pc_v4_15_p2,pc_v4_15,workflow_micro,conditional_negative_constraint,Set step15's note to checked_15; preserve every unrelated object and field.,"If step15 is present, set note to checked_15. Do not alter any other object or field.",Auditor-A,change,SIM-B,保留原标签,step15,note,checked_15,"[""unrelated fields"",""unrelated objects""]",1,按开放文本解释确有条件差异，但在当前 bounded task 中目标实体预设存在。我采用操作语义，保留原判定。（对象：step15）,1,0,ea282aae45e320bd604d71b4396b16b97732551fbe58d2f5bb581e59fd686c32,author_attested_human_review_in_ai_generated_template
pc_v4_15_p3,pc_v4_15,workflow_micro,ellipsis_multi_object_preservation,Set step15's note to checked_15; preserve every unrelated object and field.,"For step15: note -> checked_15; peer_step_15_a and peer_step_15_b, unchanged.",Auditor-A,change,SIM-B,接受审校结论,step15,note,checked_15,"[""peer_step_15_a"",""peer_step_15_b""]",0,原句要求最小改动到所有无关状态，改写只保护两个具名项，二者不等价。（对象：step15；字段：note）,1,0,ea282aae45e320bd604d71b4396b16b97732551fbe58d2f5bb581e59fd686c32,author_attested_human_review_in_ai_generated_template
pc_v4_16_p2,pc_v4_16,file,conditional_negative_constraint,Set reports/draft_16.txt's content to approved_16; preserve every unrelated object and field.,"If reports/draft_16.txt is present, set content to approved_16. Do not alter any other object or field.",Auditor-A,change,SIM-B,接受审校结论,reports/draft_16.txt,content,approved_16,"[""unrelated fields"",""unrelated objects""]",0,文件或记录是否存在并未由句面保证；条件句会在缺失时选择不执行，而原命令要求完成更新，因此接受改判。（对象：reports/draft_16.txt）,1,0,ea282aae45e320bd604d71b4396b16b97732551fbe58d2f5bb581e59fd686c32,author_attested_human_review_in_ai_generated_template
pc_v4_16_p3,pc_v4_16,file,ellipsis_multi_object_preservation,Set reports/draft_16.txt's content to approved_16; preserve every unrelated object and field.,"For reports/draft_16.txt: content -> approved_16; reports/reference_16.txt and reports/archive_16.txt, unchanged.",Auditor-A,change,SIM-B,接受审校结论,reports/draft_16.txt,content,approved_16,"[""reports/archive_16.txt"",""reports/reference_16.txt""]",0,列举 peer 不能替代全局保护约束，尤其没有明确保护目标对象的其他字段，同意改判。（对象：reports/draft_16.txt；字段：content）,1,0,ea282aae45e320bd604d71b4396b16b97732551fbe58d2f5bb581e59fd686c32,author_attested_human_review_in_ai_generated_template
pc_v4_17_p2,pc_v4_17,web_form,conditional_negative_constraint,Set r17's status to approved; preserve every unrelated object and field.,"If r17 is present, set status to approved. Do not alter any other object or field.",Auditor-A,change,SIM-B,接受审校结论,r17,status,approved,"[""unrelated fields"",""unrelated objects""]",0,目标存在时两句一致，但目标缺失时义务不同；这一差异足以将语义保持标为0。（对象：r17）,1,0,ea282aae45e320bd604d71b4396b16b97732551fbe58d2f5bb581e59fd686c32,author_attested_human_review_in_ai_generated_template
pc_v4_17_p3,pc_v4_17,web_form,ellipsis_multi_object_preservation,Set r17's status to approved; preserve every unrelated object and field.,"For r17: status -> approved; peer_record_17_a and peer_record_17_b, unchanged.",Auditor-A,change,SIM-B,接受审校结论,r17,status,approved,"[""peer_record_17_a"",""peer_record_17_b""]",0,该改写存在明显的保护范围收缩，结构化目标标签正确，但语义保持应为0。（对象：r17；字段：status）,1,0,ea282aae45e320bd604d71b4396b16b97732551fbe58d2f5bb581e59fd686c32,author_attested_human_review_in_ai_generated_template
pc_v4_18_p2,pc_v4_18,table,conditional_negative_constraint,Set row18's score to 88; preserve every unrelated object and field.,"If row18 is present, set score to 88. Do not alter any other object or field.",Auditor-A,change,SIM-B,保留原标签,row18,score,88,"[""unrelated fields"",""unrelated objects""]",1,这里的目标是已给定的表格行/流程步骤，存在性属于任务前置条件；条件句未改变本实例的预期状态，保留原标签。（对象：row18）,1,0,ea282aae45e320bd604d71b4396b16b97732551fbe58d2f5bb581e59fd686c32,author_attested_human_review_in_ai_generated_template
pc_v4_18_p3,pc_v4_18,table,ellipsis_multi_object_preservation,Set row18's score to 88; preserve every unrelated object and field.,"For row18: score -> 88; peer_row_18_a and peer_row_18_b, unchanged.",Auditor-A,change,SIM-B,接受审校结论,row18,score,88,"[""peer_row_18_a"",""peer_row_18_b""]",0,目标更新正确，但副作用约束只覆盖有限对象，语义不完整，接受 AI 结论。（对象：row18；字段：score）,1,0,ea282aae45e320bd604d71b4396b16b97732551fbe58d2f5bb581e59fd686c32,author_attested_human_review_in_ai_generated_template
pc_v4_19_p2,pc_v4_19,workflow_micro,conditional_negative_constraint,Set step19's note to checked_19; preserve every unrelated object and field.,"If step19 is present, set note to checked_19. Do not alter any other object or field.",Auditor-A,change,SIM-B,保留原标签,step19,note,checked_19,"[""unrelated fields"",""unrelated objects""]",1,我按数据集场景而非纯句面逻辑判断：目标步骤/行是既定对象，条件不会实际改变执行，保留原标签。（对象：step19）,1,0,ea282aae45e320bd604d71b4396b16b97732551fbe58d2f5bb581e59fd686c32,author_attested_human_review_in_ai_generated_template
pc_v4_19_p3,pc_v4_19,workflow_micro,ellipsis_multi_object_preservation,Set step19's note to checked_19; preserve every unrelated object and field.,"For step19: note -> checked_19; peer_step_19_a and peer_step_19_b, unchanged.",Auditor-A,change,SIM-B,不确定,step19,note,checked_19,"[""peer_step_19_a"",""peer_step_19_b""]",,按句面应当不等价，不过是否存在其他无关对象/字段需要查看实例状态。当前信息不足，暂不确定。（对象：step19；字段：note）,1,0,ea282aae45e320bd604d71b4396b16b97732551fbe58d2f5bb581e59fd686c32,author_attested_human_review_in_ai_generated_template
pc_v4_20_p2,pc_v4_20,file,conditional_negative_constraint,Set reports/draft_20.txt's content to approved_20; preserve every unrelated object and field.,"If reports/draft_20.txt is present, set content to approved_20. Do not alter any other object or field.",Auditor-A,change,SIM-B,接受审校结论,reports/draft_20.txt,content,approved_20,"[""unrelated fields"",""unrelated objects""]",0,对文件/记录对象而言，存在性是可能失败的运行条件。改写增加条件分支，严格看不等价。（对象：reports/draft_20.txt）,1,0,ea282aae45e320bd604d71b4396b16b97732551fbe58d2f5bb581e59fd686c32,author_attested_human_review_in_ai_generated_template
pc_v4_20_p3,pc_v4_20,file,ellipsis_multi_object_preservation,Set reports/draft_20.txt's content to approved_20; preserve every unrelated object and field.,"For reports/draft_20.txt: content -> approved_20; reports/reference_20.txt and reports/archive_20.txt, unchanged.",Auditor-A,change,SIM-B,接受审校结论,reports/draft_20.txt,content,approved_20,"[""reports/archive_20.txt"",""reports/reference_20.txt""]",0,原句要求最小改动到所有无关状态，改写只保护两个具名项，二者不等价。（对象：reports/draft_20.txt；字段：content）,1,0,ea282aae45e320bd604d71b4396b16b97732551fbe58d2f5bb581e59fd686c32,author_attested_human_review_in_ai_generated_template
pc_v4_21_p2,pc_v4_21,web_form,conditional_negative_constraint,Set r21's name to Alice_21; preserve every unrelated object and field.,"If r21 is present, set name to Alice_21. Do not alter any other object or field.",Auditor-A,change,SIM-B,接受审校结论,r21,name,Alice_21,"[""unrelated fields"",""unrelated objects""]",0,改写把直接更新变成有条件更新，缺失情形下结果不同，接受审校判断。（对象：r21）,1,0,ea282aae45e320bd604d71b4396b16b97732551fbe58d2f5bb581e59fd686c32,author_attested_human_review_in_ai_generated_template
pc_v4_21_p3,pc_v4_21,web_form,ellipsis_multi_object_preservation,Set r21's name to Alice_21; preserve every unrelated object and field.,"For r21: name -> Alice_21; peer_record_21_a and peer_record_21_b, unchanged.",Auditor-A,change,SIM-B,接受审校结论,r21,name,Alice_21,"[""peer_record_21_a"",""peer_record_21_b""]",0,只点名两个对象不变，未覆盖“所有无关对象和字段”，保护范围变窄，接受审校。（对象：r21；字段：name）,1,0,ea282aae45e320bd604d71b4396b16b97732551fbe58d2f5bb581e59fd686c32,author_attested_human_review_in_ai_generated_template
pc_v4_22_p2,pc_v4_22,table,conditional_negative_constraint,Set row22's score to 82; preserve every unrelated object and field.,"If row22 is present, set score to 82. Do not alter any other object or field.",Auditor-A,change,SIM-B,保留原标签,row22,score,82,"[""unrelated fields"",""unrelated objects""]",1,row/step 的存在由任务实例本身提供，“if present”只是冗余说明。就本数据集执行语义而言，我认为仍可视为等价。（对象：row22）,1,0,ea282aae45e320bd604d71b4396b16b97732551fbe58d2f5bb581e59fd686c32,author_attested_human_review_in_ai_generated_template
pc_v4_22_p3,pc_v4_22,table,ellipsis_multi_object_preservation,Set row22's score to 82; preserve every unrelated object and field.,"For row22: score -> 82; peer_row_22_a and peer_row_22_b, unchanged.",Auditor-A,change,SIM-B,接受审校结论,row22,score,82,"[""peer_row_22_a"",""peer_row_22_b""]",0,该改写存在明显的保护范围收缩，结构化目标标签正确，但语义保持应为0。（对象：row22；字段：score）,1,0,ea282aae45e320bd604d71b4396b16b97732551fbe58d2f5bb581e59fd686c32,author_attested_human_review_in_ai_generated_template
pc_v4_23_p2,pc_v4_23,workflow_micro,conditional_negative_constraint,Set step23's note to checked_23; preserve every unrelated object and field.,"If step23 is present, set note to checked_23. Do not alter any other object or field.",Auditor-A,change,SIM-B,保留原标签,step23,note,checked_23,"[""unrelated fields"",""unrelated objects""]",1,在该封闭任务语境中，row/step 已由任务标识并默认存在。我把“if present”视为显式化执行前提，倾向保留原语义标签。（对象：step23）,1,0,ea282aae45e320bd604d71b4396b16b97732551fbe58d2f5bb581e59fd686c32,author_attested_human_review_in_ai_generated_template
pc_v4_23_p3,pc_v4_23,workflow_micro,ellipsis_multi_object_preservation,Set step23's note to checked_23; preserve every unrelated object and field.,"For step23: note -> checked_23; peer_step_23_a and peer_step_23_b, unchanged.",Auditor-A,change,SIM-B,接受审校结论,step23,note,checked_23,"[""peer_step_23_a"",""peer_step_23_b""]",0,列举 peer 不能替代全局保护约束，尤其没有明确保护目标对象的其他字段，同意改判。（对象：step23；字段：note）,1,0,ea282aae45e320bd604d71b4396b16b97732551fbe58d2f5bb581e59fd686c32,author_attested_human_review_in_ai_generated_template
pc_v4_24_p2,pc_v4_24,file,conditional_negative_constraint,Set reports/draft_24.txt's content to approved_24; preserve every unrelated object and field.,"If reports/draft_24.txt is present, set content to approved_24. Do not alter any other object or field.",Auditor-A,change,SIM-B,接受审校结论,reports/draft_24.txt,content,approved_24,"[""unrelated fields"",""unrelated objects""]",0,我不把对象存在自动视为文本前提，因此同意 AI：条件化改变了命令适用范围。（对象：reports/draft_24.txt）,1,0,ea282aae45e320bd604d71b4396b16b97732551fbe58d2f5bb581e59fd686c32,author_attested_human_review_in_ai_generated_template
pc_v4_24_p3,pc_v4_24,file,ellipsis_multi_object_preservation,Set reports/draft_24.txt's content to approved_24; preserve every unrelated object and field.,"For reports/draft_24.txt: content -> approved_24; reports/reference_24.txt and reports/archive_24.txt, unchanged.",Auditor-A,change,SIM-B,接受审校结论,reports/draft_24.txt,content,approved_24,"[""reports/archive_24.txt"",""reports/reference_24.txt""]",0,省略表达没有保留全部禁止副作用条件，因此接受审校意见。（对象：reports/draft_24.txt；字段：content）,1,0,ea282aae45e320bd604d71b4396b16b97732551fbe58d2f5bb581e59fd686c32,author_attested_human_review_in_ai_generated_template
pc_v4_25_p2,pc_v4_25,web_form,conditional_negative_constraint,Set r25's status to approved; preserve every unrelated object and field.,"If r25 is present, set status to approved. Do not alter any other object or field.",Auditor-A,change,SIM-B,接受审校结论,r25,status,approved,"[""unrelated fields"",""unrelated objects""]",0,这里的 if-present 会改变缺失目标时的行为，不能仅凭常规数据假设忽略，接受审校结论。（对象：r25）,1,0,ea282aae45e320bd604d71b4396b16b97732551fbe58d2f5bb581e59fd686c32,author_attested_human_review_in_ai_generated_template
pc_v4_25_p3,pc_v4_25,web_form,ellipsis_multi_object_preservation,Set r25's status to approved; preserve every unrelated object and field.,"For r25: status -> approved; peer_record_25_a and peer_record_25_b, unchanged.",Auditor-A,change,SIM-B,接受审校结论,r25,status,approved,"[""peer_record_25_a"",""peer_record_25_b""]",0,目标更新正确，但副作用约束只覆盖有限对象，语义不完整，接受 AI 结论。（对象：r25；字段：status）,1,0,ea282aae45e320bd604d71b4396b16b97732551fbe58d2f5bb581e59fd686c32,author_attested_human_review_in_ai_generated_template
pc_v4_26_p2,pc_v4_26,table,conditional_negative_constraint,Set row26's score to 86; preserve every unrelated object and field.,"If row26 is present, set score to 86. Do not alter any other object or field.",Auditor-A,change,SIM-B,保留原标签,row26,score,86,"[""unrelated fields"",""unrelated objects""]",1,在封闭工作流中目标对象不存在的分支不可达，因此条件化不改变可观察结果；此项保留原语义保持=1。（对象：row26）,1,0,ea282aae45e320bd604d71b4396b16b97732551fbe58d2f5bb581e59fd686c32,author_attested_human_review_in_ai_generated_template
pc_v4_26_p3,pc_v4_26,table,ellipsis_multi_object_preservation,Set row26's score to 86; preserve every unrelated object and field.,"For row26: score -> 86; peer_row_26_a and peer_row_26_b, unchanged.",Auditor-A,change,SIM-B,接受审校结论,row26,score,86,"[""peer_row_26_a"",""peer_row_26_b""]",0,只点名两个对象不变，未覆盖“所有无关对象和字段”，保护范围变窄，接受审校。（对象：row26；字段：score）,1,0,ea282aae45e320bd604d71b4396b16b97732551fbe58d2f5bb581e59fd686c32,author_attested_human_review_in_ai_generated_template
pc_v4_27_p2,pc_v4_27,workflow_micro,conditional_negative_constraint,Set step27's note to checked_27; preserve every unrelated object and field.,"If step27 is present, set note to checked_27. Do not alter any other object or field.",Auditor-A,change,SIM-B,保留原标签,step27,note,checked_27,"[""unrelated fields"",""unrelated objects""]",1,按开放文本解释确有条件差异，但在当前 bounded task 中目标实体预设存在。我采用操作语义，保留原判定。（对象：step27）,1,0,ea282aae45e320bd604d71b4396b16b97732551fbe58d2f5bb581e59fd686c32,author_attested_human_review_in_ai_generated_template
pc_v4_27_p3,pc_v4_27,workflow_micro,ellipsis_multi_object_preservation,Set step27's note to checked_27; preserve every unrelated object and field.,"For step27: note -> checked_27; peer_step_27_a and peer_step_27_b, unchanged.",Auditor-A,change,SIM-B,接受审校结论,step27,note,checked_27,"[""peer_step_27_a"",""peer_step_27_b""]",0,原句要求最小改动到所有无关状态，改写只保护两个具名项，二者不等价。（对象：step27；字段：note）,1,0,ea282aae45e320bd604d71b4396b16b97732551fbe58d2f5bb581e59fd686c32,author_attested_human_review_in_ai_generated_template
pc_v4_28_p2,pc_v4_28,file,conditional_negative_constraint,Set reports/draft_28.txt's content to approved_28; preserve every unrelated object and field.,"If reports/draft_28.txt is present, set content to approved_28. Do not alter any other object or field.",Auditor-A,change,SIM-B,接受审校结论,reports/draft_28.txt,content,approved_28,"[""unrelated fields"",""unrelated objects""]",0,文件或记录是否存在并未由句面保证；条件句会在缺失时选择不执行，而原命令要求完成更新，因此接受改判。（对象：reports/draft_28.txt）,1,0,ea282aae45e320bd604d71b4396b16b97732551fbe58d2f5bb581e59fd686c32,author_attested_human_review_in_ai_generated_template
pc_v4_28_p3,pc_v4_28,file,ellipsis_multi_object_preservation,Set reports/draft_28.txt's content to approved_28; preserve every unrelated object and field.,"For reports/draft_28.txt: content -> approved_28; reports/reference_28.txt and reports/archive_28.txt, unchanged.",Auditor-A,change,SIM-B,接受审校结论,reports/draft_28.txt,content,approved_28,"[""reports/archive_28.txt"",""reports/reference_28.txt""]",0,列举 peer 不能替代全局保护约束，尤其没有明确保护目标对象的其他字段，同意改判。（对象：reports/draft_28.txt；字段：content）,1,0,ea282aae45e320bd604d71b4396b16b97732551fbe58d2f5bb581e59fd686c32,author_attested_human_review_in_ai_generated_template
pc_v4_29_p2,pc_v4_29,web_form,conditional_negative_constraint,Set r29's status to approved; preserve every unrelated object and field.,"If r29 is present, set status to approved. Do not alter any other object or field.",Auditor-A,change,SIM-B,接受审校结论,r29,status,approved,"[""unrelated fields"",""unrelated objects""]",0,目标存在时两句一致，但目标缺失时义务不同；这一差异足以将语义保持标为0。（对象：r29）,1,0,ea282aae45e320bd604d71b4396b16b97732551fbe58d2f5bb581e59fd686c32,author_attested_human_review_in_ai_generated_template
pc_v4_29_p3,pc_v4_29,web_form,ellipsis_multi_object_preservation,Set r29's status to approved; preserve every unrelated object and field.,"For r29: status -> approved; peer_record_29_a and peer_record_29_b, unchanged.",Auditor-A,change,SIM-B,不确定,r29,status,approved,"[""peer_record_29_a"",""peer_record_29_b""]",,两个具名 peer 是否穷尽全部无关对象无法从本行确认。若已穷尽则可能等价，否则不等价，因此保留不确定。（对象：r29；字段：status）,1,0,ea282aae45e320bd604d71b4396b16b97732551fbe58d2f5bb581e59fd686c32,author_attested_human_review_in_ai_generated_template
pc_v4_30_p2,pc_v4_30,table,conditional_negative_constraint,Set row30's score to 80; preserve every unrelated object and field.,"If row30 is present, set score to 80. Do not alter any other object or field.",Auditor-A,change,SIM-B,保留原标签,row30,score,80,"[""unrelated fields"",""unrelated objects""]",1,这里的目标是已给定的表格行/流程步骤，存在性属于任务前置条件；条件句未改变本实例的预期状态，保留原标签。（对象：row30）,1,0,ea282aae45e320bd604d71b4396b16b97732551fbe58d2f5bb581e59fd686c32,author_attested_human_review_in_ai_generated_template
pc_v4_30_p3,pc_v4_30,table,ellipsis_multi_object_preservation,Set row30's score to 80; preserve every unrelated object and field.,"For row30: score -> 80; peer_row_30_a and peer_row_30_b, unchanged.",Auditor-A,change,SIM-B,接受审校结论,row30,score,80,"[""peer_row_30_a"",""peer_row_30_b""]",0,目标更新正确，但副作用约束只覆盖有限对象，语义不完整，接受 AI 结论。（对象：row30；字段：score）,1,0,ea282aae45e320bd604d71b4396b16b97732551fbe58d2f5bb581e59fd686c32,author_attested_human_review_in_ai_generated_template
pc_v4_31_p2,pc_v4_31,workflow_micro,conditional_negative_constraint,Set step31's note to checked_31; preserve every unrelated object and field.,"If step31 is present, set note to checked_31. Do not alter any other object or field.",Auditor-A,change,SIM-B,保留原标签,step31,note,checked_31,"[""unrelated fields"",""unrelated objects""]",1,我按数据集场景而非纯句面逻辑判断：目标步骤/行是既定对象，条件不会实际改变执行，保留原标签。（对象：step31）,1,0,ea282aae45e320bd604d71b4396b16b97732551fbe58d2f5bb581e59fd686c32,author_attested_human_review_in_ai_generated_template
pc_v4_31_p3,pc_v4_31,workflow_micro,ellipsis_multi_object_preservation,Set step31's note to checked_31; preserve every unrelated object and field.,"For step31: note -> checked_31; peer_step_31_a and peer_step_31_b, unchanged.",Auditor-A,change,SIM-B,接受审校结论,step31,note,checked_31,"[""peer_step_31_a"",""peer_step_31_b""]",0,省略表达没有保留全部禁止副作用条件，因此接受审校意见。（对象：step31；字段：note）,1,0,ea282aae45e320bd604d71b4396b16b97732551fbe58d2f5bb581e59fd686c32,author_attested_human_review_in_ai_generated_template
pc_v4_32_p2,pc_v4_32,file,conditional_negative_constraint,Set reports/draft_32.txt's content to approved_32; preserve every unrelated object and field.,"If reports/draft_32.txt is present, set content to approved_32. Do not alter any other object or field.",Auditor-A,change,SIM-B,接受审校结论,reports/draft_32.txt,content,approved_32,"[""unrelated fields"",""unrelated objects""]",0,对文件/记录对象而言，存在性是可能失败的运行条件。改写增加条件分支，严格看不等价。（对象：reports/draft_32.txt）,1,0,ea282aae45e320bd604d71b4396b16b97732551fbe58d2f5bb581e59fd686c32,author_attested_human_review_in_ai_generated_template
pc_v4_32_p3,pc_v4_32,file,ellipsis_multi_object_preservation,Set reports/draft_32.txt's content to approved_32; preserve every unrelated object and field.,"For reports/draft_32.txt: content -> approved_32; reports/reference_32.txt and reports/archive_32.txt, unchanged.",Auditor-A,change,SIM-B,接受审校结论,reports/draft_32.txt,content,approved_32,"[""reports/archive_32.txt"",""reports/reference_32.txt""]",0,原句要求最小改动到所有无关状态，改写只保护两个具名项，二者不等价。（对象：reports/draft_32.txt；字段：content）,1,0,ea282aae45e320bd604d71b4396b16b97732551fbe58d2f5bb581e59fd686c32,author_attested_human_review_in_ai_generated_template
pc_v4_33_p2,pc_v4_33,web_form,conditional_negative_constraint,Set r33's name to Alice_33; preserve every unrelated object and field.,"If r33 is present, set name to Alice_33. Do not alter any other object or field.",Auditor-A,change,SIM-B,接受审校结论,r33,name,Alice_33,"[""unrelated fields"",""unrelated objects""]",0,改写把直接更新变成有条件更新，缺失情形下结果不同，接受审校判断。（对象：r33）,1,0,ea282aae45e320bd604d71b4396b16b97732551fbe58d2f5bb581e59fd686c32,author_attested_human_review_in_ai_generated_template
pc_v4_33_p3,pc_v4_33,web_form,ellipsis_multi_object_preservation,Set r33's name to Alice_33; preserve every unrelated object and field.,"For r33: name -> Alice_33; peer_record_33_a and peer_record_33_b, unchanged.",Auditor-A,change,SIM-B,接受审校结论,r33,name,Alice_33,"[""peer_record_33_a"",""peer_record_33_b""]",0,只点名两个对象不变，未覆盖“所有无关对象和字段”，保护范围变窄，接受审校。（对象：r33；字段：name）,1,0,ea282aae45e320bd604d71b4396b16b97732551fbe58d2f5bb581e59fd686c32,author_attested_human_review_in_ai_generated_template
pc_v4_34_p2,pc_v4_34,table,conditional_negative_constraint,Set row34's score to 84; preserve every unrelated object and field.,"If row34 is present, set score to 84. Do not alter any other object or field.",Auditor-A,change,SIM-B,保留原标签,row34,score,84,"[""unrelated fields"",""unrelated objects""]",1,row/step 的存在由任务实例本身提供，“if present”只是冗余说明。就本数据集执行语义而言，我认为仍可视为等价。（对象：row34）,1,0,ea282aae45e320bd604d71b4396b16b97732551fbe58d2f5bb581e59fd686c32,author_attested_human_review_in_ai_generated_template
pc_v4_34_p3,pc_v4_34,table,ellipsis_multi_object_preservation,Set row34's score to 84; preserve every unrelated object and field.,"For row34: score -> 84; peer_row_34_a and peer_row_34_b, unchanged.",Auditor-A,change,SIM-B,接受审校结论,row34,score,84,"[""peer_row_34_a"",""peer_row_34_b""]",0,该改写存在明显的保护范围收缩，结构化目标标签正确，但语义保持应为0。（对象：row34；字段：score）,1,0,ea282aae45e320bd604d71b4396b16b97732551fbe58d2f5bb581e59fd686c32,author_attested_human_review_in_ai_generated_template
pc_v4_35_p2,pc_v4_35,workflow_micro,conditional_negative_constraint,Set step35's note to checked_35; preserve every unrelated object and field.,"If step35 is present, set note to checked_35. Do not alter any other object or field.",Auditor-A,change,SIM-B,保留原标签,step35,note,checked_35,"[""unrelated fields"",""unrelated objects""]",1,在该封闭任务语境中，row/step 已由任务标识并默认存在。我把“if present”视为显式化执行前提，倾向保留原语义标签。（对象：step35）,1,0,ea282aae45e320bd604d71b4396b16b97732551fbe58d2f5bb581e59fd686c32,author_attested_human_review_in_ai_generated_template
pc_v4_35_p3,pc_v4_35,workflow_micro,ellipsis_multi_object_preservation,Set step35's note to checked_35; preserve every unrelated object and field.,"For step35: note -> checked_35; peer_step_35_a and peer_step_35_b, unchanged.",Auditor-A,change,SIM-B,接受审校结论,step35,note,checked_35,"[""peer_step_35_a"",""peer_step_35_b""]",0,列举 peer 不能替代全局保护约束，尤其没有明确保护目标对象的其他字段，同意改判。（对象：step35；字段：note）,1,0,ea282aae45e320bd604d71b4396b16b97732551fbe58d2f5bb581e59fd686c32,author_attested_human_review_in_ai_generated_template
pc_v4_36_p2,pc_v4_36,file,conditional_negative_constraint,Set reports/draft_36.txt's content to approved_36; preserve every unrelated object and field.,"If reports/draft_36.txt is present, set content to approved_36. Do not alter any other object or field.",Auditor-A,change,SIM-B,接受审校结论,reports/draft_36.txt,content,approved_36,"[""unrelated fields"",""unrelated objects""]",0,我不把对象存在自动视为文本前提，因此同意 AI：条件化改变了命令适用范围。（对象：reports/draft_36.txt）,1,0,ea282aae45e320bd604d71b4396b16b97732551fbe58d2f5bb581e59fd686c32,author_attested_human_review_in_ai_generated_template
pc_v4_36_p3,pc_v4_36,file,ellipsis_multi_object_preservation,Set reports/draft_36.txt's content to approved_36; preserve every unrelated object and field.,"For reports/draft_36.txt: content -> approved_36; reports/reference_36.txt and reports/archive_36.txt, unchanged.",Auditor-A,change,SIM-B,接受审校结论,reports/draft_36.txt,content,approved_36,"[""reports/archive_36.txt"",""reports/reference_36.txt""]",0,省略表达没有保留全部禁止副作用条件，因此接受审校意见。（对象：reports/draft_36.txt；字段：content）,1,0,ea282aae45e320bd604d71b4396b16b97732551fbe58d2f5bb581e59fd686c32,author_attested_human_review_in_ai_generated_template
pc_v4_37_p2,pc_v4_37,web_form,conditional_negative_constraint,Set r37's status to approved; preserve every unrelated object and field.,"If r37 is present, set status to approved. Do not alter any other object or field.",Auditor-A,change,SIM-B,接受审校结论,r37,status,approved,"[""unrelated fields"",""unrelated objects""]",0,这里的 if-present 会改变缺失目标时的行为，不能仅凭常规数据假设忽略，接受审校结论。（对象：r37）,1,0,ea282aae45e320bd604d71b4396b16b97732551fbe58d2f5bb581e59fd686c32,author_attested_human_review_in_ai_generated_template
pc_v4_37_p3,pc_v4_37,web_form,ellipsis_multi_object_preservation,Set r37's status to approved; preserve every unrelated object and field.,"For r37: status -> approved; peer_record_37_a and peer_record_37_b, unchanged.",Auditor-A,change,SIM-B,接受审校结论,r37,status,approved,"[""peer_record_37_a"",""peer_record_37_b""]",0,目标更新正确，但副作用约束只覆盖有限对象，语义不完整，接受 AI 结论。（对象：r37；字段：status）,1,0,ea282aae45e320bd604d71b4396b16b97732551fbe58d2f5bb581e59fd686c32,author_attested_human_review_in_ai_generated_template
pc_v4_38_p2,pc_v4_38,table,conditional_negative_constraint,Set row38's score to 88; preserve every unrelated object and field.,"If row38 is present, set score to 88. Do not alter any other object or field.",Auditor-A,change,SIM-B,保留原标签,row38,score,88,"[""unrelated fields"",""unrelated objects""]",1,在封闭工作流中目标对象不存在的分支不可达，因此条件化不改变可观察结果；此项保留原语义保持=1。（对象：row38）,1,0,ea282aae45e320bd604d71b4396b16b97732551fbe58d2f5bb581e59fd686c32,author_attested_human_review_in_ai_generated_template
pc_v4_38_p3,pc_v4_38,table,ellipsis_multi_object_preservation,Set row38's score to 88; preserve every unrelated object and field.,"For row38: score -> 88; peer_row_38_a and peer_row_38_b, unchanged.",Auditor-A,change,SIM-B,接受审校结论,row38,score,88,"[""peer_row_38_a"",""peer_row_38_b""]",0,只点名两个对象不变，未覆盖“所有无关对象和字段”，保护范围变窄，接受审校。（对象：row38；字段：score）,1,0,ea282aae45e320bd604d71b4396b16b97732551fbe58d2f5bb581e59fd686c32,author_attested_human_review_in_ai_generated_template
pc_v4_39_p2,pc_v4_39,workflow_micro,conditional_negative_constraint,Set step39's note to checked_39; preserve every unrelated object and field.,"If step39 is present, set note to checked_39. Do not alter any other object or field.",Auditor-A,change,SIM-B,保留原标签,step39,note,checked_39,"[""unrelated fields"",""unrelated objects""]",1,按开放文本解释确有条件差异，但在当前 bounded task 中目标实体预设存在。我采用操作语义，保留原判定。（对象：step39）,1,0,ea282aae45e320bd604d71b4396b16b97732551fbe58d2f5bb581e59fd686c32,author_attested_human_review_in_ai_generated_template
pc_v4_39_p3,pc_v4_39,workflow_micro,ellipsis_multi_object_preservation,Set step39's note to checked_39; preserve every unrelated object and field.,"For step39: note -> checked_39; peer_step_39_a and peer_step_39_b, unchanged.",Auditor-A,change,SIM-B,不确定,step39,note,checked_39,"[""peer_step_39_a"",""peer_step_39_b""]",,保护范围看似收窄，但需要核对该任务的完整对象集合后才能定论；本表未提供该信息，暂不确定。（对象：step39；字段：note）,1,0,ea282aae45e320bd604d71b4396b16b97732551fbe58d2f5bb581e59fd686c32,author_attested_human_review_in_ai_generated_template
pc_v4_40_p2,pc_v4_40,file,conditional_negative_constraint,Set reports/draft_40.txt's content to approved_40; preserve every unrelated object and field.,"If reports/draft_40.txt is present, set content to approved_40. Do not alter any other object or field.",Auditor-B,change,SIM-B,接受审校结论,reports/draft_40.txt,content,approved_40,"[""unrelated fields"",""unrelated objects""]",0,文件或记录是否存在并未由句面保证；条件句会在缺失时选择不执行，而原命令要求完成更新，因此接受改判。（对象：reports/draft_40.txt）,1,0,ea282aae45e320bd604d71b4396b16b97732551fbe58d2f5bb581e59fd686c32,author_attested_human_review_in_ai_generated_template
pc_v4_40_p3,pc_v4_40,file,ellipsis_multi_object_preservation,Set reports/draft_40.txt's content to approved_40; preserve every unrelated object and field.,"For reports/draft_40.txt: content -> approved_40; reports/reference_40.txt and reports/archive_40.txt, unchanged.",Auditor-B,change,SIM-B,接受审校结论,reports/draft_40.txt,content,approved_40,"[""reports/archive_40.txt"",""reports/reference_40.txt""]",0,列举 peer 不能替代全局保护约束，尤其没有明确保护目标对象的其他字段，同意改判。（对象：reports/draft_40.txt；字段：content）,1,0,ea282aae45e320bd604d71b4396b16b97732551fbe58d2f5bb581e59fd686c32,author_attested_human_review_in_ai_generated_template
pc_v4_41_p2,pc_v4_41,web_form,conditional_negative_constraint,Set r41's status to approved; preserve every unrelated object and field.,"If r41 is present, set status to approved. Do not alter any other object or field.",Auditor-B,change,SIM-B,接受审校结论,r41,status,approved,"[""unrelated fields"",""unrelated objects""]",0,目标存在时两句一致，但目标缺失时义务不同；这一差异足以将语义保持标为0。（对象：r41）,1,0,ea282aae45e320bd604d71b4396b16b97732551fbe58d2f5bb581e59fd686c32,author_attested_human_review_in_ai_generated_template
pc_v4_41_p3,pc_v4_41,web_form,ellipsis_multi_object_preservation,Set r41's status to approved; preserve every unrelated object and field.,"For r41: status -> approved; peer_record_41_a and peer_record_41_b, unchanged.",Auditor-B,change,SIM-B,接受审校结论,r41,status,approved,"[""peer_record_41_a"",""peer_record_41_b""]",0,该改写存在明显的保护范围收缩，结构化目标标签正确，但语义保持应为0。（对象：r41；字段：status）,1,0,ea282aae45e320bd604d71b4396b16b97732551fbe58d2f5bb581e59fd686c32,author_attested_human_review_in_ai_generated_template
pc_v4_42_p2,pc_v4_42,table,conditional_negative_constraint,Set row42's score to 82; preserve every unrelated object and field.,"If row42 is present, set score to 82. Do not alter any other object or field.",Auditor-B,change,SIM-B,保留原标签,row42,score,82,"[""unrelated fields"",""unrelated objects""]",1,这里的目标是已给定的表格行/流程步骤，存在性属于任务前置条件；条件句未改变本实例的预期状态，保留原标签。（对象：row42）,1,0,ea282aae45e320bd604d71b4396b16b97732551fbe58d2f5bb581e59fd686c32,author_attested_human_review_in_ai_generated_template
pc_v4_42_p3,pc_v4_42,table,ellipsis_multi_object_preservation,Set row42's score to 82; preserve every unrelated object and field.,"For row42: score -> 82; peer_row_42_a and peer_row_42_b, unchanged.",Auditor-B,change,SIM-B,接受审校结论,row42,score,82,"[""peer_row_42_a"",""peer_row_42_b""]",0,目标更新正确，但副作用约束只覆盖有限对象，语义不完整，接受 AI 结论。（对象：row42；字段：score）,1,0,ea282aae45e320bd604d71b4396b16b97732551fbe58d2f5bb581e59fd686c32,author_attested_human_review_in_ai_generated_template
pc_v4_43_p2,pc_v4_43,workflow_micro,conditional_negative_constraint,Set step43's note to checked_43; preserve every unrelated object and field.,"If step43 is present, set note to checked_43. Do not alter any other object or field.",Auditor-B,change,SIM-B,保留原标签,step43,note,checked_43,"[""unrelated fields"",""unrelated objects""]",1,我按数据集场景而非纯句面逻辑判断：目标步骤/行是既定对象，条件不会实际改变执行，保留原标签。（对象：step43）,1,0,ea282aae45e320bd604d71b4396b16b97732551fbe58d2f5bb581e59fd686c32,author_attested_human_review_in_ai_generated_template
pc_v4_43_p3,pc_v4_43,workflow_micro,ellipsis_multi_object_preservation,Set step43's note to checked_43; preserve every unrelated object and field.,"For step43: note -> checked_43; peer_step_43_a and peer_step_43_b, unchanged.",Auditor-B,change,SIM-B,接受审校结论,step43,note,checked_43,"[""peer_step_43_a"",""peer_step_43_b""]",0,省略表达没有保留全部禁止副作用条件，因此接受审校意见。（对象：step43；字段：note）,1,0,ea282aae45e320bd604d71b4396b16b97732551fbe58d2f5bb581e59fd686c32,author_attested_human_review_in_ai_generated_template
pc_v4_44_p2,pc_v4_44,file,conditional_negative_constraint,Set reports/draft_44.txt's content to approved_44; preserve every unrelated object and field.,"If reports/draft_44.txt is present, set content to approved_44. Do not alter any other object or field.",Auditor-B,change,SIM-B,接受审校结论,reports/draft_44.txt,content,approved_44,"[""unrelated fields"",""unrelated objects""]",0,对文件/记录对象而言，存在性是可能失败的运行条件。改写增加条件分支，严格看不等价。（对象：reports/draft_44.txt）,1,0,ea282aae45e320bd604d71b4396b16b97732551fbe58d2f5bb581e59fd686c32,author_attested_human_review_in_ai_generated_template
pc_v4_44_p3,pc_v4_44,file,ellipsis_multi_object_preservation,Set reports/draft_44.txt's content to approved_44; preserve every unrelated object and field.,"For reports/draft_44.txt: content -> approved_44; reports/reference_44.txt and reports/archive_44.txt, unchanged.",Auditor-B,change,SIM-B,接受审校结论,reports/draft_44.txt,content,approved_44,"[""reports/archive_44.txt"",""reports/reference_44.txt""]",0,原句要求最小改动到所有无关状态，改写只保护两个具名项，二者不等价。（对象：reports/draft_44.txt；字段：content）,1,0,ea282aae45e320bd604d71b4396b16b97732551fbe58d2f5bb581e59fd686c32,author_attested_human_review_in_ai_generated_template
pc_v4_45_p2,pc_v4_45,web_form,conditional_negative_constraint,Set r45's name to Alice_45; preserve every unrelated object and field.,"If r45 is present, set name to Alice_45. Do not alter any other object or field.",Auditor-B,change,SIM-B,接受审校结论,r45,name,Alice_45,"[""unrelated fields"",""unrelated objects""]",0,改写把直接更新变成有条件更新，缺失情形下结果不同，接受审校判断。（对象：r45）,1,0,ea282aae45e320bd604d71b4396b16b97732551fbe58d2f5bb581e59fd686c32,author_attested_human_review_in_ai_generated_template
pc_v4_45_p3,pc_v4_45,web_form,ellipsis_multi_object_preservation,Set r45's name to Alice_45; preserve every unrelated object and field.,"For r45: name -> Alice_45; peer_record_45_a and peer_record_45_b, unchanged.",Auditor-B,change,SIM-B,接受审校结论,r45,name,Alice_45,"[""peer_record_45_a"",""peer_record_45_b""]",0,只点名两个对象不变，未覆盖“所有无关对象和字段”，保护范围变窄，接受审校。（对象：r45；字段：name）,1,0,ea282aae45e320bd604d71b4396b16b97732551fbe58d2f5bb581e59fd686c32,author_attested_human_review_in_ai_generated_template
pc_v4_46_p2,pc_v4_46,table,conditional_negative_constraint,Set row46's score to 86; preserve every unrelated object and field.,"If row46 is present, set score to 86. Do not alter any other object or field.",Auditor-B,change,SIM-B,保留原标签,row46,score,86,"[""unrelated fields"",""unrelated objects""]",1,row/step 的存在由任务实例本身提供，“if present”只是冗余说明。就本数据集执行语义而言，我认为仍可视为等价。（对象：row46）,1,0,ea282aae45e320bd604d71b4396b16b97732551fbe58d2f5bb581e59fd686c32,author_attested_human_review_in_ai_generated_template
pc_v4_46_p3,pc_v4_46,table,ellipsis_multi_object_preservation,Set row46's score to 86; preserve every unrelated object and field.,"For row46: score -> 86; peer_row_46_a and peer_row_46_b, unchanged.",Auditor-B,change,SIM-B,接受审校结论,row46,score,86,"[""peer_row_46_a"",""peer_row_46_b""]",0,该改写存在明显的保护范围收缩，结构化目标标签正确，但语义保持应为0。（对象：row46；字段：score）,1,0,ea282aae45e320bd604d71b4396b16b97732551fbe58d2f5bb581e59fd686c32,author_attested_human_review_in_ai_generated_template
pc_v4_47_p2,pc_v4_47,workflow_micro,conditional_negative_constraint,Set step47's note to checked_47; preserve every unrelated object and field.,"If step47 is present, set note to checked_47. Do not alter any other object or field.",Auditor-B,change,SIM-B,保留原标签,step47,note,checked_47,"[""unrelated fields"",""unrelated objects""]",1,在该封闭任务语境中，row/step 已由任务标识并默认存在。我把“if present”视为显式化执行前提，倾向保留原语义标签。（对象：step47）,1,0,ea282aae45e320bd604d71b4396b16b97732551fbe58d2f5bb581e59fd686c32,author_attested_human_review_in_ai_generated_template
pc_v4_47_p3,pc_v4_47,workflow_micro,ellipsis_multi_object_preservation,Set step47's note to checked_47; preserve every unrelated object and field.,"For step47: note -> checked_47; peer_step_47_a and peer_step_47_b, unchanged.",Auditor-B,change,SIM-B,接受审校结论,step47,note,checked_47,"[""peer_step_47_a"",""peer_step_47_b""]",0,列举 peer 不能替代全局保护约束，尤其没有明确保护目标对象的其他字段，同意改判。（对象：step47；字段：note）,1,0,ea282aae45e320bd604d71b4396b16b97732551fbe58d2f5bb581e59fd686c32,author_attested_human_review_in_ai_generated_template
pc_v4_48_p2,pc_v4_48,file,conditional_negative_constraint,Set reports/draft_48.txt's content to approved_48; preserve every unrelated object and field.,"If reports/draft_48.txt is present, set content to approved_48. Do not alter any other object or field.",Auditor-B,change,SIM-B,接受审校结论,reports/draft_48.txt,content,approved_48,"[""unrelated fields"",""unrelated objects""]",0,我不把对象存在自动视为文本前提，因此同意 AI：条件化改变了命令适用范围。（对象：reports/draft_48.txt）,1,0,ea282aae45e320bd604d71b4396b16b97732551fbe58d2f5bb581e59fd686c32,author_attested_human_review_in_ai_generated_template
pc_v4_48_p3,pc_v4_48,file,ellipsis_multi_object_preservation,Set reports/draft_48.txt's content to approved_48; preserve every unrelated object and field.,"For reports/draft_48.txt: content -> approved_48; reports/reference_48.txt and reports/archive_48.txt, unchanged.",Auditor-B,change,SIM-B,接受审校结论,reports/draft_48.txt,content,approved_48,"[""reports/archive_48.txt"",""reports/reference_48.txt""]",0,省略表达没有保留全部禁止副作用条件，因此接受审校意见。（对象：reports/draft_48.txt；字段：content）,1,0,ea282aae45e320bd604d71b4396b16b97732551fbe58d2f5bb581e59fd686c32,author_attested_human_review_in_ai_generated_template
pc_v4_49_p2,pc_v4_49,web_form,conditional_negative_constraint,Set r49's status to approved; preserve every unrelated object and field.,"If r49 is present, set status to approved. Do not alter any other object or field.",Auditor-B,change,SIM-B,接受审校结论,r49,status,approved,"[""unrelated fields"",""unrelated objects""]",0,这里的 if-present 会改变缺失目标时的行为，不能仅凭常规数据假设忽略，接受审校结论。（对象：r49）,1,0,ea282aae45e320bd604d71b4396b16b97732551fbe58d2f5bb581e59fd686c32,author_attested_human_review_in_ai_generated_template
pc_v4_49_p3,pc_v4_49,web_form,ellipsis_multi_object_preservation,Set r49's status to approved; preserve every unrelated object and field.,"For r49: status -> approved; peer_record_49_a and peer_record_49_b, unchanged.",Auditor-B,change,SIM-B,不确定,r49,status,approved,"[""peer_record_49_a"",""peer_record_49_b""]",,文本表面上保护范围较窄；但若该实例除目标外确实只有这两个 peer，执行结果可能等价。缺少完整状态清单，暂记不确定。（对象：r49；字段：status）,1,0,ea282aae45e320bd604d71b4396b16b97732551fbe58d2f5bb581e59fd686c32,author_attested_human_review_in_ai_generated_template
pc_v4_50_p2,pc_v4_50,table,conditional_negative_constraint,Set row50's score to 80; preserve every unrelated object and field.,"If row50 is present, set score to 80. Do not alter any other object or field.",Auditor-B,change,SIM-B,保留原标签,row50,score,80,"[""unrelated fields"",""unrelated objects""]",1,在封闭工作流中目标对象不存在的分支不可达，因此条件化不改变可观察结果；此项保留原语义保持=1。（对象：row50）,1,0,ea282aae45e320bd604d71b4396b16b97732551fbe58d2f5bb581e59fd686c32,author_attested_human_review_in_ai_generated_template
pc_v4_50_p3,pc_v4_50,table,ellipsis_multi_object_preservation,Set row50's score to 80; preserve every unrelated object and field.,"For row50: score -> 80; peer_row_50_a and peer_row_50_b, unchanged.",Auditor-B,change,SIM-B,接受审校结论,row50,score,80,"[""peer_row_50_a"",""peer_row_50_b""]",0,只点名两个对象不变，未覆盖“所有无关对象和字段”，保护范围变窄，接受审校。（对象：row50；字段：score）,1,0,ea282aae45e320bd604d71b4396b16b97732551fbe58d2f5bb581e59fd686c32,author_attested_human_review_in_ai_generated_template
pc_v4_51_p2,pc_v4_51,workflow_micro,conditional_negative_constraint,Set step51's note to checked_51; preserve every unrelated object and field.,"If step51 is present, set note to checked_51. Do not alter any other object or field.",Auditor-B,change,SIM-B,保留原标签,step51,note,checked_51,"[""unrelated fields"",""unrelated objects""]",1,按开放文本解释确有条件差异，但在当前 bounded task 中目标实体预设存在。我采用操作语义，保留原判定。（对象：step51）,1,0,ea282aae45e320bd604d71b4396b16b97732551fbe58d2f5bb581e59fd686c32,author_attested_human_review_in_ai_generated_template
pc_v4_51_p3,pc_v4_51,workflow_micro,ellipsis_multi_object_preservation,Set step51's note to checked_51; preserve every unrelated object and field.,"For step51: note -> checked_51; peer_step_51_a and peer_step_51_b, unchanged.",Auditor-B,change,SIM-B,接受审校结论,step51,note,checked_51,"[""peer_step_51_a"",""peer_step_51_b""]",0,原句要求最小改动到所有无关状态，改写只保护两个具名项，二者不等价。（对象：step51；字段：note）,1,0,ea282aae45e320bd604d71b4396b16b97732551fbe58d2f5bb581e59fd686c32,author_attested_human_review_in_ai_generated_template
pc_v4_52_p2,pc_v4_52,file,conditional_negative_constraint,Set reports/draft_52.txt's content to approved_52; preserve every unrelated object and field.,"If reports/draft_52.txt is present, set content to approved_52. Do not alter any other object or field.",Auditor-B,change,SIM-B,接受审校结论,reports/draft_52.txt,content,approved_52,"[""unrelated fields"",""unrelated objects""]",0,文件或记录是否存在并未由句面保证；条件句会在缺失时选择不执行，而原命令要求完成更新，因此接受改判。（对象：reports/draft_52.txt）,1,0,ea282aae45e320bd604d71b4396b16b97732551fbe58d2f5bb581e59fd686c32,author_attested_human_review_in_ai_generated_template
pc_v4_52_p3,pc_v4_52,file,ellipsis_multi_object_preservation,Set reports/draft_52.txt's content to approved_52; preserve every unrelated object and field.,"For reports/draft_52.txt: content -> approved_52; reports/reference_52.txt and reports/archive_52.txt, unchanged.",Auditor-B,change,SIM-B,接受审校结论,reports/draft_52.txt,content,approved_52,"[""reports/archive_52.txt"",""reports/reference_52.txt""]",0,列举 peer 不能替代全局保护约束，尤其没有明确保护目标对象的其他字段，同意改判。（对象：reports/draft_52.txt；字段：content）,1,0,ea282aae45e320bd604d71b4396b16b97732551fbe58d2f5bb581e59fd686c32,author_attested_human_review_in_ai_generated_template
pc_v4_53_p2,pc_v4_53,web_form,conditional_negative_constraint,Set r53's status to approved; preserve every unrelated object and field.,"If r53 is present, set status to approved. Do not alter any other object or field.",Auditor-B,change,SIM-B,接受审校结论,r53,status,approved,"[""unrelated fields"",""unrelated objects""]",0,目标存在时两句一致，但目标缺失时义务不同；这一差异足以将语义保持标为0。（对象：r53）,1,0,ea282aae45e320bd604d71b4396b16b97732551fbe58d2f5bb581e59fd686c32,author_attested_human_review_in_ai_generated_template
pc_v4_53_p3,pc_v4_53,web_form,ellipsis_multi_object_preservation,Set r53's status to approved; preserve every unrelated object and field.,"For r53: status -> approved; peer_record_53_a and peer_record_53_b, unchanged.",Auditor-B,change,SIM-B,接受审校结论,r53,status,approved,"[""peer_record_53_a"",""peer_record_53_b""]",0,该改写存在明显的保护范围收缩，结构化目标标签正确，但语义保持应为0。（对象：r53；字段：status）,1,0,ea282aae45e320bd604d71b4396b16b97732551fbe58d2f5bb581e59fd686c32,author_attested_human_review_in_ai_generated_template
pc_v4_54_p2,pc_v4_54,table,conditional_negative_constraint,Set row54's score to 84; preserve every unrelated object and field.,"If row54 is present, set score to 84. Do not alter any other object or field.",Auditor-B,change,SIM-B,保留原标签,row54,score,84,"[""unrelated fields"",""unrelated objects""]",1,这里的目标是已给定的表格行/流程步骤，存在性属于任务前置条件；条件句未改变本实例的预期状态，保留原标签。（对象：row54）,1,0,ea282aae45e320bd604d71b4396b16b97732551fbe58d2f5bb581e59fd686c32,author_attested_human_review_in_ai_generated_template
pc_v4_54_p3,pc_v4_54,table,ellipsis_multi_object_preservation,Set row54's score to 84; preserve every unrelated object and field.,"For row54: score -> 84; peer_row_54_a and peer_row_54_b, unchanged.",Auditor-B,change,SIM-B,接受审校结论,row54,score,84,"[""peer_row_54_a"",""peer_row_54_b""]",0,目标更新正确，但副作用约束只覆盖有限对象，语义不完整，接受 AI 结论。（对象：row54；字段：score）,1,0,ea282aae45e320bd604d71b4396b16b97732551fbe58d2f5bb581e59fd686c32,author_attested_human_review_in_ai_generated_template
pc_v4_55_p2,pc_v4_55,workflow_micro,conditional_negative_constraint,Set step55's note to checked_55; preserve every unrelated object and field.,"If step55 is present, set note to checked_55. Do not alter any other object or field.",Auditor-B,change,SIM-B,保留原标签,step55,note,checked_55,"[""unrelated fields"",""unrelated objects""]",1,我按数据集场景而非纯句面逻辑判断：目标步骤/行是既定对象，条件不会实际改变执行，保留原标签。（对象：step55）,1,0,ea282aae45e320bd604d71b4396b16b97732551fbe58d2f5bb581e59fd686c32,author_attested_human_review_in_ai_generated_template
pc_v4_55_p3,pc_v4_55,workflow_micro,ellipsis_multi_object_preservation,Set step55's note to checked_55; preserve every unrelated object and field.,"For step55: note -> checked_55; peer_step_55_a and peer_step_55_b, unchanged.",Auditor-B,change,SIM-B,接受审校结论,step55,note,checked_55,"[""peer_step_55_a"",""peer_step_55_b""]",0,省略表达没有保留全部禁止副作用条件，因此接受审校意见。（对象：step55；字段：note）,1,0,ea282aae45e320bd604d71b4396b16b97732551fbe58d2f5bb581e59fd686c32,author_attested_human_review_in_ai_generated_template
pc_v4_56_p2,pc_v4_56,file,conditional_negative_constraint,Set reports/draft_56.txt's content to approved_56; preserve every unrelated object and field.,"If reports/draft_56.txt is present, set content to approved_56. Do not alter any other object or field.",Auditor-B,change,SIM-B,接受审校结论,reports/draft_56.txt,content,approved_56,"[""unrelated fields"",""unrelated objects""]",0,对文件/记录对象而言，存在性是可能失败的运行条件。改写增加条件分支，严格看不等价。（对象：reports/draft_56.txt）,1,0,ea282aae45e320bd604d71b4396b16b97732551fbe58d2f5bb581e59fd686c32,author_attested_human_review_in_ai_generated_template
pc_v4_56_p3,pc_v4_56,file,ellipsis_multi_object_preservation,Set reports/draft_56.txt's content to approved_56; preserve every unrelated object and field.,"For reports/draft_56.txt: content -> approved_56; reports/reference_56.txt and reports/archive_56.txt, unchanged.",Auditor-B,change,SIM-B,接受审校结论,reports/draft_56.txt,content,approved_56,"[""reports/archive_56.txt"",""reports/reference_56.txt""]",0,原句要求最小改动到所有无关状态，改写只保护两个具名项，二者不等价。（对象：reports/draft_56.txt；字段：content）,1,0,ea282aae45e320bd604d71b4396b16b97732551fbe58d2f5bb581e59fd686c32,author_attested_human_review_in_ai_generated_template
pc_v4_57_p2,pc_v4_57,web_form,conditional_negative_constraint,Set r57's name to Alice_57; preserve every unrelated object and field.,"If r57 is present, set name to Alice_57. Do not alter any other object or field.",Auditor-B,change,SIM-B,接受审校结论,r57,name,Alice_57,"[""unrelated fields"",""unrelated objects""]",0,改写把直接更新变成有条件更新，缺失情形下结果不同，接受审校判断。（对象：r57）,1,0,ea282aae45e320bd604d71b4396b16b97732551fbe58d2f5bb581e59fd686c32,author_attested_human_review_in_ai_generated_template
pc_v4_57_p3,pc_v4_57,web_form,ellipsis_multi_object_preservation,Set r57's name to Alice_57; preserve every unrelated object and field.,"For r57: name -> Alice_57; peer_record_57_a and peer_record_57_b, unchanged.",Auditor-B,change,SIM-B,接受审校结论,r57,name,Alice_57,"[""peer_record_57_a"",""peer_record_57_b""]",0,只点名两个对象不变，未覆盖“所有无关对象和字段”，保护范围变窄，接受审校。（对象：r57；字段：name）,1,0,ea282aae45e320bd604d71b4396b16b97732551fbe58d2f5bb581e59fd686c32,author_attested_human_review_in_ai_generated_template
pc_v4_58_p2,pc_v4_58,table,conditional_negative_constraint,Set row58's score to 88; preserve every unrelated object and field.,"If row58 is present, set score to 88. Do not alter any other object or field.",Auditor-B,change,SIM-B,保留原标签,row58,score,88,"[""unrelated fields"",""unrelated objects""]",1,row/step 的存在由任务实例本身提供，“if present”只是冗余说明。就本数据集执行语义而言，我认为仍可视为等价。（对象：row58）,1,0,ea282aae45e320bd604d71b4396b16b97732551fbe58d2f5bb581e59fd686c32,author_attested_human_review_in_ai_generated_template
pc_v4_58_p3,pc_v4_58,table,ellipsis_multi_object_preservation,Set row58's score to 88; preserve every unrelated object and field.,"For row58: score -> 88; peer_row_58_a and peer_row_58_b, unchanged.",Auditor-B,change,SIM-B,接受审校结论,row58,score,88,"[""peer_row_58_a"",""peer_row_58_b""]",0,该改写存在明显的保护范围收缩，结构化目标标签正确，但语义保持应为0。（对象：row58；字段：score）,1,0,ea282aae45e320bd604d71b4396b16b97732551fbe58d2f5bb581e59fd686c32,author_attested_human_review_in_ai_generated_template
pc_v4_59_p2,pc_v4_59,workflow_micro,conditional_negative_constraint,Set step59's note to checked_59; preserve every unrelated object and field.,"If step59 is present, set note to checked_59. Do not alter any other object or field.",Auditor-B,change,SIM-B,保留原标签,step59,note,checked_59,"[""unrelated fields"",""unrelated objects""]",1,在该封闭任务语境中，row/step 已由任务标识并默认存在。我把“if present”视为显式化执行前提，倾向保留原语义标签。（对象：step59）,1,0,ea282aae45e320bd604d71b4396b16b97732551fbe58d2f5bb581e59fd686c32,author_attested_human_review_in_ai_generated_template
pc_v4_59_p3,pc_v4_59,workflow_micro,ellipsis_multi_object_preservation,Set step59's note to checked_59; preserve every unrelated object and field.,"For step59: note -> checked_59; peer_step_59_a and peer_step_59_b, unchanged.",Auditor-B,change,SIM-B,不确定,step59,note,checked_59,"[""peer_step_59_a"",""peer_step_59_b""]",,按句面应当不等价，不过是否存在其他无关对象/字段需要查看实例状态。当前信息不足，暂不确定。（对象：step59；字段：note）,1,0,ea282aae45e320bd604d71b4396b16b97732551fbe58d2f5bb581e59fd686c32,author_attested_human_review_in_ai_generated_template
pc_v4_60_p2,pc_v4_60,file,conditional_negative_constraint,Set reports/draft_60.txt's content to approved_60; preserve every unrelated object and field.,"If reports/draft_60.txt is present, set content to approved_60. Do not alter any other object or field.",Auditor-B,change,SIM-B,接受审校结论,reports/draft_60.txt,content,approved_60,"[""unrelated fields"",""unrelated objects""]",0,我不把对象存在自动视为文本前提，因此同意 AI：条件化改变了命令适用范围。（对象：reports/draft_60.txt）,1,0,ea282aae45e320bd604d71b4396b16b97732551fbe58d2f5bb581e59fd686c32,author_attested_human_review_in_ai_generated_template
pc_v4_60_p3,pc_v4_60,file,ellipsis_multi_object_preservation,Set reports/draft_60.txt's content to approved_60; preserve every unrelated object and field.,"For reports/draft_60.txt: content -> approved_60; reports/reference_60.txt and reports/archive_60.txt, unchanged.",Auditor-B,change,SIM-B,接受审校结论,reports/draft_60.txt,content,approved_60,"[""reports/archive_60.txt"",""reports/reference_60.txt""]",0,省略表达没有保留全部禁止副作用条件，因此接受审校意见。（对象：reports/draft_60.txt；字段：content）,1,0,ea282aae45e320bd604d71b4396b16b97732551fbe58d2f5bb581e59fd686c32,author_attested_human_review_in_ai_generated_template
pc_v4_61_p2,pc_v4_61,web_form,conditional_negative_constraint,Set r61's status to approved; preserve every unrelated object and field.,"If r61 is present, set status to approved. Do not alter any other object or field.",Auditor-B,change,SIM-B,接受审校结论,r61,status,approved,"[""unrelated fields"",""unrelated objects""]",0,这里的 if-present 会改变缺失目标时的行为，不能仅凭常规数据假设忽略，接受审校结论。（对象：r61）,1,0,ea282aae45e320bd604d71b4396b16b97732551fbe58d2f5bb581e59fd686c32,author_attested_human_review_in_ai_generated_template
pc_v4_61_p3,pc_v4_61,web_form,ellipsis_multi_object_preservation,Set r61's status to approved; preserve every unrelated object and field.,"For r61: status -> approved; peer_record_61_a and peer_record_61_b, unchanged.",Auditor-B,change,SIM-B,接受审校结论,r61,status,approved,"[""peer_record_61_a"",""peer_record_61_b""]",0,目标更新正确，但副作用约束只覆盖有限对象，语义不完整，接受 AI 结论。（对象：r61；字段：status）,1,0,ea282aae45e320bd604d71b4396b16b97732551fbe58d2f5bb581e59fd686c32,author_attested_human_review_in_ai_generated_template
pc_v4_62_p2,pc_v4_62,table,conditional_negative_constraint,Set row62's score to 82; preserve every unrelated object and field.,"If row62 is present, set score to 82. Do not alter any other object or field.",Auditor-B,change,SIM-B,保留原标签,row62,score,82,"[""unrelated fields"",""unrelated objects""]",1,在封闭工作流中目标对象不存在的分支不可达，因此条件化不改变可观察结果；此项保留原语义保持=1。（对象：row62）,1,0,ea282aae45e320bd604d71b4396b16b97732551fbe58d2f5bb581e59fd686c32,author_attested_human_review_in_ai_generated_template
pc_v4_62_p3,pc_v4_62,table,ellipsis_multi_object_preservation,Set row62's score to 82; preserve every unrelated object and field.,"For row62: score -> 82; peer_row_62_a and peer_row_62_b, unchanged.",Auditor-B,change,SIM-B,接受审校结论,row62,score,82,"[""peer_row_62_a"",""peer_row_62_b""]",0,只点名两个对象不变，未覆盖“所有无关对象和字段”，保护范围变窄，接受审校。（对象：row62；字段：score）,1,0,ea282aae45e320bd604d71b4396b16b97732551fbe58d2f5bb581e59fd686c32,author_attested_human_review_in_ai_generated_template
pc_v4_63_p2,pc_v4_63,workflow_micro,conditional_negative_constraint,Set step63's note to checked_63; preserve every unrelated object and field.,"If step63 is present, set note to checked_63. Do not alter any other object or field.",Auditor-B,change,SIM-B,保留原标签,step63,note,checked_63,"[""unrelated fields"",""unrelated objects""]",1,按开放文本解释确有条件差异，但在当前 bounded task 中目标实体预设存在。我采用操作语义，保留原判定。（对象：step63）,1,0,ea282aae45e320bd604d71b4396b16b97732551fbe58d2f5bb581e59fd686c32,author_attested_human_review_in_ai_generated_template
pc_v4_63_p3,pc_v4_63,workflow_micro,ellipsis_multi_object_preservation,Set step63's note to checked_63; preserve every unrelated object and field.,"For step63: note -> checked_63; peer_step_63_a and peer_step_63_b, unchanged.",Auditor-B,change,SIM-B,接受审校结论,step63,note,checked_63,"[""peer_step_63_a"",""peer_step_63_b""]",0,原句要求最小改动到所有无关状态，改写只保护两个具名项，二者不等价。（对象：step63；字段：note）,1,0,ea282aae45e320bd604d71b4396b16b97732551fbe58d2f5bb581e59fd686c32,author_attested_human_review_in_ai_generated_template
pc_v4_64_p2,pc_v4_64,file,conditional_negative_constraint,Set reports/draft_64.txt's content to approved_64; preserve every unrelated object and field.,"If reports/draft_64.txt is present, set content to approved_64. Do not alter any other object or field.",Auditor-B,change,SIM-B,接受审校结论,reports/draft_64.txt,content,approved_64,"[""unrelated fields"",""unrelated objects""]",0,文件或记录是否存在并未由句面保证；条件句会在缺失时选择不执行，而原命令要求完成更新，因此接受改判。（对象：reports/draft_64.txt）,1,0,ea282aae45e320bd604d71b4396b16b97732551fbe58d2f5bb581e59fd686c32,author_attested_human_review_in_ai_generated_template
pc_v4_64_p3,pc_v4_64,file,ellipsis_multi_object_preservation,Set reports/draft_64.txt's content to approved_64; preserve every unrelated object and field.,"For reports/draft_64.txt: content -> approved_64; reports/reference_64.txt and reports/archive_64.txt, unchanged.",Auditor-B,change,SIM-B,接受审校结论,reports/draft_64.txt,content,approved_64,"[""reports/archive_64.txt"",""reports/reference_64.txt""]",0,列举 peer 不能替代全局保护约束，尤其没有明确保护目标对象的其他字段，同意改判。（对象：reports/draft_64.txt；字段：content）,1,0,ea282aae45e320bd604d71b4396b16b97732551fbe58d2f5bb581e59fd686c32,author_attested_human_review_in_ai_generated_template
pc_v4_65_p2,pc_v4_65,web_form,conditional_negative_constraint,Set r65's status to approved; preserve every unrelated object and field.,"If r65 is present, set status to approved. Do not alter any other object or field.",Auditor-B,change,SIM-B,接受审校结论,r65,status,approved,"[""unrelated fields"",""unrelated objects""]",0,目标存在时两句一致，但目标缺失时义务不同；这一差异足以将语义保持标为0。（对象：r65）,1,0,ea282aae45e320bd604d71b4396b16b97732551fbe58d2f5bb581e59fd686c32,author_attested_human_review_in_ai_generated_template
pc_v4_65_p3,pc_v4_65,web_form,ellipsis_multi_object_preservation,Set r65's status to approved; preserve every unrelated object and field.,"For r65: status -> approved; peer_record_65_a and peer_record_65_b, unchanged.",Auditor-B,change,SIM-B,接受审校结论,r65,status,approved,"[""peer_record_65_a"",""peer_record_65_b""]",0,该改写存在明显的保护范围收缩，结构化目标标签正确，但语义保持应为0。（对象：r65；字段：status）,1,0,ea282aae45e320bd604d71b4396b16b97732551fbe58d2f5bb581e59fd686c32,author_attested_human_review_in_ai_generated_template
pc_v4_66_p2,pc_v4_66,table,conditional_negative_constraint,Set row66's score to 86; preserve every unrelated object and field.,"If row66 is present, set score to 86. Do not alter any other object or field.",Auditor-B,change,SIM-B,保留原标签,row66,score,86,"[""unrelated fields"",""unrelated objects""]",1,这里的目标是已给定的表格行/流程步骤，存在性属于任务前置条件；条件句未改变本实例的预期状态，保留原标签。（对象：row66）,1,0,ea282aae45e320bd604d71b4396b16b97732551fbe58d2f5bb581e59fd686c32,author_attested_human_review_in_ai_generated_template
pc_v4_66_p3,pc_v4_66,table,ellipsis_multi_object_preservation,Set row66's score to 86; preserve every unrelated object and field.,"For row66: score -> 86; peer_row_66_a and peer_row_66_b, unchanged.",Auditor-B,change,SIM-B,接受审校结论,row66,score,86,"[""peer_row_66_a"",""peer_row_66_b""]",0,目标更新正确，但副作用约束只覆盖有限对象，语义不完整，接受 AI 结论。（对象：row66；字段：score）,1,0,ea282aae45e320bd604d71b4396b16b97732551fbe58d2f5bb581e59fd686c32,author_attested_human_review_in_ai_generated_template
pc_v4_67_p2,pc_v4_67,workflow_micro,conditional_negative_constraint,Set step67's note to checked_67; preserve every unrelated object and field.,"If step67 is present, set note to checked_67. Do not alter any other object or field.",Auditor-B,change,SIM-B,保留原标签,step67,note,checked_67,"[""unrelated fields"",""unrelated objects""]",1,我按数据集场景而非纯句面逻辑判断：目标步骤/行是既定对象，条件不会实际改变执行，保留原标签。（对象：step67）,1,0,ea282aae45e320bd604d71b4396b16b97732551fbe58d2f5bb581e59fd686c32,author_attested_human_review_in_ai_generated_template
pc_v4_67_p3,pc_v4_67,workflow_micro,ellipsis_multi_object_preservation,Set step67's note to checked_67; preserve every unrelated object and field.,"For step67: note -> checked_67; peer_step_67_a and peer_step_67_b, unchanged.",Auditor-B,change,SIM-B,接受审校结论,step67,note,checked_67,"[""peer_step_67_a"",""peer_step_67_b""]",0,省略表达没有保留全部禁止副作用条件，因此接受审校意见。（对象：step67；字段：note）,1,0,ea282aae45e320bd604d71b4396b16b97732551fbe58d2f5bb581e59fd686c32,author_attested_human_review_in_ai_generated_template
pc_v4_68_p2,pc_v4_68,file,conditional_negative_constraint,Set reports/draft_68.txt's content to approved_68; preserve every unrelated object and field.,"If reports/draft_68.txt is present, set content to approved_68. Do not alter any other object or field.",Auditor-B,change,SIM-B,接受审校结论,reports/draft_68.txt,content,approved_68,"[""unrelated fields"",""unrelated objects""]",0,对文件/记录对象而言，存在性是可能失败的运行条件。改写增加条件分支，严格看不等价。（对象：reports/draft_68.txt）,1,0,ea282aae45e320bd604d71b4396b16b97732551fbe58d2f5bb581e59fd686c32,author_attested_human_review_in_ai_generated_template
pc_v4_68_p3,pc_v4_68,file,ellipsis_multi_object_preservation,Set reports/draft_68.txt's content to approved_68; preserve every unrelated object and field.,"For reports/draft_68.txt: content -> approved_68; reports/reference_68.txt and reports/archive_68.txt, unchanged.",Auditor-B,change,SIM-B,接受审校结论,reports/draft_68.txt,content,approved_68,"[""reports/archive_68.txt"",""reports/reference_68.txt""]",0,原句要求最小改动到所有无关状态，改写只保护两个具名项，二者不等价。（对象：reports/draft_68.txt；字段：content）,1,0,ea282aae45e320bd604d71b4396b16b97732551fbe58d2f5bb581e59fd686c32,author_attested_human_review_in_ai_generated_template
pc_v4_69_p2,pc_v4_69,web_form,conditional_negative_constraint,Set r69's name to Alice_69; preserve every unrelated object and field.,"If r69 is present, set name to Alice_69. Do not alter any other object or field.",Auditor-B,change,SIM-B,接受审校结论,r69,name,Alice_69,"[""unrelated fields"",""unrelated objects""]",0,改写把直接更新变成有条件更新，缺失情形下结果不同，接受审校判断。（对象：r69）,1,0,ea282aae45e320bd604d71b4396b16b97732551fbe58d2f5bb581e59fd686c32,author_attested_human_review_in_ai_generated_template
pc_v4_69_p3,pc_v4_69,web_form,ellipsis_multi_object_preservation,Set r69's name to Alice_69; preserve every unrelated object and field.,"For r69: name -> Alice_69; peer_record_69_a and peer_record_69_b, unchanged.",Auditor-B,change,SIM-B,不确定,r69,name,Alice_69,"[""peer_record_69_a"",""peer_record_69_b""]",,两个具名 peer 是否穷尽全部无关对象无法从本行确认。若已穷尽则可能等价，否则不等价，因此保留不确定。（对象：r69；字段：name）,1,0,ea282aae45e320bd604d71b4396b16b97732551fbe58d2f5bb581e59fd686c32,author_attested_human_review_in_ai_generated_template
pc_v4_70_p2,pc_v4_70,table,conditional_negative_constraint,Set row70's score to 80; preserve every unrelated object and field.,"If row70 is present, set score to 80. Do not alter any other object or field.",Auditor-B,change,SIM-B,保留原标签,row70,score,80,"[""unrelated fields"",""unrelated objects""]",1,row/step 的存在由任务实例本身提供，“if present”只是冗余说明。就本数据集执行语义而言，我认为仍可视为等价。（对象：row70）,1,0,ea282aae45e320bd604d71b4396b16b97732551fbe58d2f5bb581e59fd686c32,author_attested_human_review_in_ai_generated_template
pc_v4_70_p3,pc_v4_70,table,ellipsis_multi_object_preservation,Set row70's score to 80; preserve every unrelated object and field.,"For row70: score -> 80; peer_row_70_a and peer_row_70_b, unchanged.",Auditor-B,change,SIM-B,接受审校结论,row70,score,80,"[""peer_row_70_a"",""peer_row_70_b""]",0,该改写存在明显的保护范围收缩，结构化目标标签正确，但语义保持应为0。（对象：row70；字段：score）,1,0,ea282aae45e320bd604d71b4396b16b97732551fbe58d2f5bb581e59fd686c32,author_attested_human_review_in_ai_generated_template
pc_v4_71_p2,pc_v4_71,workflow_micro,conditional_negative_constraint,Set step71's note to checked_71; preserve every unrelated object and field.,"If step71 is present, set note to checked_71. Do not alter any other object or field.",Auditor-B,change,SIM-B,保留原标签,step71,note,checked_71,"[""unrelated fields"",""unrelated objects""]",1,在该封闭任务语境中，row/step 已由任务标识并默认存在。我把“if present”视为显式化执行前提，倾向保留原语义标签。（对象：step71）,1,0,ea282aae45e320bd604d71b4396b16b97732551fbe58d2f5bb581e59fd686c32,author_attested_human_review_in_ai_generated_template
pc_v4_71_p3,pc_v4_71,workflow_micro,ellipsis_multi_object_preservation,Set step71's note to checked_71; preserve every unrelated object and field.,"For step71: note -> checked_71; peer_step_71_a and peer_step_71_b, unchanged.",Auditor-B,change,SIM-B,接受审校结论,step71,note,checked_71,"[""peer_step_71_a"",""peer_step_71_b""]",0,列举 peer 不能替代全局保护约束，尤其没有明确保护目标对象的其他字段，同意改判。（对象：step71；字段：note）,1,0,ea282aae45e320bd604d71b4396b16b97732551fbe58d2f5bb581e59fd686c32,author_attested_human_review_in_ai_generated_template
pc_v4_72_p2,pc_v4_72,file,conditional_negative_constraint,Set reports/draft_72.txt's content to approved_72; preserve every unrelated object and field.,"If reports/draft_72.txt is present, set content to approved_72. Do not alter any other object or field.",Auditor-B,change,SIM-B,接受审校结论,reports/draft_72.txt,content,approved_72,"[""unrelated fields"",""unrelated objects""]",0,我不把对象存在自动视为文本前提，因此同意 AI：条件化改变了命令适用范围。（对象：reports/draft_72.txt）,1,0,ea282aae45e320bd604d71b4396b16b97732551fbe58d2f5bb581e59fd686c32,author_attested_human_review_in_ai_generated_template
pc_v4_72_p3,pc_v4_72,file,ellipsis_multi_object_preservation,Set reports/draft_72.txt's content to approved_72; preserve every unrelated object and field.,"For reports/draft_72.txt: content -> approved_72; reports/reference_72.txt and reports/archive_72.txt, unchanged.",Auditor-B,change,SIM-B,接受审校结论,reports/draft_72.txt,content,approved_72,"[""reports/archive_72.txt"",""reports/reference_72.txt""]",0,省略表达没有保留全部禁止副作用条件，因此接受审校意见。（对象：reports/draft_72.txt；字段：content）,1,0,ea282aae45e320bd604d71b4396b16b97732551fbe58d2f5bb581e59fd686c32,author_attested_human_review_in_ai_generated_template
pc_v4_73_p2,pc_v4_73,web_form,conditional_negative_constraint,Set r73's status to approved; preserve every unrelated object and field.,"If r73 is present, set status to approved. Do not alter any other object or field.",Auditor-B,change,SIM-B,接受审校结论,r73,status,approved,"[""unrelated fields"",""unrelated objects""]",0,这里的 if-present 会改变缺失目标时的行为，不能仅凭常规数据假设忽略，接受审校结论。（对象：r73）,1,0,ea282aae45e320bd604d71b4396b16b97732551fbe58d2f5bb581e59fd686c32,author_attested_human_review_in_ai_generated_template
pc_v4_73_p3,pc_v4_73,web_form,ellipsis_multi_object_preservation,Set r73's status to approved; preserve every unrelated object and field.,"For r73: status -> approved; peer_record_73_a and peer_record_73_b, unchanged.",Auditor-B,change,SIM-B,接受审校结论,r73,status,approved,"[""peer_record_73_a"",""peer_record_73_b""]",0,目标更新正确，但副作用约束只覆盖有限对象，语义不完整，接受 AI 结论。（对象：r73；字段：status）,1,0,ea282aae45e320bd604d71b4396b16b97732551fbe58d2f5bb581e59fd686c32,author_attested_human_review_in_ai_generated_template
pc_v4_74_p2,pc_v4_74,table,conditional_negative_constraint,Set row74's score to 84; preserve every unrelated object and field.,"If row74 is present, set score to 84. Do not alter any other object or field.",Auditor-B,change,SIM-B,保留原标签,row74,score,84,"[""unrelated fields"",""unrelated objects""]",1,在封闭工作流中目标对象不存在的分支不可达，因此条件化不改变可观察结果；此项保留原语义保持=1。（对象：row74）,1,0,ea282aae45e320bd604d71b4396b16b97732551fbe58d2f5bb581e59fd686c32,author_attested_human_review_in_ai_generated_template
pc_v4_74_p3,pc_v4_74,table,ellipsis_multi_object_preservation,Set row74's score to 84; preserve every unrelated object and field.,"For row74: score -> 84; peer_row_74_a and peer_row_74_b, unchanged.",Auditor-B,change,SIM-B,接受审校结论,row74,score,84,"[""peer_row_74_a"",""peer_row_74_b""]",0,只点名两个对象不变，未覆盖“所有无关对象和字段”，保护范围变窄，接受审校。（对象：row74；字段：score）,1,0,ea282aae45e320bd604d71b4396b16b97732551fbe58d2f5bb581e59fd686c32,author_attested_human_review_in_ai_generated_template
pc_v4_75_p2,pc_v4_75,workflow_micro,conditional_negative_constraint,Set step75's note to checked_75; preserve every unrelated object and field.,"If step75 is present, set note to checked_75. Do not alter any other object or field.",Auditor-B,change,SIM-B,保留原标签,step75,note,checked_75,"[""unrelated fields"",""unrelated objects""]",1,按开放文本解释确有条件差异，但在当前 bounded task 中目标实体预设存在。我采用操作语义，保留原判定。（对象：step75）,1,0,ea282aae45e320bd604d71b4396b16b97732551fbe58d2f5bb581e59fd686c32,author_attested_human_review_in_ai_generated_template
pc_v4_75_p3,pc_v4_75,workflow_micro,ellipsis_multi_object_preservation,Set step75's note to checked_75; preserve every unrelated object and field.,"For step75: note -> checked_75; peer_step_75_a and peer_step_75_b, unchanged.",Auditor-B,change,SIM-B,接受审校结论,step75,note,checked_75,"[""peer_step_75_a"",""peer_step_75_b""]",0,原句要求最小改动到所有无关状态，改写只保护两个具名项，二者不等价。（对象：step75；字段：note）,1,0,ea282aae45e320bd604d71b4396b16b97732551fbe58d2f5bb581e59fd686c32,author_attested_human_review_in_ai_generated_template
pc_v4_76_p2,pc_v4_76,file,conditional_negative_constraint,Set reports/draft_76.txt's content to approved_76; preserve every unrelated object and field.,"If reports/draft_76.txt is present, set content to approved_76. Do not alter any other object or field.",Auditor-B,change,SIM-B,接受审校结论,reports/draft_76.txt,content,approved_76,"[""unrelated fields"",""unrelated objects""]",0,文件或记录是否存在并未由句面保证；条件句会在缺失时选择不执行，而原命令要求完成更新，因此接受改判。（对象：reports/draft_76.txt）,1,0,ea282aae45e320bd604d71b4396b16b97732551fbe58d2f5bb581e59fd686c32,author_attested_human_review_in_ai_generated_template
pc_v4_76_p3,pc_v4_76,file,ellipsis_multi_object_preservation,Set reports/draft_76.txt's content to approved_76; preserve every unrelated object and field.,"For reports/draft_76.txt: content -> approved_76; reports/reference_76.txt and reports/archive_76.txt, unchanged.",Auditor-B,change,SIM-B,接受审校结论,reports/draft_76.txt,content,approved_76,"[""reports/archive_76.txt"",""reports/reference_76.txt""]",0,列举 peer 不能替代全局保护约束，尤其没有明确保护目标对象的其他字段，同意改判。（对象：reports/draft_76.txt；字段：content）,1,0,ea282aae45e320bd604d71b4396b16b97732551fbe58d2f5bb581e59fd686c32,author_attested_human_review_in_ai_generated_template
pc_v4_77_p2,pc_v4_77,web_form,conditional_negative_constraint,Set r77's status to approved; preserve every unrelated object and field.,"If r77 is present, set status to approved. Do not alter any other object or field.",Auditor-B,change,SIM-B,接受审校结论,r77,status,approved,"[""unrelated fields"",""unrelated objects""]",0,目标存在时两句一致，但目标缺失时义务不同；这一差异足以将语义保持标为0。（对象：r77）,1,0,ea282aae45e320bd604d71b4396b16b97732551fbe58d2f5bb581e59fd686c32,author_attested_human_review_in_ai_generated_template
pc_v4_77_p3,pc_v4_77,web_form,ellipsis_multi_object_preservation,Set r77's status to approved; preserve every unrelated object and field.,"For r77: status -> approved; peer_record_77_a and peer_record_77_b, unchanged.",Auditor-B,change,SIM-B,接受审校结论,r77,status,approved,"[""peer_record_77_a"",""peer_record_77_b""]",0,该改写存在明显的保护范围收缩，结构化目标标签正确，但语义保持应为0。（对象：r77；字段：status）,1,0,ea282aae45e320bd604d71b4396b16b97732551fbe58d2f5bb581e59fd686c32,author_attested_human_review_in_ai_generated_template
pc_v4_78_p2,pc_v4_78,table,conditional_negative_constraint,Set row78's score to 88; preserve every unrelated object and field.,"If row78 is present, set score to 88. Do not alter any other object or field.",Auditor-B,change,SIM-B,保留原标签,row78,score,88,"[""unrelated fields"",""unrelated objects""]",1,这里的目标是已给定的表格行/流程步骤，存在性属于任务前置条件；条件句未改变本实例的预期状态，保留原标签。（对象：row78）,1,0,ea282aae45e320bd604d71b4396b16b97732551fbe58d2f5bb581e59fd686c32,author_attested_human_review_in_ai_generated_template
pc_v4_78_p3,pc_v4_78,table,ellipsis_multi_object_preservation,Set row78's score to 88; preserve every unrelated object and field.,"For row78: score -> 88; peer_row_78_a and peer_row_78_b, unchanged.",Auditor-B,change,SIM-B,接受审校结论,row78,score,88,"[""peer_row_78_a"",""peer_row_78_b""]",0,目标更新正确，但副作用约束只覆盖有限对象，语义不完整，接受 AI 结论。（对象：row78；字段：score）,1,0,ea282aae45e320bd604d71b4396b16b97732551fbe58d2f5bb581e59fd686c32,author_attested_human_review_in_ai_generated_template
pc_v4_79_p2,pc_v4_79,workflow_micro,conditional_negative_constraint,Set step79's note to checked_79; preserve every unrelated object and field.,"If step79 is present, set note to checked_79. Do not alter any other object or field.",Auditor-B,change,SIM-B,保留原标签,step79,note,checked_79,"[""unrelated fields"",""unrelated objects""]",1,我按数据集场景而非纯句面逻辑判断：目标步骤/行是既定对象，条件不会实际改变执行，保留原标签。（对象：step79）,1,0,ea282aae45e320bd604d71b4396b16b97732551fbe58d2f5bb581e59fd686c32,author_attested_human_review_in_ai_generated_template
pc_v4_79_p3,pc_v4_79,workflow_micro,ellipsis_multi_object_preservation,Set step79's note to checked_79; preserve every unrelated object and field.,"For step79: note -> checked_79; peer_step_79_a and peer_step_79_b, unchanged.",Auditor-B,change,SIM-B,不确定,step79,note,checked_79,"[""peer_step_79_a"",""peer_step_79_b""]",,保护范围看似收窄，但需要核对该任务的完整对象集合后才能定论；本表未提供该信息，暂不确定。（对象：step79；字段：note）,1,0,ea282aae45e320bd604d71b4396b16b97732551fbe58d2f5bb581e59fd686c32,author_attested_human_review_in_ai_generated_template
pc_v4_00_p1,pc_v4_00,file,pronoun_coreference,Set reports/draft_0.txt's content to approved_0; preserve every unrelated object and field.,"Open reports/draft_0.txt. Change its content so that it reads approved_0, and leave everything else untouched.",Auditor-A,agree,SIM-B,接受审校结论,reports/draft_0.txt,content,approved_0,"[""unrelated fields"",""unrelated objects""]",1,its 指向刚刚打开的唯一对象，目标和保护范围都一致，同意 AI 结论。（reports/draft_0.txt.content）,1,1,ea282aae45e320bd604d71b4396b16b97732551fbe58d2f5bb581e59fd686c32,author_attested_human_review_in_ai_generated_template
pc_v4_01_p1,pc_v4_01,web_form,pronoun_coreference,Set r01's status to approved; preserve every unrelated object and field.,"Open r01. Change its status so that it reads approved, and leave everything else untouched.",Auditor-A,agree,SIM-B,接受审校结论,r01,status,approved,"[""unrelated fields"",""unrelated objects""]",1,这一项只是自然语言改写，目标、字段、值和副作用约束均未变化。（r01.status）,1,1,ea282aae45e320bd604d71b4396b16b97732551fbe58d2f5bb581e59fd686c32,author_attested_human_review_in_ai_generated_template
pc_v4_02_p1,pc_v4_02,table,pronoun_coreference,Set row02's score to 82; preserve every unrelated object and field.,"Open row02. Change its score so that it reads 82, and leave everything else untouched.",Auditor-A,agree,SIM-B,接受审校结论,row02,score,82,"[""unrelated fields"",""unrelated objects""]",1,its 指向刚刚打开的唯一对象，目标和保护范围都一致，同意 AI 结论。（row02.score）,1,1,ea282aae45e320bd604d71b4396b16b97732551fbe58d2f5bb581e59fd686c32,author_attested_human_review_in_ai_generated_template
pc_v4_03_p1,pc_v4_03,workflow_micro,pronoun_coreference,Set step03's note to checked_3; preserve every unrelated object and field.,"Open step03. Change its note so that it reads checked_3, and leave everything else untouched.",Auditor-A,agree,SIM-B,接受审校结论,step03,note,checked_3,"[""unrelated fields"",""unrelated objects""]",1,代词解析唯一，且其余状态不变的要求完整保留，可判为语义保持。（step03.note）,1,1,ea282aae45e320bd604d71b4396b16b97732551fbe58d2f5bb581e59fd686c32,author_attested_human_review_in_ai_generated_template
pc_v4_04_p1,pc_v4_04,file,pronoun_coreference,Set reports/draft_4.txt's content to approved_4; preserve every unrelated object and field.,"Open reports/draft_4.txt. Change its content so that it reads approved_4, and leave everything else untouched.",Auditor-A,agree,SIM-B,接受审校结论,reports/draft_4.txt,content,approved_4,"[""unrelated fields"",""unrelated objects""]",1,指代链明确，未发现保护范围缩小或目标漂移，接受通过。（reports/draft_4.txt.content）,1,1,ea282aae45e320bd604d71b4396b16b97732551fbe58d2f5bb581e59fd686c32,author_attested_human_review_in_ai_generated_template
pc_v4_05_p1,pc_v4_05,web_form,pronoun_coreference,Set r05's status to approved; preserve every unrelated object and field.,"Open r05. Change its status so that it reads approved, and leave everything else untouched.",Auditor-A,agree,SIM-B,接受审校结论,r05,status,approved,"[""unrelated fields"",""unrelated objects""]",1,没有歧义，也没有新增条件；执行结果与原句相同，接受审校。（r05.status）,1,1,ea282aae45e320bd604d71b4396b16b97732551fbe58d2f5bb581e59fd686c32,author_attested_human_review_in_ai_generated_template
pc_v4_06_p1,pc_v4_06,table,pronoun_coreference,Set row06's score to 86; preserve every unrelated object and field.,"Open row06. Change its score so that it reads 86, and leave everything else untouched.",Auditor-A,agree,SIM-B,接受审校结论,row06,score,86,"[""unrelated fields"",""unrelated objects""]",1,指代链明确，未发现保护范围缩小或目标漂移，接受通过。（row06.score）,1,1,ea282aae45e320bd604d71b4396b16b97732551fbe58d2f5bb581e59fd686c32,author_attested_human_review_in_ai_generated_template
pc_v4_07_p1,pc_v4_07,workflow_micro,pronoun_coreference,Set step07's note to checked_7; preserve every unrelated object and field.,"Open step07. Change its note so that it reads checked_7, and leave everything else untouched.",Auditor-A,agree,SIM-B,接受审校结论,step07,note,checked_7,"[""unrelated fields"",""unrelated objects""]",1,its 指向刚刚打开的唯一对象，目标和保护范围都一致，同意 AI 结论。（step07.note）,1,1,ea282aae45e320bd604d71b4396b16b97732551fbe58d2f5bb581e59fd686c32,author_attested_human_review_in_ai_generated_template
pc_v4_08_p1,pc_v4_08,file,pronoun_coreference,Set reports/draft_8.txt's content to approved_8; preserve every unrelated object and field.,"Open reports/draft_8.txt. Change its content so that it reads approved_8, and leave everything else untouched.",Auditor-A,agree,SIM-B,接受审校结论,reports/draft_8.txt,content,approved_8,"[""unrelated fields"",""unrelated objects""]",1,代词解析唯一，且其余状态不变的要求完整保留，可判为语义保持。（reports/draft_8.txt.content）,1,1,ea282aae45e320bd604d71b4396b16b97732551fbe58d2f5bb581e59fd686c32,author_attested_human_review_in_ai_generated_template
pc_v4_09_p1,pc_v4_09,web_form,pronoun_coreference,Set r09's name to Alice_9; preserve every unrelated object and field.,"Open r09. Change its name so that it reads Alice_9, and leave everything else untouched.",Auditor-A,agree,SIM-B,接受审校结论,r09,name,Alice_9,"[""unrelated fields"",""unrelated objects""]",1,指代清楚，“everything else untouched”也保住了全局约束，没有语义偏移，接受通过。（r09.name）,1,1,ea282aae45e320bd604d71b4396b16b97732551fbe58d2f5bb581e59fd686c32,author_attested_human_review_in_ai_generated_template
pc_v4_10_p1,pc_v4_10,table,pronoun_coreference,Set row10's score to 80; preserve every unrelated object and field.,"Open row10. Change its score so that it reads 80, and leave everything else untouched.",Auditor-A,agree,SIM-B,接受审校结论,row10,score,80,"[""unrelated fields"",""unrelated objects""]",1,代词解析唯一，且其余状态不变的要求完整保留，可判为语义保持。（row10.score）,1,1,ea282aae45e320bd604d71b4396b16b97732551fbe58d2f5bb581e59fd686c32,author_attested_human_review_in_ai_generated_template
pc_v4_11_p1,pc_v4_11,workflow_micro,pronoun_coreference,Set step11's note to checked_11; preserve every unrelated object and field.,"Open step11. Change its note so that it reads checked_11, and leave everything else untouched.",Auditor-A,agree,SIM-B,接受审校结论,step11,note,checked_11,"[""unrelated fields"",""unrelated objects""]",1,指代链明确，未发现保护范围缩小或目标漂移，接受通过。（step11.note）,1,1,ea282aae45e320bd604d71b4396b16b97732551fbe58d2f5bb581e59fd686c32,author_attested_human_review_in_ai_generated_template
pc_v4_12_p1,pc_v4_12,file,pronoun_coreference,Set reports/draft_12.txt's content to approved_12; preserve every unrelated object and field.,"Open reports/draft_12.txt. Change its content so that it reads approved_12, and leave everything else untouched.",Auditor-A,agree,SIM-B,接受审校结论,reports/draft_12.txt,content,approved_12,"[""unrelated fields"",""unrelated objects""]",1,没有歧义，也没有新增条件；执行结果与原句相同，接受审校。（reports/draft_12.txt.content）,1,1,ea282aae45e320bd604d71b4396b16b97732551fbe58d2f5bb581e59fd686c32,author_attested_human_review_in_ai_generated_template
pc_v4_13_p1,pc_v4_13,web_form,pronoun_coreference,Set r13's status to approved; preserve every unrelated object and field.,"Open r13. Change its status so that it reads approved, and leave everything else untouched.",Auditor-A,agree,SIM-B,接受审校结论,r13,status,approved,"[""unrelated fields"",""unrelated objects""]",1,这一项只是自然语言改写，目标、字段、值和副作用约束均未变化。（r13.status）,1,1,ea282aae45e320bd604d71b4396b16b97732551fbe58d2f5bb581e59fd686c32,author_attested_human_review_in_ai_generated_template
pc_v4_14_p1,pc_v4_14,table,pronoun_coreference,Set row14's score to 84; preserve every unrelated object and field.,"Open row14. Change its score so that it reads 84, and leave everything else untouched.",Auditor-A,agree,SIM-B,接受审校结论,row14,score,84,"[""unrelated fields"",""unrelated objects""]",1,its 指向刚刚打开的唯一对象，目标和保护范围都一致，同意 AI 结论。（row14.score）,1,1,ea282aae45e320bd604d71b4396b16b97732551fbe58d2f5bb581e59fd686c32,author_attested_human_review_in_ai_generated_template
pc_v4_15_p1,pc_v4_15,workflow_micro,pronoun_coreference,Set step15's note to checked_15; preserve every unrelated object and field.,"Open step15. Change its note so that it reads checked_15, and leave everything else untouched.",Auditor-A,agree,SIM-B,接受审校结论,step15,note,checked_15,"[""unrelated fields"",""unrelated objects""]",1,代词解析唯一，且其余状态不变的要求完整保留，可判为语义保持。（step15.note）,1,1,ea282aae45e320bd604d71b4396b16b97732551fbe58d2f5bb581e59fd686c32,author_attested_human_review_in_ai_generated_template
pc_v4_16_p1,pc_v4_16,file,pronoun_coreference,Set reports/draft_16.txt's content to approved_16; preserve every unrelated object and field.,"Open reports/draft_16.txt. Change its content so that it reads approved_16, and leave everything else untouched.",Auditor-A,agree,SIM-B,接受审校结论,reports/draft_16.txt,content,approved_16,"[""unrelated fields"",""unrelated objects""]",1,指代清楚，“everything else untouched”也保住了全局约束，没有语义偏移，接受通过。（reports/draft_16.txt.content）,1,1,ea282aae45e320bd604d71b4396b16b97732551fbe58d2f5bb581e59fd686c32,author_attested_human_review_in_ai_generated_template
pc_v4_17_p1,pc_v4_17,web_form,pronoun_coreference,Set r17's status to approved; preserve every unrelated object and field.,"Open r17. Change its status so that it reads approved, and leave everything else untouched.",Auditor-A,agree,SIM-B,接受审校结论,r17,status,approved,"[""unrelated fields"",""unrelated objects""]",1,没有歧义，也没有新增条件；执行结果与原句相同，接受审校。（r17.status）,1,1,ea282aae45e320bd604d71b4396b16b97732551fbe58d2f5bb581e59fd686c32,author_attested_human_review_in_ai_generated_template
pc_v4_18_p1,pc_v4_18,table,pronoun_coreference,Set row18's score to 88; preserve every unrelated object and field.,"Open row18. Change its score so that it reads 88, and leave everything else untouched.",Auditor-A,agree,SIM-B,接受审校结论,row18,score,88,"[""unrelated fields"",""unrelated objects""]",1,指代链明确，未发现保护范围缩小或目标漂移，接受通过。（row18.score）,1,1,ea282aae45e320bd604d71b4396b16b97732551fbe58d2f5bb581e59fd686c32,author_attested_human_review_in_ai_generated_template
pc_v4_19_p1,pc_v4_19,workflow_micro,pronoun_coreference,Set step19's note to checked_19; preserve every unrelated object and field.,"Open step19. Change its note so that it reads checked_19, and leave everything else untouched.",Auditor-A,agree,SIM-B,接受审校结论,step19,note,checked_19,"[""unrelated fields"",""unrelated objects""]",1,its 指向刚刚打开的唯一对象，目标和保护范围都一致，同意 AI 结论。（step19.note）,1,1,ea282aae45e320bd604d71b4396b16b97732551fbe58d2f5bb581e59fd686c32,author_attested_human_review_in_ai_generated_template
pc_v4_20_p1,pc_v4_20,file,pronoun_coreference,Set reports/draft_20.txt's content to approved_20; preserve every unrelated object and field.,"Open reports/draft_20.txt. Change its content so that it reads approved_20, and leave everything else untouched.",Auditor-A,agree,SIM-B,接受审校结论,reports/draft_20.txt,content,approved_20,"[""unrelated fields"",""unrelated objects""]",1,这一项只是自然语言改写，目标、字段、值和副作用约束均未变化。（reports/draft_20.txt.content）,1,1,ea282aae45e320bd604d71b4396b16b97732551fbe58d2f5bb581e59fd686c32,author_attested_human_review_in_ai_generated_template
pc_v4_21_p1,pc_v4_21,web_form,pronoun_coreference,Set r21's name to Alice_21; preserve every unrelated object and field.,"Open r21. Change its name so that it reads Alice_21, and leave everything else untouched.",Auditor-A,agree,SIM-B,接受审校结论,r21,name,Alice_21,"[""unrelated fields"",""unrelated objects""]",1,指代清楚，“everything else untouched”也保住了全局约束，没有语义偏移，接受通过。（r21.name）,1,1,ea282aae45e320bd604d71b4396b16b97732551fbe58d2f5bb581e59fd686c32,author_attested_human_review_in_ai_generated_template
pc_v4_22_p1,pc_v4_22,table,pronoun_coreference,Set row22's score to 82; preserve every unrelated object and field.,"Open row22. Change its score so that it reads 82, and leave everything else untouched.",Auditor-A,agree,SIM-B,接受审校结论,row22,score,82,"[""unrelated fields"",""unrelated objects""]",1,代词解析唯一，且其余状态不变的要求完整保留，可判为语义保持。（row22.score）,1,1,ea282aae45e320bd604d71b4396b16b97732551fbe58d2f5bb581e59fd686c32,author_attested_human_review_in_ai_generated_template
pc_v4_23_p1,pc_v4_23,workflow_micro,pronoun_coreference,Set step23's note to checked_23; preserve every unrelated object and field.,"Open step23. Change its note so that it reads checked_23, and leave everything else untouched.",Auditor-A,agree,SIM-B,接受审校结论,step23,note,checked_23,"[""unrelated fields"",""unrelated objects""]",1,指代链明确，未发现保护范围缩小或目标漂移，接受通过。（step23.note）,1,1,ea282aae45e320bd604d71b4396b16b97732551fbe58d2f5bb581e59fd686c32,author_attested_human_review_in_ai_generated_template
pc_v4_24_p1,pc_v4_24,file,pronoun_coreference,Set reports/draft_24.txt's content to approved_24; preserve every unrelated object and field.,"Open reports/draft_24.txt. Change its content so that it reads approved_24, and leave everything else untouched.",Auditor-A,agree,SIM-B,接受审校结论,reports/draft_24.txt,content,approved_24,"[""unrelated fields"",""unrelated objects""]",1,没有歧义，也没有新增条件；执行结果与原句相同，接受审校。（reports/draft_24.txt.content）,1,1,ea282aae45e320bd604d71b4396b16b97732551fbe58d2f5bb581e59fd686c32,author_attested_human_review_in_ai_generated_template
pc_v4_25_p1,pc_v4_25,web_form,pronoun_coreference,Set r25's status to approved; preserve every unrelated object and field.,"Open r25. Change its status so that it reads approved, and leave everything else untouched.",Auditor-A,agree,SIM-B,接受审校结论,r25,status,approved,"[""unrelated fields"",""unrelated objects""]",1,这一项只是自然语言改写，目标、字段、值和副作用约束均未变化。（r25.status）,1,1,ea282aae45e320bd604d71b4396b16b97732551fbe58d2f5bb581e59fd686c32,author_attested_human_review_in_ai_generated_template
pc_v4_26_p1,pc_v4_26,table,pronoun_coreference,Set row26's score to 86; preserve every unrelated object and field.,"Open row26. Change its score so that it reads 86, and leave everything else untouched.",Auditor-A,agree,SIM-B,接受审校结论,row26,score,86,"[""unrelated fields"",""unrelated objects""]",1,its 指向刚刚打开的唯一对象，目标和保护范围都一致，同意 AI 结论。（row26.score）,1,1,ea282aae45e320bd604d71b4396b16b97732551fbe58d2f5bb581e59fd686c32,author_attested_human_review_in_ai_generated_template
pc_v4_27_p1,pc_v4_27,workflow_micro,pronoun_coreference,Set step27's note to checked_27; preserve every unrelated object and field.,"Open step27. Change its note so that it reads checked_27, and leave everything else untouched.",Auditor-A,agree,SIM-B,接受审校结论,step27,note,checked_27,"[""unrelated fields"",""unrelated objects""]",1,代词解析唯一，且其余状态不变的要求完整保留，可判为语义保持。（step27.note）,1,1,ea282aae45e320bd604d71b4396b16b97732551fbe58d2f5bb581e59fd686c32,author_attested_human_review_in_ai_generated_template
pc_v4_28_p1,pc_v4_28,file,pronoun_coreference,Set reports/draft_28.txt's content to approved_28; preserve every unrelated object and field.,"Open reports/draft_28.txt. Change its content so that it reads approved_28, and leave everything else untouched.",Auditor-A,agree,SIM-B,接受审校结论,reports/draft_28.txt,content,approved_28,"[""unrelated fields"",""unrelated objects""]",1,指代清楚，“everything else untouched”也保住了全局约束，没有语义偏移，接受通过。（reports/draft_28.txt.content）,1,1,ea282aae45e320bd604d71b4396b16b97732551fbe58d2f5bb581e59fd686c32,author_attested_human_review_in_ai_generated_template
pc_v4_29_p1,pc_v4_29,web_form,pronoun_coreference,Set r29's status to approved; preserve every unrelated object and field.,"Open r29. Change its status so that it reads approved, and leave everything else untouched.",Auditor-A,agree,SIM-B,接受审校结论,r29,status,approved,"[""unrelated fields"",""unrelated objects""]",1,没有歧义，也没有新增条件；执行结果与原句相同，接受审校。（r29.status）,1,1,ea282aae45e320bd604d71b4396b16b97732551fbe58d2f5bb581e59fd686c32,author_attested_human_review_in_ai_generated_template
pc_v4_30_p1,pc_v4_30,table,pronoun_coreference,Set row30's score to 80; preserve every unrelated object and field.,"Open row30. Change its score so that it reads 80, and leave everything else untouched.",Auditor-A,agree,SIM-B,接受审校结论,row30,score,80,"[""unrelated fields"",""unrelated objects""]",1,指代链明确，未发现保护范围缩小或目标漂移，接受通过。（row30.score）,1,1,ea282aae45e320bd604d71b4396b16b97732551fbe58d2f5bb581e59fd686c32,author_attested_human_review_in_ai_generated_template
pc_v4_31_p1,pc_v4_31,workflow_micro,pronoun_coreference,Set step31's note to checked_31; preserve every unrelated object and field.,"Open step31. Change its note so that it reads checked_31, and leave everything else untouched.",Auditor-A,agree,SIM-B,接受审校结论,step31,note,checked_31,"[""unrelated fields"",""unrelated objects""]",1,its 指向刚刚打开的唯一对象，目标和保护范围都一致，同意 AI 结论。（step31.note）,1,1,ea282aae45e320bd604d71b4396b16b97732551fbe58d2f5bb581e59fd686c32,author_attested_human_review_in_ai_generated_template
pc_v4_32_p1,pc_v4_32,file,pronoun_coreference,Set reports/draft_32.txt's content to approved_32; preserve every unrelated object and field.,"Open reports/draft_32.txt. Change its content so that it reads approved_32, and leave everything else untouched.",Auditor-A,agree,SIM-B,接受审校结论,reports/draft_32.txt,content,approved_32,"[""unrelated fields"",""unrelated objects""]",1,这一项只是自然语言改写，目标、字段、值和副作用约束均未变化。（reports/draft_32.txt.content）,1,1,ea282aae45e320bd604d71b4396b16b97732551fbe58d2f5bb581e59fd686c32,author_attested_human_review_in_ai_generated_template
pc_v4_33_p1,pc_v4_33,web_form,pronoun_coreference,Set r33's name to Alice_33; preserve every unrelated object and field.,"Open r33. Change its name so that it reads Alice_33, and leave everything else untouched.",Auditor-A,agree,SIM-B,接受审校结论,r33,name,Alice_33,"[""unrelated fields"",""unrelated objects""]",1,指代清楚，“everything else untouched”也保住了全局约束，没有语义偏移，接受通过。（r33.name）,1,1,ea282aae45e320bd604d71b4396b16b97732551fbe58d2f5bb581e59fd686c32,author_attested_human_review_in_ai_generated_template
pc_v4_34_p1,pc_v4_34,table,pronoun_coreference,Set row34's score to 84; preserve every unrelated object and field.,"Open row34. Change its score so that it reads 84, and leave everything else untouched.",Auditor-A,agree,SIM-B,接受审校结论,row34,score,84,"[""unrelated fields"",""unrelated objects""]",1,代词解析唯一，且其余状态不变的要求完整保留，可判为语义保持。（row34.score）,1,1,ea282aae45e320bd604d71b4396b16b97732551fbe58d2f5bb581e59fd686c32,author_attested_human_review_in_ai_generated_template
pc_v4_35_p1,pc_v4_35,workflow_micro,pronoun_coreference,Set step35's note to checked_35; preserve every unrelated object and field.,"Open step35. Change its note so that it reads checked_35, and leave everything else untouched.",Auditor-A,agree,SIM-B,接受审校结论,step35,note,checked_35,"[""unrelated fields"",""unrelated objects""]",1,指代链明确，未发现保护范围缩小或目标漂移，接受通过。（step35.note）,1,1,ea282aae45e320bd604d71b4396b16b97732551fbe58d2f5bb581e59fd686c32,author_attested_human_review_in_ai_generated_template
pc_v4_36_p1,pc_v4_36,file,pronoun_coreference,Set reports/draft_36.txt's content to approved_36; preserve every unrelated object and field.,"Open reports/draft_36.txt. Change its content so that it reads approved_36, and leave everything else untouched.",Auditor-A,agree,SIM-B,接受审校结论,reports/draft_36.txt,content,approved_36,"[""unrelated fields"",""unrelated objects""]",1,没有歧义，也没有新增条件；执行结果与原句相同，接受审校。（reports/draft_36.txt.content）,1,1,ea282aae45e320bd604d71b4396b16b97732551fbe58d2f5bb581e59fd686c32,author_attested_human_review_in_ai_generated_template
pc_v4_37_p1,pc_v4_37,web_form,pronoun_coreference,Set r37's status to approved; preserve every unrelated object and field.,"Open r37. Change its status so that it reads approved, and leave everything else untouched.",Auditor-A,agree,SIM-B,接受审校结论,r37,status,approved,"[""unrelated fields"",""unrelated objects""]",1,这一项只是自然语言改写，目标、字段、值和副作用约束均未变化。（r37.status）,1,1,ea282aae45e320bd604d71b4396b16b97732551fbe58d2f5bb581e59fd686c32,author_attested_human_review_in_ai_generated_template
pc_v4_38_p1,pc_v4_38,table,pronoun_coreference,Set row38's score to 88; preserve every unrelated object and field.,"Open row38. Change its score so that it reads 88, and leave everything else untouched.",Auditor-A,agree,SIM-B,接受审校结论,row38,score,88,"[""unrelated fields"",""unrelated objects""]",1,its 指向刚刚打开的唯一对象，目标和保护范围都一致，同意 AI 结论。（row38.score）,1,1,ea282aae45e320bd604d71b4396b16b97732551fbe58d2f5bb581e59fd686c32,author_attested_human_review_in_ai_generated_template
pc_v4_39_p1,pc_v4_39,workflow_micro,pronoun_coreference,Set step39's note to checked_39; preserve every unrelated object and field.,"Open step39. Change its note so that it reads checked_39, and leave everything else untouched.",Auditor-A,agree,SIM-B,接受审校结论,step39,note,checked_39,"[""unrelated fields"",""unrelated objects""]",1,代词解析唯一，且其余状态不变的要求完整保留，可判为语义保持。（step39.note）,1,1,ea282aae45e320bd604d71b4396b16b97732551fbe58d2f5bb581e59fd686c32,author_attested_human_review_in_ai_generated_template
pc_v4_40_p1,pc_v4_40,file,pronoun_coreference,Set reports/draft_40.txt's content to approved_40; preserve every unrelated object and field.,"Open reports/draft_40.txt. Change its content so that it reads approved_40, and leave everything else untouched.",Auditor-B,agree,SIM-B,接受审校结论,reports/draft_40.txt,content,approved_40,"[""unrelated fields"",""unrelated objects""]",1,指代清楚，“everything else untouched”也保住了全局约束，没有语义偏移，接受通过。（reports/draft_40.txt.content）,1,1,ea282aae45e320bd604d71b4396b16b97732551fbe58d2f5bb581e59fd686c32,author_attested_human_review_in_ai_generated_template
pc_v4_41_p1,pc_v4_41,web_form,pronoun_coreference,Set r41's status to approved; preserve every unrelated object and field.,"Open r41. Change its status so that it reads approved, and leave everything else untouched.",Auditor-B,agree,SIM-B,接受审校结论,r41,status,approved,"[""unrelated fields"",""unrelated objects""]",1,没有歧义，也没有新增条件；执行结果与原句相同，接受审校。（r41.status）,1,1,ea282aae45e320bd604d71b4396b16b97732551fbe58d2f5bb581e59fd686c32,author_attested_human_review_in_ai_generated_template
pc_v4_42_p1,pc_v4_42,table,pronoun_coreference,Set row42's score to 82; preserve every unrelated object and field.,"Open row42. Change its score so that it reads 82, and leave everything else untouched.",Auditor-B,agree,SIM-B,接受审校结论,row42,score,82,"[""unrelated fields"",""unrelated objects""]",1,指代链明确，未发现保护范围缩小或目标漂移，接受通过。（row42.score）,1,1,ea282aae45e320bd604d71b4396b16b97732551fbe58d2f5bb581e59fd686c32,author_attested_human_review_in_ai_generated_template
pc_v4_43_p1,pc_v4_43,workflow_micro,pronoun_coreference,Set step43's note to checked_43; preserve every unrelated object and field.,"Open step43. Change its note so that it reads checked_43, and leave everything else untouched.",Auditor-B,agree,SIM-B,接受审校结论,step43,note,checked_43,"[""unrelated fields"",""unrelated objects""]",1,its 指向刚刚打开的唯一对象，目标和保护范围都一致，同意 AI 结论。（step43.note）,1,1,ea282aae45e320bd604d71b4396b16b97732551fbe58d2f5bb581e59fd686c32,author_attested_human_review_in_ai_generated_template
pc_v4_44_p1,pc_v4_44,file,pronoun_coreference,Set reports/draft_44.txt's content to approved_44; preserve every unrelated object and field.,"Open reports/draft_44.txt. Change its content so that it reads approved_44, and leave everything else untouched.",Auditor-B,agree,SIM-B,接受审校结论,reports/draft_44.txt,content,approved_44,"[""unrelated fields"",""unrelated objects""]",1,这一项只是自然语言改写，目标、字段、值和副作用约束均未变化。（reports/draft_44.txt.content）,1,1,ea282aae45e320bd604d71b4396b16b97732551fbe58d2f5bb581e59fd686c32,author_attested_human_review_in_ai_generated_template
pc_v4_45_p1,pc_v4_45,web_form,pronoun_coreference,Set r45's name to Alice_45; preserve every unrelated object and field.,"Open r45. Change its name so that it reads Alice_45, and leave everything else untouched.",Auditor-B,agree,SIM-B,接受审校结论,r45,name,Alice_45,"[""unrelated fields"",""unrelated objects""]",1,指代清楚，“everything else untouched”也保住了全局约束，没有语义偏移，接受通过。（r45.name）,1,1,ea282aae45e320bd604d71b4396b16b97732551fbe58d2f5bb581e59fd686c32,author_attested_human_review_in_ai_generated_template
pc_v4_46_p1,pc_v4_46,table,pronoun_coreference,Set row46's score to 86; preserve every unrelated object and field.,"Open row46. Change its score so that it reads 86, and leave everything else untouched.",Auditor-B,agree,SIM-B,接受审校结论,row46,score,86,"[""unrelated fields"",""unrelated objects""]",1,代词解析唯一，且其余状态不变的要求完整保留，可判为语义保持。（row46.score）,1,1,ea282aae45e320bd604d71b4396b16b97732551fbe58d2f5bb581e59fd686c32,author_attested_human_review_in_ai_generated_template
pc_v4_47_p1,pc_v4_47,workflow_micro,pronoun_coreference,Set step47's note to checked_47; preserve every unrelated object and field.,"Open step47. Change its note so that it reads checked_47, and leave everything else untouched.",Auditor-B,agree,SIM-B,接受审校结论,step47,note,checked_47,"[""unrelated fields"",""unrelated objects""]",1,指代链明确，未发现保护范围缩小或目标漂移，接受通过。（step47.note）,1,1,ea282aae45e320bd604d71b4396b16b97732551fbe58d2f5bb581e59fd686c32,author_attested_human_review_in_ai_generated_template
pc_v4_48_p1,pc_v4_48,file,pronoun_coreference,Set reports/draft_48.txt's content to approved_48; preserve every unrelated object and field.,"Open reports/draft_48.txt. Change its content so that it reads approved_48, and leave everything else untouched.",Auditor-B,agree,SIM-B,接受审校结论,reports/draft_48.txt,content,approved_48,"[""unrelated fields"",""unrelated objects""]",1,没有歧义，也没有新增条件；执行结果与原句相同，接受审校。（reports/draft_48.txt.content）,1,1,ea282aae45e320bd604d71b4396b16b97732551fbe58d2f5bb581e59fd686c32,author_attested_human_review_in_ai_generated_template
pc_v4_49_p1,pc_v4_49,web_form,pronoun_coreference,Set r49's status to approved; preserve every unrelated object and field.,"Open r49. Change its status so that it reads approved, and leave everything else untouched.",Auditor-B,agree,SIM-B,接受审校结论,r49,status,approved,"[""unrelated fields"",""unrelated objects""]",1,这一项只是自然语言改写，目标、字段、值和副作用约束均未变化。（r49.status）,1,1,ea282aae45e320bd604d71b4396b16b97732551fbe58d2f5bb581e59fd686c32,author_attested_human_review_in_ai_generated_template
pc_v4_50_p1,pc_v4_50,table,pronoun_coreference,Set row50's score to 80; preserve every unrelated object and field.,"Open row50. Change its score so that it reads 80, and leave everything else untouched.",Auditor-B,agree,SIM-B,接受审校结论,row50,score,80,"[""unrelated fields"",""unrelated objects""]",1,its 指向刚刚打开的唯一对象，目标和保护范围都一致，同意 AI 结论。（row50.score）,1,1,ea282aae45e320bd604d71b4396b16b97732551fbe58d2f5bb581e59fd686c32,author_attested_human_review_in_ai_generated_template
pc_v4_51_p1,pc_v4_51,workflow_micro,pronoun_coreference,Set step51's note to checked_51; preserve every unrelated object and field.,"Open step51. Change its note so that it reads checked_51, and leave everything else untouched.",Auditor-B,agree,SIM-B,接受审校结论,step51,note,checked_51,"[""unrelated fields"",""unrelated objects""]",1,代词解析唯一，且其余状态不变的要求完整保留，可判为语义保持。（step51.note）,1,1,ea282aae45e320bd604d71b4396b16b97732551fbe58d2f5bb581e59fd686c32,author_attested_human_review_in_ai_generated_template
pc_v4_52_p1,pc_v4_52,file,pronoun_coreference,Set reports/draft_52.txt's content to approved_52; preserve every unrelated object and field.,"Open reports/draft_52.txt. Change its content so that it reads approved_52, and leave everything else untouched.",Auditor-B,agree,SIM-B,接受审校结论,reports/draft_52.txt,content,approved_52,"[""unrelated fields"",""unrelated objects""]",1,指代清楚，“everything else untouched”也保住了全局约束，没有语义偏移，接受通过。（reports/draft_52.txt.content）,1,1,ea282aae45e320bd604d71b4396b16b97732551fbe58d2f5bb581e59fd686c32,author_attested_human_review_in_ai_generated_template
pc_v4_53_p1,pc_v4_53,web_form,pronoun_coreference,Set r53's status to approved; preserve every unrelated object and field.,"Open r53. Change its status so that it reads approved, and leave everything else untouched.",Auditor-B,agree,SIM-B,接受审校结论,r53,status,approved,"[""unrelated fields"",""unrelated objects""]",1,没有歧义，也没有新增条件；执行结果与原句相同，接受审校。（r53.status）,1,1,ea282aae45e320bd604d71b4396b16b97732551fbe58d2f5bb581e59fd686c32,author_attested_human_review_in_ai_generated_template
pc_v4_54_p1,pc_v4_54,table,pronoun_coreference,Set row54's score to 84; preserve every unrelated object and field.,"Open row54. Change its score so that it reads 84, and leave everything else untouched.",Auditor-B,agree,SIM-B,接受审校结论,row54,score,84,"[""unrelated fields"",""unrelated objects""]",1,指代链明确，未发现保护范围缩小或目标漂移，接受通过。（row54.score）,1,1,ea282aae45e320bd604d71b4396b16b97732551fbe58d2f5bb581e59fd686c32,author_attested_human_review_in_ai_generated_template
pc_v4_55_p1,pc_v4_55,workflow_micro,pronoun_coreference,Set step55's note to checked_55; preserve every unrelated object and field.,"Open step55. Change its note so that it reads checked_55, and leave everything else untouched.",Auditor-B,agree,SIM-B,接受审校结论,step55,note,checked_55,"[""unrelated fields"",""unrelated objects""]",1,its 指向刚刚打开的唯一对象，目标和保护范围都一致，同意 AI 结论。（step55.note）,1,1,ea282aae45e320bd604d71b4396b16b97732551fbe58d2f5bb581e59fd686c32,author_attested_human_review_in_ai_generated_template
pc_v4_56_p1,pc_v4_56,file,pronoun_coreference,Set reports/draft_56.txt's content to approved_56; preserve every unrelated object and field.,"Open reports/draft_56.txt. Change its content so that it reads approved_56, and leave everything else untouched.",Auditor-B,agree,SIM-B,接受审校结论,reports/draft_56.txt,content,approved_56,"[""unrelated fields"",""unrelated objects""]",1,这一项只是自然语言改写，目标、字段、值和副作用约束均未变化。（reports/draft_56.txt.content）,1,1,ea282aae45e320bd604d71b4396b16b97732551fbe58d2f5bb581e59fd686c32,author_attested_human_review_in_ai_generated_template
pc_v4_57_p1,pc_v4_57,web_form,pronoun_coreference,Set r57's name to Alice_57; preserve every unrelated object and field.,"Open r57. Change its name so that it reads Alice_57, and leave everything else untouched.",Auditor-B,agree,SIM-B,接受审校结论,r57,name,Alice_57,"[""unrelated fields"",""unrelated objects""]",1,指代清楚，“everything else untouched”也保住了全局约束，没有语义偏移，接受通过。（r57.name）,1,1,ea282aae45e320bd604d71b4396b16b97732551fbe58d2f5bb581e59fd686c32,author_attested_human_review_in_ai_generated_template
pc_v4_58_p1,pc_v4_58,table,pronoun_coreference,Set row58's score to 88; preserve every unrelated object and field.,"Open row58. Change its score so that it reads 88, and leave everything else untouched.",Auditor-B,agree,SIM-B,接受审校结论,row58,score,88,"[""unrelated fields"",""unrelated objects""]",1,代词解析唯一，且其余状态不变的要求完整保留，可判为语义保持。（row58.score）,1,1,ea282aae45e320bd604d71b4396b16b97732551fbe58d2f5bb581e59fd686c32,author_attested_human_review_in_ai_generated_template
pc_v4_59_p1,pc_v4_59,workflow_micro,pronoun_coreference,Set step59's note to checked_59; preserve every unrelated object and field.,"Open step59. Change its note so that it reads checked_59, and leave everything else untouched.",Auditor-B,agree,SIM-B,接受审校结论,step59,note,checked_59,"[""unrelated fields"",""unrelated objects""]",1,指代链明确，未发现保护范围缩小或目标漂移，接受通过。（step59.note）,1,1,ea282aae45e320bd604d71b4396b16b97732551fbe58d2f5bb581e59fd686c32,author_attested_human_review_in_ai_generated_template
pc_v4_60_p1,pc_v4_60,file,pronoun_coreference,Set reports/draft_60.txt's content to approved_60; preserve every unrelated object and field.,"Open reports/draft_60.txt. Change its content so that it reads approved_60, and leave everything else untouched.",Auditor-B,agree,SIM-B,接受审校结论,reports/draft_60.txt,content,approved_60,"[""unrelated fields"",""unrelated objects""]",1,没有歧义，也没有新增条件；执行结果与原句相同，接受审校。（reports/draft_60.txt.content）,1,1,ea282aae45e320bd604d71b4396b16b97732551fbe58d2f5bb581e59fd686c32,author_attested_human_review_in_ai_generated_template
pc_v4_61_p1,pc_v4_61,web_form,pronoun_coreference,Set r61's status to approved; preserve every unrelated object and field.,"Open r61. Change its status so that it reads approved, and leave everything else untouched.",Auditor-B,agree,SIM-B,接受审校结论,r61,status,approved,"[""unrelated fields"",""unrelated objects""]",1,这一项只是自然语言改写，目标、字段、值和副作用约束均未变化。（r61.status）,1,1,ea282aae45e320bd604d71b4396b16b97732551fbe58d2f5bb581e59fd686c32,author_attested_human_review_in_ai_generated_template
pc_v4_62_p1,pc_v4_62,table,pronoun_coreference,Set row62's score to 82; preserve every unrelated object and field.,"Open row62. Change its score so that it reads 82, and leave everything else untouched.",Auditor-B,agree,SIM-B,接受审校结论,row62,score,82,"[""unrelated fields"",""unrelated objects""]",1,its 指向刚刚打开的唯一对象，目标和保护范围都一致，同意 AI 结论。（row62.score）,1,1,ea282aae45e320bd604d71b4396b16b97732551fbe58d2f5bb581e59fd686c32,author_attested_human_review_in_ai_generated_template
pc_v4_63_p1,pc_v4_63,workflow_micro,pronoun_coreference,Set step63's note to checked_63; preserve every unrelated object and field.,"Open step63. Change its note so that it reads checked_63, and leave everything else untouched.",Auditor-B,agree,SIM-B,接受审校结论,step63,note,checked_63,"[""unrelated fields"",""unrelated objects""]",1,代词解析唯一，且其余状态不变的要求完整保留，可判为语义保持。（step63.note）,1,1,ea282aae45e320bd604d71b4396b16b97732551fbe58d2f5bb581e59fd686c32,author_attested_human_review_in_ai_generated_template
pc_v4_64_p1,pc_v4_64,file,pronoun_coreference,Set reports/draft_64.txt's content to approved_64; preserve every unrelated object and field.,"Open reports/draft_64.txt. Change its content so that it reads approved_64, and leave everything else untouched.",Auditor-B,agree,SIM-B,接受审校结论,reports/draft_64.txt,content,approved_64,"[""unrelated fields"",""unrelated objects""]",1,指代清楚，“everything else untouched”也保住了全局约束，没有语义偏移，接受通过。（reports/draft_64.txt.content）,1,1,ea282aae45e320bd604d71b4396b16b97732551fbe58d2f5bb581e59fd686c32,author_attested_human_review_in_ai_generated_template
pc_v4_65_p1,pc_v4_65,web_form,pronoun_coreference,Set r65's status to approved; preserve every unrelated object and field.,"Open r65. Change its status so that it reads approved, and leave everything else untouched.",Auditor-B,agree,SIM-B,接受审校结论,r65,status,approved,"[""unrelated fields"",""unrelated objects""]",1,没有歧义，也没有新增条件；执行结果与原句相同，接受审校。（r65.status）,1,1,ea282aae45e320bd604d71b4396b16b97732551fbe58d2f5bb581e59fd686c32,author_attested_human_review_in_ai_generated_template
pc_v4_66_p1,pc_v4_66,table,pronoun_coreference,Set row66's score to 86; preserve every unrelated object and field.,"Open row66. Change its score so that it reads 86, and leave everything else untouched.",Auditor-B,agree,SIM-B,接受审校结论,row66,score,86,"[""unrelated fields"",""unrelated objects""]",1,指代链明确，未发现保护范围缩小或目标漂移，接受通过。（row66.score）,1,1,ea282aae45e320bd604d71b4396b16b97732551fbe58d2f5bb581e59fd686c32,author_attested_human_review_in_ai_generated_template
pc_v4_67_p1,pc_v4_67,workflow_micro,pronoun_coreference,Set step67's note to checked_67; preserve every unrelated object and field.,"Open step67. Change its note so that it reads checked_67, and leave everything else untouched.",Auditor-B,agree,SIM-B,接受审校结论,step67,note,checked_67,"[""unrelated fields"",""unrelated objects""]",1,its 指向刚刚打开的唯一对象，目标和保护范围都一致，同意 AI 结论。（step67.note）,1,1,ea282aae45e320bd604d71b4396b16b97732551fbe58d2f5bb581e59fd686c32,author_attested_human_review_in_ai_generated_template
pc_v4_68_p1,pc_v4_68,file,pronoun_coreference,Set reports/draft_68.txt's content to approved_68; preserve every unrelated object and field.,"Open reports/draft_68.txt. Change its content so that it reads approved_68, and leave everything else untouched.",Auditor-B,agree,SIM-B,接受审校结论,reports/draft_68.txt,content,approved_68,"[""unrelated fields"",""unrelated objects""]",1,这一项只是自然语言改写，目标、字段、值和副作用约束均未变化。（reports/draft_68.txt.content）,1,1,ea282aae45e320bd604d71b4396b16b97732551fbe58d2f5bb581e59fd686c32,author_attested_human_review_in_ai_generated_template
pc_v4_69_p1,pc_v4_69,web_form,pronoun_coreference,Set r69's name to Alice_69; preserve every unrelated object and field.,"Open r69. Change its name so that it reads Alice_69, and leave everything else untouched.",Auditor-B,agree,SIM-B,接受审校结论,r69,name,Alice_69,"[""unrelated fields"",""unrelated objects""]",1,指代清楚，“everything else untouched”也保住了全局约束，没有语义偏移，接受通过。（r69.name）,1,1,ea282aae45e320bd604d71b4396b16b97732551fbe58d2f5bb581e59fd686c32,author_attested_human_review_in_ai_generated_template
pc_v4_70_p1,pc_v4_70,table,pronoun_coreference,Set row70's score to 80; preserve every unrelated object and field.,"Open row70. Change its score so that it reads 80, and leave everything else untouched.",Auditor-B,agree,SIM-B,接受审校结论,row70,score,80,"[""unrelated fields"",""unrelated objects""]",1,代词解析唯一，且其余状态不变的要求完整保留，可判为语义保持。（row70.score）,1,1,ea282aae45e320bd604d71b4396b16b97732551fbe58d2f5bb581e59fd686c32,author_attested_human_review_in_ai_generated_template
pc_v4_71_p1,pc_v4_71,workflow_micro,pronoun_coreference,Set step71's note to checked_71; preserve every unrelated object and field.,"Open step71. Change its note so that it reads checked_71, and leave everything else untouched.",Auditor-B,agree,SIM-B,接受审校结论,step71,note,checked_71,"[""unrelated fields"",""unrelated objects""]",1,指代链明确，未发现保护范围缩小或目标漂移，接受通过。（step71.note）,1,1,ea282aae45e320bd604d71b4396b16b97732551fbe58d2f5bb581e59fd686c32,author_attested_human_review_in_ai_generated_template
pc_v4_72_p1,pc_v4_72,file,pronoun_coreference,Set reports/draft_72.txt's content to approved_72; preserve every unrelated object and field.,"Open reports/draft_72.txt. Change its content so that it reads approved_72, and leave everything else untouched.",Auditor-B,agree,SIM-B,接受审校结论,reports/draft_72.txt,content,approved_72,"[""unrelated fields"",""unrelated objects""]",1,没有歧义，也没有新增条件；执行结果与原句相同，接受审校。（reports/draft_72.txt.content）,1,1,ea282aae45e320bd604d71b4396b16b97732551fbe58d2f5bb581e59fd686c32,author_attested_human_review_in_ai_generated_template
pc_v4_73_p1,pc_v4_73,web_form,pronoun_coreference,Set r73's status to approved; preserve every unrelated object and field.,"Open r73. Change its status so that it reads approved, and leave everything else untouched.",Auditor-B,agree,SIM-B,接受审校结论,r73,status,approved,"[""unrelated fields"",""unrelated objects""]",1,这一项只是自然语言改写，目标、字段、值和副作用约束均未变化。（r73.status）,1,1,ea282aae45e320bd604d71b4396b16b97732551fbe58d2f5bb581e59fd686c32,author_attested_human_review_in_ai_generated_template
pc_v4_74_p1,pc_v4_74,table,pronoun_coreference,Set row74's score to 84; preserve every unrelated object and field.,"Open row74. Change its score so that it reads 84, and leave everything else untouched.",Auditor-B,agree,SIM-B,接受审校结论,row74,score,84,"[""unrelated fields"",""unrelated objects""]",1,its 指向刚刚打开的唯一对象，目标和保护范围都一致，同意 AI 结论。（row74.score）,1,1,ea282aae45e320bd604d71b4396b16b97732551fbe58d2f5bb581e59fd686c32,author_attested_human_review_in_ai_generated_template
pc_v4_75_p1,pc_v4_75,workflow_micro,pronoun_coreference,Set step75's note to checked_75; preserve every unrelated object and field.,"Open step75. Change its note so that it reads checked_75, and leave everything else untouched.",Auditor-B,agree,SIM-B,接受审校结论,step75,note,checked_75,"[""unrelated fields"",""unrelated objects""]",1,代词解析唯一，且其余状态不变的要求完整保留，可判为语义保持。（step75.note）,1,1,ea282aae45e320bd604d71b4396b16b97732551fbe58d2f5bb581e59fd686c32,author_attested_human_review_in_ai_generated_template
pc_v4_76_p1,pc_v4_76,file,pronoun_coreference,Set reports/draft_76.txt's content to approved_76; preserve every unrelated object and field.,"Open reports/draft_76.txt. Change its content so that it reads approved_76, and leave everything else untouched.",Auditor-B,agree,SIM-B,接受审校结论,reports/draft_76.txt,content,approved_76,"[""unrelated fields"",""unrelated objects""]",1,指代清楚，“everything else untouched”也保住了全局约束，没有语义偏移，接受通过。（reports/draft_76.txt.content）,1,1,ea282aae45e320bd604d71b4396b16b97732551fbe58d2f5bb581e59fd686c32,author_attested_human_review_in_ai_generated_template
pc_v4_77_p1,pc_v4_77,web_form,pronoun_coreference,Set r77's status to approved; preserve every unrelated object and field.,"Open r77. Change its status so that it reads approved, and leave everything else untouched.",Auditor-B,agree,SIM-B,接受审校结论,r77,status,approved,"[""unrelated fields"",""unrelated objects""]",1,没有歧义，也没有新增条件；执行结果与原句相同，接受审校。（r77.status）,1,1,ea282aae45e320bd604d71b4396b16b97732551fbe58d2f5bb581e59fd686c32,author_attested_human_review_in_ai_generated_template
pc_v4_78_p1,pc_v4_78,table,pronoun_coreference,Set row78's score to 88; preserve every unrelated object and field.,"Open row78. Change its score so that it reads 88, and leave everything else untouched.",Auditor-B,agree,SIM-B,接受审校结论,row78,score,88,"[""unrelated fields"",""unrelated objects""]",1,指代链明确，未发现保护范围缩小或目标漂移，接受通过。（row78.score）,1,1,ea282aae45e320bd604d71b4396b16b97732551fbe58d2f5bb581e59fd686c32,author_attested_human_review_in_ai_generated_template
pc_v4_79_p1,pc_v4_79,workflow_micro,pronoun_coreference,Set step79's note to checked_79; preserve every unrelated object and field.,"Open step79. Change its note so that it reads checked_79, and leave everything else untouched.",Auditor-B,agree,SIM-B,接受审校结论,step79,note,checked_79,"[""unrelated fields"",""unrelated objects""]",1,its 指向刚刚打开的唯一对象，目标和保护范围都一致，同意 AI 结论。（step79.note）,1,1,ea282aae45e320bd604d71b4396b16b97732551fbe58d2f5bb581e59fd686c32,author_attested_human_review_in_ai_generated_template
