paraphrase_id,task_id,domain,model_alias,model_identifier,thinking_mode,linguistic_phenomenon,instruction,generated_postcondition_json,raw_response,raw_response_hash,invalid_attempts,endpoint_error,token_cost,object_accuracy,field_accuracy,constraint_accuracy,forbidden_side_effect_recall,constraint_strictness_error,pc_error_type,expected_forbidden_effects_json
pc_v4_00_p1,pc_v4_00,file,Model-A,deepseek-v4-flash,disabled,pronoun_coreference,"Open reports/draft_0.txt. Change its content so that it reads approved_0, and leave everything else untouched.","{""domain"": ""file"", ""expected_state"": ""approved_0"", ""forbidden_side_effects"": [""modify other files"", ""change permissions"", ""create files"", ""delete files""], ""target_field"": ""content"", ""target_object"": ""reports/draft_0.txt""}","{
  ""domain"": ""file"",
  ""target_object"": ""reports/draft_0.txt"",
  ""target_field"": ""content"",
  ""expected_state"": ""approved_0"",
  ""forbidden_side_effects"": [""modify other files"", ""change permissions"", ""create files"", ""delete files""]
}",b5c1c05927c7,0,,171,1.0,1.0,1.0,0.0,0.0,missing_forbidden_effect,"[""unrelated objects"", ""unrelated fields""]"
pc_v4_00_p2,pc_v4_00,file,Model-A,deepseek-v4-flash,disabled,conditional_negative_constraint,"If reports/draft_0.txt is present, set content to approved_0. Do not alter any other object or field.","{""domain"": ""file"", ""expected_state"": ""approved_0"", ""forbidden_side_effects"": ""any other object or field"", ""target_field"": ""content"", ""target_object"": ""reports/draft_0.txt""}","{
  ""domain"": ""file"",
  ""target_object"": ""reports/draft_0.txt"",
  ""target_field"": ""content"",
  ""expected_state"": ""approved_0"",
  ""forbidden_side_effects"": ""any other object or field""
}",48546d8deb26,0,,161,1.0,1.0,1.0,1.0,0.0,none,"[""unrelated objects"", ""unrelated fields""]"
pc_v4_00_p3,pc_v4_00,file,Model-A,deepseek-v4-flash,disabled,ellipsis_multi_object_preservation,"For reports/draft_0.txt: content -> approved_0; reports/reference_00.txt and reports/archive_00.txt, unchanged.","{""domain"": ""file"", ""expected_state"": ""approved_0"", ""forbidden_side_effects"": [""reports/reference_00.txt"", ""reports/archive_00.txt""], ""target_field"": ""content"", ""target_object"": ""reports/draft_0.txt""}","{
  ""domain"": ""file"",
  ""target_object"": ""reports/draft_0.txt"",
  ""target_field"": ""content"",
  ""expected_state"": ""approved_0"",
  ""forbidden_side_effects"": [""reports/reference_00.txt"", ""reports/archive_00.txt""]
}",eda1af16a25e,0,,176,1.0,1.0,1.0,1.0,0.0,none,"[""reports/reference_00.txt"", ""reports/archive_00.txt""]"
pc_v4_01_p1,pc_v4_01,web_form,Model-A,deepseek-v4-flash,disabled,pronoun_coreference,"Open r01. Change its status so that it reads approved, and leave everything else untouched.","{""domain"": ""web_form"", ""expected_state"": ""approved"", ""forbidden_side_effects"": [""any other field change""], ""target_field"": ""status"", ""target_object"": ""r01""}","{
  ""domain"": ""web_form"",
  ""target_object"": ""r01"",
  ""target_field"": ""status"",
  ""expected_state"": ""approved"",
  ""forbidden_side_effects"": [""any other field change""]
}",daa3fbfc297a,0,,148,1.0,1.0,1.0,0.5,0.0,missing_forbidden_effect,"[""unrelated objects"", ""unrelated fields""]"
pc_v4_01_p2,pc_v4_01,web_form,Model-A,deepseek-v4-flash,disabled,conditional_negative_constraint,"If r01 is present, set status to approved. Do not alter any other object or field.","{""domain"": ""web_form"", ""expected_state"": ""approved"", ""forbidden_side_effects"": ""any other object or field"", ""target_field"": ""status"", ""target_object"": ""r01""}","{
  ""domain"": ""web_form"",
  ""target_object"": ""r01"",
  ""target_field"": ""status"",
  ""expected_state"": ""approved"",
  ""forbidden_side_effects"": ""any other object or field""
}",199a3ab5a8dc,0,,150,1.0,1.0,1.0,1.0,0.0,none,"[""unrelated objects"", ""unrelated fields""]"
pc_v4_01_p3,pc_v4_01,web_form,Model-A,deepseek-v4-flash,disabled,ellipsis_multi_object_preservation,"For r01: status -> approved; peer_record_01_a and peer_record_01_b, unchanged.","{""domain"": ""web_form"", ""expected_state"": ""approved"", ""forbidden_side_effects"": [""peer_record_01_a"", ""peer_record_01_b""], ""target_field"": ""status"", ""target_object"": ""r01""}","{
  ""domain"": ""web_form"",
  ""target_object"": ""r01"",
  ""target_field"": ""status"",
  ""expected_state"": ""approved"",
  ""forbidden_side_effects"": [""peer_record_01_a"", ""peer_record_01_b""]
}",1e7ea6b8290b,0,,159,1.0,1.0,1.0,1.0,0.0,none,"[""peer_record_01_a"", ""peer_record_01_b""]"
pc_v4_02_p1,pc_v4_02,table,Model-A,deepseek-v4-flash,disabled,pronoun_coreference,"Open row02. Change its score so that it reads 82, and leave everything else untouched.","{""domain"": ""table"", ""expected_state"": 82, ""forbidden_side_effects"": [""change any other field"", ""change any other row""], ""target_field"": ""score"", ""target_object"": ""row02""}","{
  ""domain"": ""table"",
  ""target_object"": ""row02"",
  ""target_field"": ""score"",
  ""expected_state"": 82,
  ""forbidden_side_effects"": [""change any other field"", ""change any other row""]
}",bc47eeb34408,0,,153,1.0,1.0,1.0,0.5,0.0,missing_forbidden_effect,"[""unrelated objects"", ""unrelated fields""]"
pc_v4_02_p2,pc_v4_02,table,Model-A,deepseek-v4-flash,disabled,conditional_negative_constraint,"If row02 is present, set score to 82. Do not alter any other object or field.","{""domain"": ""table"", ""expected_state"": 82, ""forbidden_side_effects"": ""any other object or field"", ""target_field"": ""score"", ""target_object"": ""row02""}","{
  ""domain"": ""table"",
  ""target_object"": ""row02"",
  ""target_field"": ""score"",
  ""expected_state"": 82,
  ""forbidden_side_effects"": ""any other object or field""
}",47186d9cd2cc,0,,149,1.0,1.0,1.0,1.0,0.0,none,"[""unrelated objects"", ""unrelated fields""]"
pc_v4_02_p3,pc_v4_02,table,Model-A,deepseek-v4-flash,disabled,ellipsis_multi_object_preservation,"For row02: score -> 82; peer_row_02_a and peer_row_02_b, unchanged.","{""domain"": ""table"", ""expected_state"": 82, ""forbidden_side_effects"": [""peer_row_02_a"", ""peer_row_02_b""], ""target_field"": ""score"", ""target_object"": ""row02""}","{
  ""domain"": ""table"",
  ""target_object"": ""row02"",
  ""target_field"": ""score"",
  ""expected_state"": 82,
  ""forbidden_side_effects"": [""peer_row_02_a"", ""peer_row_02_b""]
}",aafa280ac0cf,0,,158,1.0,1.0,1.0,1.0,0.0,none,"[""peer_row_02_a"", ""peer_row_02_b""]"
pc_v4_03_p1,pc_v4_03,workflow_micro,Model-A,deepseek-v4-flash,disabled,pronoun_coreference,"Open step03. Change its note so that it reads checked_3, and leave everything else untouched.","{""domain"": ""workflow_micro"", ""expected_state"": ""checked_3"", ""forbidden_side_effects"": [""step03.*"", ""step01.*"", ""step02.*"", ""step04.*"", ""step05.*""], ""target_field"": ""note"", ""target_object"": ""step03""}","{
  ""domain"": ""workflow_micro"",
  ""target_object"": ""step03"",
  ""target_field"": ""note"",
  ""expected_state"": ""checked_3"",
  ""forbidden_side_effects"": [""step03.*"", ""step01.*"", ""step02.*"", ""step04.*"", ""step05.*""]
}",ae2ff314371e,0,,175,1.0,1.0,1.0,0.0,0.0,missing_forbidden_effect,"[""unrelated objects"", ""unrelated fields""]"
pc_v4_03_p2,pc_v4_03,workflow_micro,Model-A,deepseek-v4-flash,disabled,conditional_negative_constraint,"If step03 is present, set note to checked_3. Do not alter any other object or field.","{""domain"": ""workflow_micro"", ""expected_state"": ""checked_3"", ""forbidden_side_effects"": ""any other object or field"", ""target_field"": ""note"", ""target_object"": ""step03""}","{
  ""domain"": ""workflow_micro"",
  ""target_object"": ""step03"",
  ""target_field"": ""note"",
  ""expected_state"": ""checked_3"",
  ""forbidden_side_effects"": ""any other object or field""
}",fe66a2308d8f,0,,158,1.0,1.0,1.0,1.0,0.0,none,"[""unrelated objects"", ""unrelated fields""]"
pc_v4_03_p3,pc_v4_03,workflow_micro,Model-A,deepseek-v4-flash,disabled,ellipsis_multi_object_preservation,"For step03: note -> checked_3; peer_step_03_a and peer_step_03_b, unchanged.","{""domain"": ""workflow_micro"", ""expected_state"": true, ""forbidden_side_effects"": [""peer_step_03_a"", ""peer_step_03_b""], ""target_field"": ""checked_3"", ""target_object"": ""note""}","{
  ""domain"": ""workflow_micro"",
  ""target_object"": ""note"",
  ""target_field"": ""checked_3"",
  ""expected_state"": true,
  ""forbidden_side_effects"": [""peer_step_03_a"", ""peer_step_03_b""]
}",1e12bef7a8ee,0,,165,0.0,0.0,0.0,1.0,0.0,wrong_object;wrong_field;wrong_constraint,"[""peer_step_03_a"", ""peer_step_03_b""]"
pc_v4_04_p1,pc_v4_04,file,Model-A,deepseek-v4-flash,disabled,pronoun_coreference,"Open reports/draft_4.txt. Change its content so that it reads approved_4, and leave everything else untouched.","{""domain"": ""file"", ""expected_state"": ""approved_4"", ""forbidden_side_effects"": [""change other files"", ""change other fields of this file""], ""target_field"": ""content"", ""target_object"": ""reports/draft_4.txt""}","{
  ""domain"": ""file"",
  ""target_object"": ""reports/draft_4.txt"",
  ""target_field"": ""content"",
  ""expected_state"": ""approved_4"",
  ""forbidden_side_effects"": [""change other files"", ""change other fields of this file""]
}",65321338a895,0,,166,1.0,1.0,1.0,0.5,0.0,missing_forbidden_effect,"[""unrelated objects"", ""unrelated fields""]"
pc_v4_04_p2,pc_v4_04,file,Model-A,deepseek-v4-flash,disabled,conditional_negative_constraint,"If reports/draft_4.txt is present, set content to approved_4. Do not alter any other object or field.","{""domain"": ""file"", ""expected_state"": ""approved_4"", ""forbidden_side_effects"": [""*""], ""target_field"": ""content"", ""target_object"": ""reports/draft_4.txt""}","{
  ""domain"": ""file"",
  ""target_object"": ""reports/draft_4.txt"",
  ""target_field"": ""content"",
  ""expected_state"": ""approved_4"",
  ""forbidden_side_effects"": [""*""]
}",81f443fdc2a8,0,,157,1.0,1.0,1.0,0.0,0.0,missing_forbidden_effect,"[""unrelated objects"", ""unrelated fields""]"
pc_v4_04_p3,pc_v4_04,file,Model-A,deepseek-v4-flash,disabled,ellipsis_multi_object_preservation,"For reports/draft_4.txt: content -> approved_4; reports/reference_04.txt and reports/archive_04.txt, unchanged.","{""domain"": ""file"", ""expected_state"": ""approved_4"", ""forbidden_side_effects"": {""reports/archive_04.txt"": ""unchanged"", ""reports/reference_04.txt"": ""unchanged""}, ""target_field"": ""content"", ""target_object"": ""reports/draft_4.txt""}","{
  ""domain"": ""file"",
  ""target_object"": ""reports/draft_4.txt"",
  ""target_field"": ""content"",
  ""expected_state"": ""approved_4"",
  ""forbidden_side_effects"": {
    ""reports/reference_04.txt"": ""unchanged"",
    ""reports/archive_04.txt"": ""unchanged""
  }
}",42e26a0b88f3,0,,189,1.0,1.0,1.0,1.0,0.0,none,"[""reports/reference_04.txt"", ""reports/archive_04.txt""]"
pc_v4_05_p1,pc_v4_05,web_form,Model-A,deepseek-v4-flash,disabled,pronoun_coreference,"Open r05. Change its status so that it reads approved, and leave everything else untouched.","{""domain"": ""web_form"", ""expected_state"": ""approved"", ""forbidden_side_effects"": [""any change to other fields of r05"", ""any change to other objects""], ""target_field"": ""status"", ""target_object"": ""r05""}","{
  ""domain"": ""web_form"",
  ""target_object"": ""r05"",
  ""target_field"": ""status"",
  ""expected_state"": ""approved"",
  ""forbidden_side_effects"": [""any change to other fields of r05"", ""any change to other objects""]
}",c62e3c53baf2,0,,159,1.0,1.0,1.0,1.0,0.0,none,"[""unrelated objects"", ""unrelated fields""]"
pc_v4_05_p2,pc_v4_05,web_form,Model-A,deepseek-v4-flash,disabled,conditional_negative_constraint,"If r05 is present, set status to approved. Do not alter any other object or field.","{""domain"": ""web_form"", ""expected_state"": ""approved"", ""forbidden_side_effects"": ""any other object or field"", ""target_field"": ""status"", ""target_object"": ""r05""}","{
  ""domain"": ""web_form"",
  ""target_object"": ""r05"",
  ""target_field"": ""status"",
  ""expected_state"": ""approved"",
  ""forbidden_side_effects"": ""any other object or field""
}",3fdcf52a3ac9,0,,150,1.0,1.0,1.0,1.0,0.0,none,"[""unrelated objects"", ""unrelated fields""]"
pc_v4_05_p3,pc_v4_05,web_form,Model-A,deepseek-v4-flash,disabled,ellipsis_multi_object_preservation,"For r05: status -> approved; peer_record_05_a and peer_record_05_b, unchanged.","{""domain"": ""web_form"", ""expected_state"": ""approved"", ""forbidden_side_effects"": [""peer_record_05_a"", ""peer_record_05_b""], ""target_field"": ""status"", ""target_object"": ""r05""}","{
  ""domain"": ""web_form"",
  ""target_object"": ""r05"",
  ""target_field"": ""status"",
  ""expected_state"": ""approved"",
  ""forbidden_side_effects"": [""peer_record_05_a"", ""peer_record_05_b""]
}",6a6de8b09b9d,0,,159,1.0,1.0,1.0,1.0,0.0,none,"[""peer_record_05_a"", ""peer_record_05_b""]"
pc_v4_06_p1,pc_v4_06,table,Model-A,deepseek-v4-flash,disabled,pronoun_coreference,"Open row06. Change its score so that it reads 86, and leave everything else untouched.","{""domain"": ""table"", ""expected_state"": 86, ""forbidden_side_effects"": [""change other rows"", ""change other fields in row06""], ""target_field"": ""score"", ""target_object"": ""row06""}","{
  ""domain"": ""table"",
  ""target_object"": ""row06"",
  ""target_field"": ""score"",
  ""expected_state"": 86,
  ""forbidden_side_effects"": [""change other rows"", ""change other fields in row06""]
}",a78d32402bef,0,,154,1.0,1.0,1.0,0.5,0.0,missing_forbidden_effect,"[""unrelated objects"", ""unrelated fields""]"
pc_v4_06_p2,pc_v4_06,table,Model-A,deepseek-v4-flash,disabled,conditional_negative_constraint,"If row06 is present, set score to 86. Do not alter any other object or field.","{""domain"": ""table"", ""expected_state"": 86, ""forbidden_side_effects"": ""any other object or field"", ""target_field"": ""score"", ""target_object"": ""row06""}","{
  ""domain"": ""table"",
  ""target_object"": ""row06"",
  ""target_field"": ""score"",
  ""expected_state"": 86,
  ""forbidden_side_effects"": ""any other object or field""
}",916b21ba9547,0,,149,1.0,1.0,1.0,1.0,0.0,none,"[""unrelated objects"", ""unrelated fields""]"
pc_v4_06_p3,pc_v4_06,table,Model-A,deepseek-v4-flash,disabled,ellipsis_multi_object_preservation,"For row06: score -> 86; peer_row_06_a and peer_row_06_b, unchanged.","{""domain"": ""table"", ""expected_state"": 86, ""forbidden_side_effects"": [""peer_row_06_a"", ""peer_row_06_b""], ""target_field"": ""score"", ""target_object"": ""row06""}","{
  ""domain"": ""table"",
  ""target_object"": ""row06"",
  ""target_field"": ""score"",
  ""expected_state"": 86,
  ""forbidden_side_effects"": [""peer_row_06_a"", ""peer_row_06_b""]
}",1d21fef0a38f,0,,158,1.0,1.0,1.0,1.0,0.0,none,"[""peer_row_06_a"", ""peer_row_06_b""]"
pc_v4_07_p1,pc_v4_07,workflow_micro,Model-A,deepseek-v4-flash,disabled,pronoun_coreference,"Open step07. Change its note so that it reads checked_7, and leave everything else untouched.","{""domain"": ""workflow_micro"", ""expected_state"": ""checked_7"", ""forbidden_side_effects"": [""any change to other steps"", ""any change to other fields of step07""], ""target_field"": ""note"", ""target_object"": ""step07""}","{
  ""domain"": ""workflow_micro"",
  ""target_object"": ""step07"",
  ""target_field"": ""note"",
  ""expected_state"": ""checked_7"",
  ""forbidden_side_effects"": [""any change to other steps"", ""any change to other fields of step07""]
}",dd6f7c5d2e1d,0,,167,1.0,1.0,1.0,1.0,0.0,none,"[""unrelated objects"", ""unrelated fields""]"
pc_v4_07_p2,pc_v4_07,workflow_micro,Model-A,deepseek-v4-flash,disabled,conditional_negative_constraint,"If step07 is present, set note to checked_7. Do not alter any other object or field.","{""domain"": ""workflow_micro"", ""expected_state"": ""checked_7"", ""forbidden_side_effects"": [""*""], ""target_field"": ""note"", ""target_object"": ""step07""}","{
  ""domain"": ""workflow_micro"",
  ""target_object"": ""step07"",
  ""target_field"": ""note"",
  ""expected_state"": ""checked_7"",
  ""forbidden_side_effects"": [""*""]
}",860eef7bffca,0,,154,1.0,1.0,1.0,0.0,0.0,missing_forbidden_effect,"[""unrelated objects"", ""unrelated fields""]"
pc_v4_07_p3,pc_v4_07,workflow_micro,Model-A,deepseek-v4-flash,disabled,ellipsis_multi_object_preservation,"For step07: note -> checked_7; peer_step_07_a and peer_step_07_b, unchanged.","{""domain"": ""workflow_micro"", ""expected_state"": true, ""forbidden_side_effects"": [""peer_step_07_a"", ""peer_step_07_b""], ""target_field"": ""checked_7"", ""target_object"": ""note""}","{
  ""domain"": ""workflow_micro"",
  ""target_object"": ""note"",
  ""target_field"": ""checked_7"",
  ""expected_state"": true,
  ""forbidden_side_effects"": [""peer_step_07_a"", ""peer_step_07_b""]
}",52e48f474209,0,,165,0.0,0.0,0.0,1.0,0.0,wrong_object;wrong_field;wrong_constraint,"[""peer_step_07_a"", ""peer_step_07_b""]"
pc_v4_08_p1,pc_v4_08,file,Model-A,deepseek-v4-flash,disabled,pronoun_coreference,"Open reports/draft_8.txt. Change its content so that it reads approved_8, and leave everything else untouched.","{""domain"": ""file"", ""expected_state"": ""approved_8"", ""forbidden_side_effects"": [""modify other files"", ""modify metadata"", ""change permissions"", ""rename"", ""delete""], ""target_field"": ""content"", ""target_object"": ""reports/draft_8.txt""}","{
  ""domain"": ""file"",
  ""target_object"": ""reports/draft_8.txt"",
  ""target_field"": ""content"",
  ""expected_state"": ""approved_8"",
  ""forbidden_side_effects"": [""modify other files"", ""modify metadata"", ""change permissions"", ""rename"", ""delete""]
}",cd94a5429c24,0,,174,1.0,1.0,1.0,0.0,0.0,missing_forbidden_effect,"[""unrelated objects"", ""unrelated fields""]"
pc_v4_08_p2,pc_v4_08,file,Model-A,deepseek-v4-flash,disabled,conditional_negative_constraint,"If reports/draft_8.txt is present, set content to approved_8. Do not alter any other object or field.","{""domain"": ""file"", ""expected_state"": ""approved_8"", ""forbidden_side_effects"": ""No other object or field may be altered."", ""target_field"": ""content"", ""target_object"": ""reports/draft_8.txt""}","{
  ""domain"": ""file"",
  ""target_object"": ""reports/draft_8.txt"",
  ""target_field"": ""content"",
  ""expected_state"": ""approved_8"",
  ""forbidden_side_effects"": ""No other object or field may be altered.""
}",28a593ff7bfa,0,,164,1.0,1.0,1.0,1.0,0.0,none,"[""unrelated objects"", ""unrelated fields""]"
pc_v4_08_p3,pc_v4_08,file,Model-A,deepseek-v4-flash,disabled,ellipsis_multi_object_preservation,"For reports/draft_8.txt: content -> approved_8; reports/reference_08.txt and reports/archive_08.txt, unchanged.","{""domain"": ""file"", ""expected_state"": ""approved_8"", ""forbidden_side_effects"": [{""expected_state"": ""unchanged"", ""target_field"": ""content"", ""target_object"": ""reports/reference_08.txt""}, {""expected_state"": ""unchanged"", ""target_field"": ""content"", ""target_object"": ""reports/archive_08.txt""}], ""target_field"": ""content"", ""target_object"": ""reports/draft_8.txt""}","{
  ""domain"": ""file"",
  ""target_object"": ""reports/draft_8.txt"",
  ""target_field"": ""content"",
  ""expected_state"": ""approved_8"",
  ""forbidden_side_effects"": [
    {""target_object"": ""reports/reference_08.txt"", ""target_field"": ""content"", ""expected_state"": ""unchanged""},
    {""target_object"": ""reports/archive_08.txt"", ""target_field"": ""content"", ""expected_state"": ""unchanged""}
  ]
}",0627855ad322,0,,219,1.0,1.0,1.0,1.0,0.0,none,"[""reports/reference_08.txt"", ""reports/archive_08.txt""]"
pc_v4_09_p1,pc_v4_09,web_form,Model-A,deepseek-v4-flash,disabled,pronoun_coreference,"Open r09. Change its name so that it reads Alice_9, and leave everything else untouched.","{""domain"": ""web_form"", ""expected_state"": ""Alice_9"", ""forbidden_side_effects"": [""any other field change"", ""any other object change""], ""target_field"": ""name"", ""target_object"": ""r09""}","{
  ""domain"": ""web_form"",
  ""target_object"": ""r09"",
  ""target_field"": ""name"",
  ""expected_state"": ""Alice_9"",
  ""forbidden_side_effects"": [""any other field change"", ""any other object change""]
}",5f8bbe2a3f8f,0,,158,1.0,1.0,1.0,1.0,0.0,none,"[""unrelated objects"", ""unrelated fields""]"
pc_v4_09_p2,pc_v4_09,web_form,Model-A,deepseek-v4-flash,disabled,conditional_negative_constraint,"If r09 is present, set name to Alice_9. Do not alter any other object or field.","{""domain"": ""web_form"", ""expected_state"": ""Alice_9"", ""forbidden_side_effects"": [""*""], ""target_field"": ""name"", ""target_object"": ""r09""}","{
  ""domain"": ""web_form"",
  ""target_object"": ""r09"",
  ""target_field"": ""name"",
  ""expected_state"": ""Alice_9"",
  ""forbidden_side_effects"": [""*""]
}",0dbffc46081c,0,,150,1.0,1.0,1.0,0.0,0.0,missing_forbidden_effect,"[""unrelated objects"", ""unrelated fields""]"
pc_v4_09_p3,pc_v4_09,web_form,Model-A,deepseek-v4-flash,disabled,ellipsis_multi_object_preservation,"For r09: name -> Alice_9; peer_record_09_a and peer_record_09_b, unchanged.","{""domain"": ""web_form"", ""expected_state"": ""Alice_9"", ""forbidden_side_effects"": [""peer_record_09_a"", ""peer_record_09_b""], ""target_field"": ""name"", ""target_object"": ""r09""}","{
  ""domain"": ""web_form"",
  ""target_object"": ""r09"",
  ""target_field"": ""name"",
  ""expected_state"": ""Alice_9"",
  ""forbidden_side_effects"": [""peer_record_09_a"", ""peer_record_09_b""]
}",8474454d57d4,0,,163,1.0,1.0,1.0,1.0,0.0,none,"[""peer_record_09_a"", ""peer_record_09_b""]"
pc_v4_10_p1,pc_v4_10,table,Model-A,deepseek-v4-flash,disabled,pronoun_coreference,"Open row10. Change its score so that it reads 80, and leave everything else untouched.","{""domain"": ""table"", ""expected_state"": 80, ""forbidden_side_effects"": [""change any other field in row10"", ""change any other row""], ""target_field"": ""score"", ""target_object"": ""row10""}","{
  ""domain"": ""table"",
  ""target_object"": ""row10"",
  ""target_field"": ""score"",
  ""expected_state"": 80,
  ""forbidden_side_effects"": [""change any other field in row10"", ""change any other row""]
}",5ea7bae164c9,0,,156,1.0,1.0,1.0,0.5,0.0,missing_forbidden_effect,"[""unrelated objects"", ""unrelated fields""]"
pc_v4_10_p2,pc_v4_10,table,Model-A,deepseek-v4-flash,disabled,conditional_negative_constraint,"If row10 is present, set score to 80. Do not alter any other object or field.","{""domain"": ""table"", ""expected_state"": 80, ""forbidden_side_effects"": ""any other object or field"", ""target_field"": ""score"", ""target_object"": ""row10""}","{
  ""domain"": ""table"",
  ""target_object"": ""row10"",
  ""target_field"": ""score"",
  ""expected_state"": 80,
  ""forbidden_side_effects"": ""any other object or field""
}",03923606940a,0,,149,1.0,1.0,1.0,1.0,0.0,none,"[""unrelated objects"", ""unrelated fields""]"
pc_v4_10_p3,pc_v4_10,table,Model-A,deepseek-v4-flash,disabled,ellipsis_multi_object_preservation,"For row10: score -> 80; peer_row_10_a and peer_row_10_b, unchanged.","{""domain"": ""table"", ""expected_state"": 80, ""forbidden_side_effects"": [""peer_row_10_a"", ""peer_row_10_b""], ""target_field"": ""score"", ""target_object"": ""row10""}","{
  ""domain"": ""table"",
  ""target_object"": ""row10"",
  ""target_field"": ""score"",
  ""expected_state"": 80,
  ""forbidden_side_effects"": [""peer_row_10_a"", ""peer_row_10_b""]
}",a4b5eb9286e5,0,,158,1.0,1.0,1.0,1.0,0.0,none,"[""peer_row_10_a"", ""peer_row_10_b""]"
pc_v4_11_p1,pc_v4_11,workflow_micro,Model-A,deepseek-v4-flash,disabled,pronoun_coreference,"Open step11. Change its note so that it reads checked_11, and leave everything else untouched.","{""domain"": ""workflow_micro"", ""expected_state"": ""checked_11"", ""forbidden_side_effects"": [""step11.*"", ""*""], ""target_field"": ""note"", ""target_object"": ""step11""}","{
  ""domain"": ""workflow_micro"",
  ""target_object"": ""step11"",
  ""target_field"": ""note"",
  ""expected_state"": ""checked_11"",
  ""forbidden_side_effects"": [""step11.*"", ""*""]
}",9d7b2248a2ed,0,,157,1.0,1.0,1.0,0.0,0.0,missing_forbidden_effect,"[""unrelated objects"", ""unrelated fields""]"
pc_v4_11_p2,pc_v4_11,workflow_micro,Model-A,deepseek-v4-flash,disabled,conditional_negative_constraint,"If step11 is present, set note to checked_11. Do not alter any other object or field.","{""domain"": ""workflow_micro"", ""expected_state"": ""checked_11"", ""forbidden_side_effects"": ""any other object or field"", ""target_field"": ""note"", ""target_object"": ""step11""}","{
  ""domain"": ""workflow_micro"",
  ""target_object"": ""step11"",
  ""target_field"": ""note"",
  ""expected_state"": ""checked_11"",
  ""forbidden_side_effects"": ""any other object or field""
}",7af2d77cbd8a,0,,158,1.0,1.0,1.0,1.0,0.0,none,"[""unrelated objects"", ""unrelated fields""]"
pc_v4_11_p3,pc_v4_11,workflow_micro,Model-A,deepseek-v4-flash,disabled,ellipsis_multi_object_preservation,"For step11: note -> checked_11; peer_step_11_a and peer_step_11_b, unchanged.","{""domain"": ""workflow_micro"", ""expected_state"": true, ""forbidden_side_effects"": [""peer_step_11_a"", ""peer_step_11_b""], ""target_field"": ""checked_11"", ""target_object"": ""note""}","{
  ""domain"": ""workflow_micro"",
  ""target_object"": ""note"",
  ""target_field"": ""checked_11"",
  ""expected_state"": true,
  ""forbidden_side_effects"": [""peer_step_11_a"", ""peer_step_11_b""]
}",b187f3cc2184,0,,165,0.0,0.0,0.0,1.0,0.0,wrong_object;wrong_field;wrong_constraint,"[""peer_step_11_a"", ""peer_step_11_b""]"
pc_v4_12_p1,pc_v4_12,file,Model-A,deepseek-v4-flash,disabled,pronoun_coreference,"Open reports/draft_12.txt. Change its content so that it reads approved_12, and leave everything else untouched.","{""domain"": ""file"", ""expected_state"": ""approved_12"", ""forbidden_side_effects"": [""modify other files"", ""change permissions"", ""create files"", ""delete files""], ""target_field"": ""content"", ""target_object"": ""reports/draft_12.txt""}","{
  ""domain"": ""file"",
  ""target_object"": ""reports/draft_12.txt"",
  ""target_field"": ""content"",
  ""expected_state"": ""approved_12"",
  ""forbidden_side_effects"": [""modify other files"", ""change permissions"", ""create files"", ""delete files""]
}",3d49604288ce,0,,171,1.0,1.0,1.0,0.0,0.0,missing_forbidden_effect,"[""unrelated objects"", ""unrelated fields""]"
pc_v4_12_p2,pc_v4_12,file,Model-A,deepseek-v4-flash,disabled,conditional_negative_constraint,"If reports/draft_12.txt is present, set content to approved_12. Do not alter any other object or field.","{""domain"": ""file"", ""expected_state"": ""approved_12"", ""forbidden_side_effects"": [""*""], ""target_field"": ""content"", ""target_object"": ""reports/draft_12.txt""}","{
  ""domain"": ""file"",
  ""target_object"": ""reports/draft_12.txt"",
  ""target_field"": ""content"",
  ""expected_state"": ""approved_12"",
  ""forbidden_side_effects"": [""*""]
}",37c82cd543c1,0,,157,1.0,1.0,1.0,0.0,0.0,missing_forbidden_effect,"[""unrelated objects"", ""unrelated fields""]"
pc_v4_12_p3,pc_v4_12,file,Model-A,deepseek-v4-flash,disabled,ellipsis_multi_object_preservation,"For reports/draft_12.txt: content -> approved_12; reports/reference_12.txt and reports/archive_12.txt, unchanged.","{""domain"": ""file"", ""expected_state"": ""approved_12"", ""forbidden_side_effects"": [""reports/reference_12.txt unchanged"", ""reports/archive_12.txt unchanged""], ""target_field"": ""content"", ""target_object"": ""reports/draft_12.txt""}","{
  ""domain"": ""file"",
  ""target_object"": ""reports/draft_12.txt"",
  ""target_field"": ""content"",
  ""expected_state"": ""approved_12"",
  ""forbidden_side_effects"": [""reports/reference_12.txt unchanged"", ""reports/archive_12.txt unchanged""]
}",fc9635f4c6f6,0,,178,1.0,1.0,1.0,1.0,0.0,none,"[""reports/reference_12.txt"", ""reports/archive_12.txt""]"
pc_v4_13_p1,pc_v4_13,web_form,Model-A,deepseek-v4-flash,disabled,pronoun_coreference,"Open r13. Change its status so that it reads approved, and leave everything else untouched.","{""domain"": ""web_form"", ""expected_state"": ""approved"", ""forbidden_side_effects"": [""any other field change""], ""target_field"": ""status"", ""target_object"": ""r13""}","{
  ""domain"": ""web_form"",
  ""target_object"": ""r13"",
  ""target_field"": ""status"",
  ""expected_state"": ""approved"",
  ""forbidden_side_effects"": [""any other field change""]
}",e669d7c82c4a,0,,148,1.0,1.0,1.0,0.5,0.0,missing_forbidden_effect,"[""unrelated objects"", ""unrelated fields""]"
pc_v4_13_p2,pc_v4_13,web_form,Model-A,deepseek-v4-flash,disabled,conditional_negative_constraint,"If r13 is present, set status to approved. Do not alter any other object or field.","{""domain"": ""web_form"", ""expected_state"": ""approved"", ""forbidden_side_effects"": ""any other object or field"", ""target_field"": ""status"", ""target_object"": ""r13""}","{
  ""domain"": ""web_form"",
  ""target_object"": ""r13"",
  ""target_field"": ""status"",
  ""expected_state"": ""approved"",
  ""forbidden_side_effects"": ""any other object or field""
}",b3bac5d45c6c,0,,150,1.0,1.0,1.0,1.0,0.0,none,"[""unrelated objects"", ""unrelated fields""]"
pc_v4_13_p3,pc_v4_13,web_form,Model-A,deepseek-v4-flash,disabled,ellipsis_multi_object_preservation,"For r13: status -> approved; peer_record_13_a and peer_record_13_b, unchanged.","{""domain"": ""web_form"", ""expected_state"": ""approved"", ""forbidden_side_effects"": [""peer_record_13_a"", ""peer_record_13_b""], ""target_field"": ""status"", ""target_object"": ""r13""}","{
  ""domain"": ""web_form"",
  ""target_object"": ""r13"",
  ""target_field"": ""status"",
  ""expected_state"": ""approved"",
  ""forbidden_side_effects"": [""peer_record_13_a"", ""peer_record_13_b""]
}",06e2d9a54a4a,0,,159,1.0,1.0,1.0,1.0,0.0,none,"[""peer_record_13_a"", ""peer_record_13_b""]"
pc_v4_14_p1,pc_v4_14,table,Model-A,deepseek-v4-flash,disabled,pronoun_coreference,"Open row14. Change its score so that it reads 84, and leave everything else untouched.","{""domain"": ""table"", ""expected_state"": 84, ""forbidden_side_effects"": [""other rows"", ""other fields in row14""], ""target_field"": ""score"", ""target_object"": ""row14""}","{
  ""domain"": ""table"",
  ""target_object"": ""row14"",
  ""target_field"": ""score"",
  ""expected_state"": 84,
  ""forbidden_side_effects"": [""other rows"", ""other fields in row14""]
}",c13ab75e6470,0,,152,1.0,1.0,1.0,0.5,0.0,missing_forbidden_effect,"[""unrelated objects"", ""unrelated fields""]"
pc_v4_14_p2,pc_v4_14,table,Model-A,deepseek-v4-flash,disabled,conditional_negative_constraint,"If row14 is present, set score to 84. Do not alter any other object or field.","{""domain"": ""table"", ""expected_state"": 84, ""forbidden_side_effects"": [""*""], ""target_field"": ""score"", ""target_object"": ""row14""}","{
  ""domain"": ""table"",
  ""target_object"": ""row14"",
  ""target_field"": ""score"",
  ""expected_state"": 84,
  ""forbidden_side_effects"": [""*""]
}",07f87bdfa88f,0,,145,1.0,1.0,1.0,0.0,0.0,missing_forbidden_effect,"[""unrelated objects"", ""unrelated fields""]"
pc_v4_14_p3,pc_v4_14,table,Model-A,deepseek-v4-flash,disabled,ellipsis_multi_object_preservation,"For row14: score -> 84; peer_row_14_a and peer_row_14_b, unchanged.","{""domain"": ""table"", ""expected_state"": 84, ""forbidden_side_effects"": [""peer_row_14_a"", ""peer_row_14_b""], ""target_field"": ""score"", ""target_object"": ""row14""}","{
  ""domain"": ""table"",
  ""target_object"": ""row14"",
  ""target_field"": ""score"",
  ""expected_state"": 84,
  ""forbidden_side_effects"": [""peer_row_14_a"", ""peer_row_14_b""]
}",73cef2c8964f,0,,158,1.0,1.0,1.0,1.0,0.0,none,"[""peer_row_14_a"", ""peer_row_14_b""]"
pc_v4_15_p1,pc_v4_15,workflow_micro,Model-A,deepseek-v4-flash,disabled,pronoun_coreference,"Open step15. Change its note so that it reads checked_15, and leave everything else untouched.","{""domain"": ""workflow_micro"", ""expected_state"": ""checked_15"", ""forbidden_side_effects"": [""any change to step15 other than note"", ""any change to any other step""], ""target_field"": ""note"", ""target_object"": ""step15""}","{
  ""domain"": ""workflow_micro"",
  ""target_object"": ""step15"",
  ""target_field"": ""note"",
  ""expected_state"": ""checked_15"",
  ""forbidden_side_effects"": [""any change to step15 other than note"", ""any change to any other step""]
}",22a98c4d024f,0,,168,1.0,1.0,1.0,1.0,0.0,none,"[""unrelated objects"", ""unrelated fields""]"
pc_v4_15_p2,pc_v4_15,workflow_micro,Model-A,deepseek-v4-flash,disabled,conditional_negative_constraint,"If step15 is present, set note to checked_15. Do not alter any other object or field.","{""domain"": ""workflow_micro"", ""expected_state"": ""checked_15"", ""forbidden_side_effects"": ""any other object or field"", ""target_field"": ""note"", ""target_object"": ""step15""}","{
  ""domain"": ""workflow_micro"",
  ""target_object"": ""step15"",
  ""target_field"": ""note"",
  ""expected_state"": ""checked_15"",
  ""forbidden_side_effects"": ""any other object or field""
}",e4d4b75f331d,0,,158,1.0,1.0,1.0,1.0,0.0,none,"[""unrelated objects"", ""unrelated fields""]"
pc_v4_15_p3,pc_v4_15,workflow_micro,Model-A,deepseek-v4-flash,disabled,ellipsis_multi_object_preservation,"For step15: note -> checked_15; peer_step_15_a and peer_step_15_b, unchanged.","{""domain"": ""workflow_micro"", ""expected_state"": true, ""forbidden_side_effects"": [""peer_step_15_a"", ""peer_step_15_b""], ""target_field"": ""checked_15"", ""target_object"": ""note""}","{
  ""domain"": ""workflow_micro"",
  ""target_object"": ""note"",
  ""target_field"": ""checked_15"",
  ""expected_state"": true,
  ""forbidden_side_effects"": [""peer_step_15_a"", ""peer_step_15_b""]
}",c669ea6fe348,0,,165,0.0,0.0,0.0,1.0,0.0,wrong_object;wrong_field;wrong_constraint,"[""peer_step_15_a"", ""peer_step_15_b""]"
pc_v4_16_p1,pc_v4_16,file,Model-A,deepseek-v4-flash,disabled,pronoun_coreference,"Open reports/draft_16.txt. Change its content so that it reads approved_16, and leave everything else untouched.","{""domain"": ""file"", ""expected_state"": ""approved_16"", ""forbidden_side_effects"": [""change other files"", ""change metadata"", ""change permissions"", ""change timestamps""], ""target_field"": ""content"", ""target_object"": ""reports/draft_16.txt""}","{
  ""domain"": ""file"",
  ""target_object"": ""reports/draft_16.txt"",
  ""target_field"": ""content"",
  ""expected_state"": ""approved_16"",
  ""forbidden_side_effects"": [""change other files"", ""change metadata"", ""change permissions"", ""change timestamps""]
}",bfe50dc49ce4,0,,171,1.0,1.0,1.0,0.0,0.0,missing_forbidden_effect,"[""unrelated objects"", ""unrelated fields""]"
pc_v4_16_p2,pc_v4_16,file,Model-A,deepseek-v4-flash,disabled,conditional_negative_constraint,"If reports/draft_16.txt is present, set content to approved_16. Do not alter any other object or field.","{""domain"": ""file"", ""expected_state"": ""approved_16"", ""forbidden_side_effects"": ""any other object or field"", ""target_field"": ""content"", ""target_object"": ""reports/draft_16.txt""}","{
  ""domain"": ""file"",
  ""target_object"": ""reports/draft_16.txt"",
  ""target_field"": ""content"",
  ""expected_state"": ""approved_16"",
  ""forbidden_side_effects"": ""any other object or field""
}",801bff8aa9b7,0,,161,1.0,1.0,1.0,1.0,0.0,none,"[""unrelated objects"", ""unrelated fields""]"
pc_v4_16_p3,pc_v4_16,file,Model-A,deepseek-v4-flash,disabled,ellipsis_multi_object_preservation,"For reports/draft_16.txt: content -> approved_16; reports/reference_16.txt and reports/archive_16.txt, unchanged.","{""domain"": ""file"", ""expected_state"": ""approved_16"", ""forbidden_side_effects"": [""reports/reference_16.txt"", ""reports/archive_16.txt""], ""target_field"": ""content"", ""target_object"": ""reports/draft_16.txt""}","{
  ""domain"": ""file"",
  ""target_object"": ""reports/draft_16.txt"",
  ""target_field"": ""content"",
  ""expected_state"": ""approved_16"",
  ""forbidden_side_effects"": [""reports/reference_16.txt"", ""reports/archive_16.txt""]
}",7e3184d3348c,0,,176,1.0,1.0,1.0,1.0,0.0,none,"[""reports/reference_16.txt"", ""reports/archive_16.txt""]"
pc_v4_17_p1,pc_v4_17,web_form,Model-A,deepseek-v4-flash,disabled,pronoun_coreference,"Open r17. Change its status so that it reads approved, and leave everything else untouched.","{""domain"": ""web_form"", ""expected_state"": ""approved"", ""forbidden_side_effects"": [""any other field changes""], ""target_field"": ""status"", ""target_object"": ""r17""}","{
  ""domain"": ""web_form"",
  ""target_object"": ""r17"",
  ""target_field"": ""status"",
  ""expected_state"": ""approved"",
  ""forbidden_side_effects"": [""any other field changes""]
}",483577352754,0,,148,1.0,1.0,1.0,0.5,0.0,missing_forbidden_effect,"[""unrelated objects"", ""unrelated fields""]"
pc_v4_17_p2,pc_v4_17,web_form,Model-A,deepseek-v4-flash,disabled,conditional_negative_constraint,"If r17 is present, set status to approved. Do not alter any other object or field.","{""domain"": ""web_form"", ""expected_state"": ""approved"", ""forbidden_side_effects"": ""any other object or field"", ""target_field"": ""status"", ""target_object"": ""r17""}","{
  ""domain"": ""web_form"",
  ""target_object"": ""r17"",
  ""target_field"": ""status"",
  ""expected_state"": ""approved"",
  ""forbidden_side_effects"": ""any other object or field""
}",47024da1e8fe,0,,150,1.0,1.0,1.0,1.0,0.0,none,"[""unrelated objects"", ""unrelated fields""]"
pc_v4_17_p3,pc_v4_17,web_form,Model-A,deepseek-v4-flash,disabled,ellipsis_multi_object_preservation,"For r17: status -> approved; peer_record_17_a and peer_record_17_b, unchanged.","{""domain"": ""web_form"", ""expected_state"": ""approved"", ""forbidden_side_effects"": [""peer_record_17_a"", ""peer_record_17_b""], ""target_field"": ""status"", ""target_object"": ""r17""}","{
  ""domain"": ""web_form"",
  ""target_object"": ""r17"",
  ""target_field"": ""status"",
  ""expected_state"": ""approved"",
  ""forbidden_side_effects"": [""peer_record_17_a"", ""peer_record_17_b""]
}",c8209491a2a5,0,,159,1.0,1.0,1.0,1.0,0.0,none,"[""peer_record_17_a"", ""peer_record_17_b""]"
pc_v4_18_p1,pc_v4_18,table,Model-A,deepseek-v4-flash,disabled,pronoun_coreference,"Open row18. Change its score so that it reads 88, and leave everything else untouched.","{""domain"": ""table"", ""expected_state"": 88, ""forbidden_side_effects"": [""any other field in row18"", ""any other row""], ""target_field"": ""score"", ""target_object"": ""row18""}","{
  ""domain"": ""table"",
  ""target_object"": ""row18"",
  ""target_field"": ""score"",
  ""expected_state"": 88,
  ""forbidden_side_effects"": [""any other field in row18"", ""any other row""]
}",feb6065603d2,0,,154,1.0,1.0,1.0,0.5,0.0,missing_forbidden_effect,"[""unrelated objects"", ""unrelated fields""]"
pc_v4_18_p2,pc_v4_18,table,Model-A,deepseek-v4-flash,disabled,conditional_negative_constraint,"If row18 is present, set score to 88. Do not alter any other object or field.","{""domain"": ""table"", ""expected_state"": 88, ""forbidden_side_effects"": ""any other object or field"", ""target_field"": ""score"", ""target_object"": ""row18""}","{
  ""domain"": ""table"",
  ""target_object"": ""row18"",
  ""target_field"": ""score"",
  ""expected_state"": 88,
  ""forbidden_side_effects"": ""any other object or field""
}",ffe23fdcd118,0,,149,1.0,1.0,1.0,1.0,0.0,none,"[""unrelated objects"", ""unrelated fields""]"
pc_v4_18_p3,pc_v4_18,table,Model-A,deepseek-v4-flash,disabled,ellipsis_multi_object_preservation,"For row18: score -> 88; peer_row_18_a and peer_row_18_b, unchanged.","{""domain"": ""table"", ""expected_state"": 88, ""forbidden_side_effects"": [""peer_row_18_a"", ""peer_row_18_b""], ""target_field"": ""score"", ""target_object"": ""row18""}","{
  ""domain"": ""table"",
  ""target_object"": ""row18"",
  ""target_field"": ""score"",
  ""expected_state"": 88,
  ""forbidden_side_effects"": [""peer_row_18_a"", ""peer_row_18_b""]
}",c29787522078,0,,158,1.0,1.0,1.0,1.0,0.0,none,"[""peer_row_18_a"", ""peer_row_18_b""]"
pc_v4_19_p1,pc_v4_19,workflow_micro,Model-A,deepseek-v4-flash,disabled,pronoun_coreference,"Open step19. Change its note so that it reads checked_19, and leave everything else untouched.","{""domain"": ""workflow_micro"", ""expected_state"": ""checked_19"", ""forbidden_side_effects"": [""step19.*"", ""*""], ""target_field"": ""note"", ""target_object"": ""step19""}","{
  ""domain"": ""workflow_micro"",
  ""target_object"": ""step19"",
  ""target_field"": ""note"",
  ""expected_state"": ""checked_19"",
  ""forbidden_side_effects"": [""step19.*"", ""*""]
}",8a2c6478d1b0,0,,157,1.0,1.0,1.0,0.0,0.0,missing_forbidden_effect,"[""unrelated objects"", ""unrelated fields""]"
pc_v4_19_p2,pc_v4_19,workflow_micro,Model-A,deepseek-v4-flash,disabled,conditional_negative_constraint,"If step19 is present, set note to checked_19. Do not alter any other object or field.","{""domain"": ""workflow_micro"", ""expected_state"": ""checked_19"", ""forbidden_side_effects"": ""any other object or field"", ""target_field"": ""note"", ""target_object"": ""step19""}","{
  ""domain"": ""workflow_micro"",
  ""target_object"": ""step19"",
  ""target_field"": ""note"",
  ""expected_state"": ""checked_19"",
  ""forbidden_side_effects"": ""any other object or field""
}",2c46c71d391f,0,,158,1.0,1.0,1.0,1.0,0.0,none,"[""unrelated objects"", ""unrelated fields""]"
pc_v4_19_p3,pc_v4_19,workflow_micro,Model-A,deepseek-v4-flash,disabled,ellipsis_multi_object_preservation,"For step19: note -> checked_19; peer_step_19_a and peer_step_19_b, unchanged.","{""domain"": ""workflow_micro"", ""expected_state"": true, ""forbidden_side_effects"": [""peer_step_19_a"", ""peer_step_19_b""], ""target_field"": ""checked_19"", ""target_object"": ""note""}","{
  ""domain"": ""workflow_micro"",
  ""target_object"": ""note"",
  ""target_field"": ""checked_19"",
  ""expected_state"": true,
  ""forbidden_side_effects"": [""peer_step_19_a"", ""peer_step_19_b""]
}",bdeca473a71e,0,,165,0.0,0.0,0.0,1.0,0.0,wrong_object;wrong_field;wrong_constraint,"[""peer_step_19_a"", ""peer_step_19_b""]"
pc_v4_20_p1,pc_v4_20,file,Model-A,deepseek-v4-flash,disabled,pronoun_coreference,"Open reports/draft_20.txt. Change its content so that it reads approved_20, and leave everything else untouched.","{""domain"": ""file"", ""expected_state"": ""approved_20"", ""forbidden_side_effects"": [""change other files"", ""change metadata"", ""change permissions"", ""change other content""], ""target_field"": ""content"", ""target_object"": ""reports/draft_20.txt""}","{
  ""domain"": ""file"",
  ""target_object"": ""reports/draft_20.txt"",
  ""target_field"": ""content"",
  ""expected_state"": ""approved_20"",
  ""forbidden_side_effects"": [""change other files"", ""change metadata"", ""change permissions"", ""change other content""]
}",78364172a148,0,,171,1.0,1.0,1.0,0.0,0.0,missing_forbidden_effect,"[""unrelated objects"", ""unrelated fields""]"
pc_v4_20_p2,pc_v4_20,file,Model-A,deepseek-v4-flash,disabled,conditional_negative_constraint,"If reports/draft_20.txt is present, set content to approved_20. Do not alter any other object or field.","{""domain"": ""file"", ""expected_state"": ""approved_20"", ""forbidden_side_effects"": [""any other object"", ""any other field""], ""target_field"": ""content"", ""target_object"": ""reports/draft_20.txt""}","{
  ""domain"": ""file"",
  ""target_object"": ""reports/draft_20.txt"",
  ""target_field"": ""content"",
  ""expected_state"": ""approved_20"",
  ""forbidden_side_effects"": [""any other object"", ""any other field""]
}",4af85ff3c8a0,0,,164,1.0,1.0,1.0,1.0,0.0,none,"[""unrelated objects"", ""unrelated fields""]"
pc_v4_20_p3,pc_v4_20,file,Model-A,deepseek-v4-flash,disabled,ellipsis_multi_object_preservation,"For reports/draft_20.txt: content -> approved_20; reports/reference_20.txt and reports/archive_20.txt, unchanged.","{""domain"": ""file"", ""expected_state"": ""approved_20"", ""forbidden_side_effects"": [""reports/reference_20.txt"", ""reports/archive_20.txt""], ""target_field"": ""content"", ""target_object"": ""reports/draft_20.txt""}","{
  ""domain"": ""file"",
  ""target_object"": ""reports/draft_20.txt"",
  ""target_field"": ""content"",
  ""expected_state"": ""approved_20"",
  ""forbidden_side_effects"": [""reports/reference_20.txt"", ""reports/archive_20.txt""]
}",ed54c737b5d1,0,,176,1.0,1.0,1.0,1.0,0.0,none,"[""reports/reference_20.txt"", ""reports/archive_20.txt""]"
pc_v4_21_p1,pc_v4_21,web_form,Model-A,deepseek-v4-flash,disabled,pronoun_coreference,"Open r21. Change its name so that it reads Alice_21, and leave everything else untouched.","{""domain"": ""web_form"", ""expected_state"": ""Alice_21"", ""forbidden_side_effects"": [""any other field change"", ""any other object change""], ""target_field"": ""name"", ""target_object"": ""r21""}","{
  ""domain"": ""web_form"",
  ""target_object"": ""r21"",
  ""target_field"": ""name"",
  ""expected_state"": ""Alice_21"",
  ""forbidden_side_effects"": [""any other field change"", ""any other object change""]
}",820a578b9c2d,0,,158,1.0,1.0,1.0,1.0,0.0,none,"[""unrelated objects"", ""unrelated fields""]"
pc_v4_21_p2,pc_v4_21,web_form,Model-A,deepseek-v4-flash,disabled,conditional_negative_constraint,"If r21 is present, set name to Alice_21. Do not alter any other object or field.","{""domain"": ""web_form"", ""expected_state"": ""Alice_21"", ""forbidden_side_effects"": [""*.*""], ""target_field"": ""name"", ""target_object"": ""r21""}","{
  ""domain"": ""web_form"",
  ""target_object"": ""r21"",
  ""target_field"": ""name"",
  ""expected_state"": ""Alice_21"",
  ""forbidden_side_effects"": [""*.*""]
}",d22eee447ae1,0,,151,1.0,1.0,1.0,0.0,0.0,missing_forbidden_effect,"[""unrelated objects"", ""unrelated fields""]"
pc_v4_21_p3,pc_v4_21,web_form,Model-A,deepseek-v4-flash,disabled,ellipsis_multi_object_preservation,"For r21: name -> Alice_21; peer_record_21_a and peer_record_21_b, unchanged.","{""domain"": ""web_form"", ""expected_state"": ""Alice_21"", ""forbidden_side_effects"": [""peer_record_21_a"", ""peer_record_21_b""], ""target_field"": ""name"", ""target_object"": ""r21""}","{
  ""domain"": ""web_form"",
  ""target_object"": ""r21"",
  ""target_field"": ""name"",
  ""expected_state"": ""Alice_21"",
  ""forbidden_side_effects"": [""peer_record_21_a"", ""peer_record_21_b""]
}",da63dd4f69f1,0,,163,1.0,1.0,1.0,1.0,0.0,none,"[""peer_record_21_a"", ""peer_record_21_b""]"
pc_v4_22_p1,pc_v4_22,table,Model-A,deepseek-v4-flash,disabled,pronoun_coreference,"Open row22. Change its score so that it reads 82, and leave everything else untouched.","{""domain"": ""table"", ""expected_state"": 82, ""forbidden_side_effects"": [""change any other field"", ""change any other row""], ""target_field"": ""score"", ""target_object"": ""row22""}","{
  ""domain"": ""table"",
  ""target_object"": ""row22"",
  ""target_field"": ""score"",
  ""expected_state"": 82,
  ""forbidden_side_effects"": [""change any other field"", ""change any other row""]
}",2a53189f1ca4,0,,153,1.0,1.0,1.0,0.5,0.0,missing_forbidden_effect,"[""unrelated objects"", ""unrelated fields""]"
pc_v4_22_p2,pc_v4_22,table,Model-A,deepseek-v4-flash,disabled,conditional_negative_constraint,"If row22 is present, set score to 82. Do not alter any other object or field.","{""domain"": ""table"", ""expected_state"": 82, ""forbidden_side_effects"": ""No other object or field should be altered."", ""target_field"": ""score"", ""target_object"": ""row22""}","{
  ""domain"": ""table"",
  ""target_object"": ""row22"",
  ""target_field"": ""score"",
  ""expected_state"": 82,
  ""forbidden_side_effects"": ""No other object or field should be altered.""
}",5ff85034d76d,0,,152,1.0,1.0,1.0,1.0,0.0,none,"[""unrelated objects"", ""unrelated fields""]"
pc_v4_22_p3,pc_v4_22,table,Model-A,deepseek-v4-flash,disabled,ellipsis_multi_object_preservation,"For row22: score -> 82; peer_row_22_a and peer_row_22_b, unchanged.","{""domain"": ""table"", ""expected_state"": 82, ""forbidden_side_effects"": [""peer_row_22_a"", ""peer_row_22_b""], ""target_field"": ""score"", ""target_object"": ""row22""}","{
  ""domain"": ""table"",
  ""target_object"": ""row22"",
  ""target_field"": ""score"",
  ""expected_state"": 82,
  ""forbidden_side_effects"": [""peer_row_22_a"", ""peer_row_22_b""]
}",3d2526f518d8,0,,158,1.0,1.0,1.0,1.0,0.0,none,"[""peer_row_22_a"", ""peer_row_22_b""]"
pc_v4_23_p1,pc_v4_23,workflow_micro,Model-A,deepseek-v4-flash,disabled,pronoun_coreference,"Open step23. Change its note so that it reads checked_23, and leave everything else untouched.","{""domain"": ""workflow_micro"", ""expected_state"": ""checked_23"", ""forbidden_side_effects"": [""step23.*"", ""*""], ""target_field"": ""note"", ""target_object"": ""step23""}","{
  ""domain"": ""workflow_micro"",
  ""target_object"": ""step23"",
  ""target_field"": ""note"",
  ""expected_state"": ""checked_23"",
  ""forbidden_side_effects"": [""step23.*"", ""*""]
}",828f41e2f948,0,,157,1.0,1.0,1.0,0.0,0.0,missing_forbidden_effect,"[""unrelated objects"", ""unrelated fields""]"
pc_v4_23_p2,pc_v4_23,workflow_micro,Model-A,deepseek-v4-flash,disabled,conditional_negative_constraint,"If step23 is present, set note to checked_23. Do not alter any other object or field.","{""domain"": ""workflow_micro"", ""expected_state"": ""checked_23"", ""forbidden_side_effects"": [""*""], ""target_field"": ""note"", ""target_object"": ""step23""}","{
  ""domain"": ""workflow_micro"",
  ""target_object"": ""step23"",
  ""target_field"": ""note"",
  ""expected_state"": ""checked_23"",
  ""forbidden_side_effects"": [""*""]
}",976745a66770,0,,154,1.0,1.0,1.0,0.0,0.0,missing_forbidden_effect,"[""unrelated objects"", ""unrelated fields""]"
pc_v4_23_p3,pc_v4_23,workflow_micro,Model-A,deepseek-v4-flash,disabled,ellipsis_multi_object_preservation,"For step23: note -> checked_23; peer_step_23_a and peer_step_23_b, unchanged.","{""domain"": ""workflow_micro"", ""expected_state"": ""checked_23"", ""forbidden_side_effects"": [""peer_step_23_a"", ""peer_step_23_b""], ""target_field"": ""note"", ""target_object"": ""step23""}","{
  ""domain"": ""workflow_micro"",
  ""target_object"": ""step23"",
  ""target_field"": ""note"",
  ""expected_state"": ""checked_23"",
  ""forbidden_side_effects"": [""peer_step_23_a"", ""peer_step_23_b""]
}",e2d208757d17,0,,167,1.0,1.0,1.0,1.0,0.0,none,"[""peer_step_23_a"", ""peer_step_23_b""]"
pc_v4_24_p1,pc_v4_24,file,Model-A,deepseek-v4-flash,disabled,pronoun_coreference,"Open reports/draft_24.txt. Change its content so that it reads approved_24, and leave everything else untouched.","{""domain"": ""file"", ""expected_state"": ""approved_24"", ""forbidden_side_effects"": [""change other files"", ""change metadata"", ""change permissions"", ""change timestamps""], ""target_field"": ""content"", ""target_object"": ""reports/draft_24.txt""}","{
  ""domain"": ""file"",
  ""target_object"": ""reports/draft_24.txt"",
  ""target_field"": ""content"",
  ""expected_state"": ""approved_24"",
  ""forbidden_side_effects"": [""change other files"", ""change metadata"", ""change permissions"", ""change timestamps""]
}",6d46992f9882,0,,171,1.0,1.0,1.0,0.0,0.0,missing_forbidden_effect,"[""unrelated objects"", ""unrelated fields""]"
pc_v4_24_p2,pc_v4_24,file,Model-A,deepseek-v4-flash,disabled,conditional_negative_constraint,"If reports/draft_24.txt is present, set content to approved_24. Do not alter any other object or field.","{""domain"": ""file"", ""expected_state"": ""approved_24"", ""forbidden_side_effects"": [""*""], ""target_field"": ""content"", ""target_object"": ""reports/draft_24.txt""}","{
  ""domain"": ""file"",
  ""target_object"": ""reports/draft_24.txt"",
  ""target_field"": ""content"",
  ""expected_state"": ""approved_24"",
  ""forbidden_side_effects"": [""*""]
}",d6e6a9dbf941,0,,157,1.0,1.0,1.0,0.0,0.0,missing_forbidden_effect,"[""unrelated objects"", ""unrelated fields""]"
pc_v4_24_p3,pc_v4_24,file,Model-A,deepseek-v4-flash,disabled,ellipsis_multi_object_preservation,"For reports/draft_24.txt: content -> approved_24; reports/reference_24.txt and reports/archive_24.txt, unchanged.","{""domain"": ""file"", ""expected_state"": ""approved_24"", ""forbidden_side_effects"": [""reports/reference_24.txt"", ""reports/archive_24.txt""], ""target_field"": ""content"", ""target_object"": ""reports/draft_24.txt""}","{
  ""domain"": ""file"",
  ""target_object"": ""reports/draft_24.txt"",
  ""target_field"": ""content"",
  ""expected_state"": ""approved_24"",
  ""forbidden_side_effects"": [""reports/reference_24.txt"", ""reports/archive_24.txt""]
}",4d46bd214822,0,,176,1.0,1.0,1.0,1.0,0.0,none,"[""reports/reference_24.txt"", ""reports/archive_24.txt""]"
pc_v4_25_p1,pc_v4_25,web_form,Model-A,deepseek-v4-flash,disabled,pronoun_coreference,"Open r25. Change its status so that it reads approved, and leave everything else untouched.","{""domain"": ""web_form"", ""expected_state"": ""approved"", ""forbidden_side_effects"": [""any other field change""], ""target_field"": ""status"", ""target_object"": ""r25""}","{
  ""domain"": ""web_form"",
  ""target_object"": ""r25"",
  ""target_field"": ""status"",
  ""expected_state"": ""approved"",
  ""forbidden_side_effects"": [""any other field change""]
}",4f237192bf8f,0,,148,1.0,1.0,1.0,0.5,0.0,missing_forbidden_effect,"[""unrelated objects"", ""unrelated fields""]"
pc_v4_25_p2,pc_v4_25,web_form,Model-A,deepseek-v4-flash,disabled,conditional_negative_constraint,"If r25 is present, set status to approved. Do not alter any other object or field.","{""domain"": ""web_form"", ""expected_state"": ""approved"", ""forbidden_side_effects"": [""any other object"", ""any other field""], ""target_field"": ""status"", ""target_object"": ""r25""}","{
  ""domain"": ""web_form"",
  ""target_object"": ""r25"",
  ""target_field"": ""status"",
  ""expected_state"": ""approved"",
  ""forbidden_side_effects"": [""any other object"", ""any other field""]
}",a3f593c1fe28,0,,153,1.0,1.0,1.0,1.0,0.0,none,"[""unrelated objects"", ""unrelated fields""]"
pc_v4_25_p3,pc_v4_25,web_form,Model-A,deepseek-v4-flash,disabled,ellipsis_multi_object_preservation,"For r25: status -> approved; peer_record_25_a and peer_record_25_b, unchanged.","{""domain"": ""web_form"", ""expected_state"": ""approved"", ""forbidden_side_effects"": [""peer_record_25_a"", ""peer_record_25_b""], ""target_field"": ""status"", ""target_object"": ""r25""}","{
  ""domain"": ""web_form"",
  ""target_object"": ""r25"",
  ""target_field"": ""status"",
  ""expected_state"": ""approved"",
  ""forbidden_side_effects"": [""peer_record_25_a"", ""peer_record_25_b""]
}",5be224d34979,0,,159,1.0,1.0,1.0,1.0,0.0,none,"[""peer_record_25_a"", ""peer_record_25_b""]"
pc_v4_26_p1,pc_v4_26,table,Model-A,deepseek-v4-flash,disabled,pronoun_coreference,"Open row26. Change its score so that it reads 86, and leave everything else untouched.","{""domain"": ""table"", ""expected_state"": 86, ""forbidden_side_effects"": ""any other changes to row26 or any other row"", ""target_field"": ""score"", ""target_object"": ""row26""}","{
  ""domain"": ""table"",
  ""target_object"": ""row26"",
  ""target_field"": ""score"",
  ""expected_state"": 86,
  ""forbidden_side_effects"": ""any other changes to row26 or any other row""
}",4629deebe841,0,,153,1.0,1.0,1.0,0.0,0.0,missing_forbidden_effect,"[""unrelated objects"", ""unrelated fields""]"
pc_v4_26_p2,pc_v4_26,table,Model-A,deepseek-v4-flash,disabled,conditional_negative_constraint,"If row26 is present, set score to 86. Do not alter any other object or field.","{""domain"": ""table"", ""expected_state"": 86, ""forbidden_side_effects"": [""*""], ""target_field"": ""score"", ""target_object"": ""row26""}","{
  ""domain"": ""table"",
  ""target_object"": ""row26"",
  ""target_field"": ""score"",
  ""expected_state"": 86,
  ""forbidden_side_effects"": [""*""]
}",a429ee6ea80d,0,,145,1.0,1.0,1.0,0.0,0.0,missing_forbidden_effect,"[""unrelated objects"", ""unrelated fields""]"
pc_v4_26_p3,pc_v4_26,table,Model-A,deepseek-v4-flash,disabled,ellipsis_multi_object_preservation,"For row26: score -> 86; peer_row_26_a and peer_row_26_b, unchanged.","{""domain"": ""table"", ""expected_state"": 86, ""forbidden_side_effects"": [""peer_row_26_a"", ""peer_row_26_b""], ""target_field"": ""score"", ""target_object"": ""row26""}","{
  ""domain"": ""table"",
  ""target_object"": ""row26"",
  ""target_field"": ""score"",
  ""expected_state"": 86,
  ""forbidden_side_effects"": [""peer_row_26_a"", ""peer_row_26_b""]
}",81e0b62f3049,0,,158,1.0,1.0,1.0,1.0,0.0,none,"[""peer_row_26_a"", ""peer_row_26_b""]"
pc_v4_27_p1,pc_v4_27,workflow_micro,Model-A,deepseek-v4-flash,disabled,pronoun_coreference,"Open step27. Change its note so that it reads checked_27, and leave everything else untouched.","{""domain"": ""workflow_micro"", ""expected_state"": ""checked_27"", ""forbidden_side_effects"": [""*""], ""target_field"": ""note"", ""target_object"": ""step27""}","{
  ""domain"": ""workflow_micro"",
  ""target_object"": ""step27"",
  ""target_field"": ""note"",
  ""expected_state"": ""checked_27"",
  ""forbidden_side_effects"": [""*""]
}",4e0354051e17,0,,153,1.0,1.0,1.0,0.0,0.0,missing_forbidden_effect,"[""unrelated objects"", ""unrelated fields""]"
pc_v4_27_p2,pc_v4_27,workflow_micro,Model-A,deepseek-v4-flash,disabled,conditional_negative_constraint,"If step27 is present, set note to checked_27. Do not alter any other object or field.","{""domain"": ""workflow_micro"", ""expected_state"": ""checked_27"", ""forbidden_side_effects"": ""any other object or field"", ""target_field"": ""note"", ""target_object"": ""step27""}","{
  ""domain"": ""workflow_micro"",
  ""target_object"": ""step27"",
  ""target_field"": ""note"",
  ""expected_state"": ""checked_27"",
  ""forbidden_side_effects"": ""any other object or field""
}",da7b9e9f34e9,0,,158,1.0,1.0,1.0,1.0,0.0,none,"[""unrelated objects"", ""unrelated fields""]"
pc_v4_27_p3,pc_v4_27,workflow_micro,Model-A,deepseek-v4-flash,disabled,ellipsis_multi_object_preservation,"For step27: note -> checked_27; peer_step_27_a and peer_step_27_b, unchanged.","{""domain"": ""workflow_micro"", ""expected_state"": ""checked_27"", ""forbidden_side_effects"": [""peer_step_27_a"", ""peer_step_27_b""], ""target_field"": ""note"", ""target_object"": ""step27""}","{
  ""domain"": ""workflow_micro"",
  ""target_object"": ""step27"",
  ""target_field"": ""note"",
  ""expected_state"": ""checked_27"",
  ""forbidden_side_effects"": [""peer_step_27_a"", ""peer_step_27_b""]
}",086588260528,0,,167,1.0,1.0,1.0,1.0,0.0,none,"[""peer_step_27_a"", ""peer_step_27_b""]"
pc_v4_28_p1,pc_v4_28,file,Model-A,deepseek-v4-flash,disabled,pronoun_coreference,"Open reports/draft_28.txt. Change its content so that it reads approved_28, and leave everything else untouched.","{""domain"": ""file"", ""expected_state"": ""approved_28"", ""forbidden_side_effects"": [""modify other files"", ""modify metadata"", ""change permissions"", ""create files"", ""delete files""], ""target_field"": ""content"", ""target_object"": ""reports/draft_28.txt""}","{
  ""domain"": ""file"",
  ""target_object"": ""reports/draft_28.txt"",
  ""target_field"": ""content"",
  ""expected_state"": ""approved_28"",
  ""forbidden_side_effects"": [""modify other files"", ""modify metadata"", ""change permissions"", ""create files"", ""delete files""]
}",81e4e9ff67d6,0,,176,1.0,1.0,1.0,0.0,0.0,missing_forbidden_effect,"[""unrelated objects"", ""unrelated fields""]"
pc_v4_28_p2,pc_v4_28,file,Model-A,deepseek-v4-flash,disabled,conditional_negative_constraint,"If reports/draft_28.txt is present, set content to approved_28. Do not alter any other object or field.","{""domain"": ""file"", ""expected_state"": ""approved_28"", ""forbidden_side_effects"": [""*""], ""target_field"": ""content"", ""target_object"": ""reports/draft_28.txt""}","{
  ""domain"": ""file"",
  ""target_object"": ""reports/draft_28.txt"",
  ""target_field"": ""content"",
  ""expected_state"": ""approved_28"",
  ""forbidden_side_effects"": [""*""]
}",b000a5c9f1d7,0,,157,1.0,1.0,1.0,0.0,0.0,missing_forbidden_effect,"[""unrelated objects"", ""unrelated fields""]"
pc_v4_28_p3,pc_v4_28,file,Model-A,deepseek-v4-flash,disabled,ellipsis_multi_object_preservation,"For reports/draft_28.txt: content -> approved_28; reports/reference_28.txt and reports/archive_28.txt, unchanged.","{""domain"": ""file"", ""expected_state"": ""approved_28"", ""forbidden_side_effects"": [{""expected_state"": ""unchanged"", ""target_field"": ""content"", ""target_object"": ""reports/reference_28.txt""}, {""expected_state"": ""unchanged"", ""target_field"": ""content"", ""target_object"": ""reports/archive_28.txt""}], ""target_field"": ""content"", ""target_object"": ""reports/draft_28.txt""}","{
  ""domain"": ""file"",
  ""target_object"": ""reports/draft_28.txt"",
  ""target_field"": ""content"",
  ""expected_state"": ""approved_28"",
  ""forbidden_side_effects"": [
    {""target_object"": ""reports/reference_28.txt"", ""target_field"": ""content"", ""expected_state"": ""unchanged""},
    {""target_object"": ""reports/archive_28.txt"", ""target_field"": ""content"", ""expected_state"": ""unchanged""}
  ]
}",515d91ae5d97,0,,219,1.0,1.0,1.0,1.0,0.0,none,"[""reports/reference_28.txt"", ""reports/archive_28.txt""]"
pc_v4_29_p1,pc_v4_29,web_form,Model-A,deepseek-v4-flash,disabled,pronoun_coreference,"Open r29. Change its status so that it reads approved, and leave everything else untouched.","{""domain"": ""web_form"", ""expected_state"": ""approved"", ""forbidden_side_effects"": [""any change to other fields of r29"", ""any change to other objects""], ""target_field"": ""status"", ""target_object"": ""r29""}","{
  ""domain"": ""web_form"",
  ""target_object"": ""r29"",
  ""target_field"": ""status"",
  ""expected_state"": ""approved"",
  ""forbidden_side_effects"": [""any change to other fields of r29"", ""any change to other objects""]
}",dcb7a39423f9,0,,159,1.0,1.0,1.0,1.0,0.0,none,"[""unrelated objects"", ""unrelated fields""]"
pc_v4_29_p2,pc_v4_29,web_form,Model-A,deepseek-v4-flash,disabled,conditional_negative_constraint,"If r29 is present, set status to approved. Do not alter any other object or field.","{""domain"": ""web_form"", ""expected_state"": ""approved"", ""forbidden_side_effects"": ""any other object or field"", ""target_field"": ""status"", ""target_object"": ""r29""}","{
  ""domain"": ""web_form"",
  ""target_object"": ""r29"",
  ""target_field"": ""status"",
  ""expected_state"": ""approved"",
  ""forbidden_side_effects"": ""any other object or field""
}",31227d7933eb,0,,150,1.0,1.0,1.0,1.0,0.0,none,"[""unrelated objects"", ""unrelated fields""]"
pc_v4_29_p3,pc_v4_29,web_form,Model-A,deepseek-v4-flash,disabled,ellipsis_multi_object_preservation,"For r29: status -> approved; peer_record_29_a and peer_record_29_b, unchanged.","{""domain"": ""web_form"", ""expected_state"": ""approved"", ""forbidden_side_effects"": [""peer_record_29_a"", ""peer_record_29_b""], ""target_field"": ""status"", ""target_object"": ""r29""}","{
  ""domain"": ""web_form"",
  ""target_object"": ""r29"",
  ""target_field"": ""status"",
  ""expected_state"": ""approved"",
  ""forbidden_side_effects"": [""peer_record_29_a"", ""peer_record_29_b""]
}",59fa1006028f,0,,159,1.0,1.0,1.0,1.0,0.0,none,"[""peer_record_29_a"", ""peer_record_29_b""]"
pc_v4_30_p1,pc_v4_30,table,Model-A,deepseek-v4-flash,disabled,pronoun_coreference,"Open row30. Change its score so that it reads 80, and leave everything else untouched.","{""domain"": ""table"", ""expected_state"": 80, ""forbidden_side_effects"": [""any other field changes"", ""any other row changes""], ""target_field"": ""score"", ""target_object"": ""row30""}","{
  ""domain"": ""table"",
  ""target_object"": ""row30"",
  ""target_field"": ""score"",
  ""expected_state"": 80,
  ""forbidden_side_effects"": [""any other field changes"", ""any other row changes""]
}",d53df498199f,0,,153,1.0,1.0,1.0,0.5,0.0,missing_forbidden_effect,"[""unrelated objects"", ""unrelated fields""]"
pc_v4_30_p2,pc_v4_30,table,Model-A,deepseek-v4-flash,disabled,conditional_negative_constraint,"If row30 is present, set score to 80. Do not alter any other object or field.","{""domain"": ""table"", ""expected_state"": 80, ""forbidden_side_effects"": ""any other object or field"", ""target_field"": ""score"", ""target_object"": ""row30""}","{
  ""domain"": ""table"",
  ""target_object"": ""row30"",
  ""target_field"": ""score"",
  ""expected_state"": 80,
  ""forbidden_side_effects"": ""any other object or field""
}",e6b3231117ee,0,,149,1.0,1.0,1.0,1.0,0.0,none,"[""unrelated objects"", ""unrelated fields""]"
pc_v4_30_p3,pc_v4_30,table,Model-A,deepseek-v4-flash,disabled,ellipsis_multi_object_preservation,"For row30: score -> 80; peer_row_30_a and peer_row_30_b, unchanged.","{""domain"": ""table"", ""expected_state"": 80, ""forbidden_side_effects"": [""peer_row_30_a"", ""peer_row_30_b""], ""target_field"": ""score"", ""target_object"": ""row30""}","{
  ""domain"": ""table"",
  ""target_object"": ""row30"",
  ""target_field"": ""score"",
  ""expected_state"": 80,
  ""forbidden_side_effects"": [""peer_row_30_a"", ""peer_row_30_b""]
}",d076cbce9a0f,0,,158,1.0,1.0,1.0,1.0,0.0,none,"[""peer_row_30_a"", ""peer_row_30_b""]"
pc_v4_31_p1,pc_v4_31,workflow_micro,Model-A,deepseek-v4-flash,disabled,pronoun_coreference,"Open step31. Change its note so that it reads checked_31, and leave everything else untouched.","{""domain"": ""workflow_micro"", ""expected_state"": ""checked_31"", ""forbidden_side_effects"": [""any change to other fields of step31"", ""any change to other steps""], ""target_field"": ""note"", ""target_object"": ""step31""}","{
  ""domain"": ""workflow_micro"",
  ""target_object"": ""step31"",
  ""target_field"": ""note"",
  ""expected_state"": ""checked_31"",
  ""forbidden_side_effects"": [""any change to other fields of step31"", ""any change to other steps""]
}",455e6d397f6e,0,,167,1.0,1.0,1.0,1.0,0.0,none,"[""unrelated objects"", ""unrelated fields""]"
pc_v4_31_p2,pc_v4_31,workflow_micro,Model-A,deepseek-v4-flash,disabled,conditional_negative_constraint,"If step31 is present, set note to checked_31. Do not alter any other object or field.","{""domain"": ""workflow_micro"", ""expected_state"": ""checked_31"", ""forbidden_side_effects"": [""*""], ""target_field"": ""note"", ""target_object"": ""step31""}","{
  ""domain"": ""workflow_micro"",
  ""target_object"": ""step31"",
  ""target_field"": ""note"",
  ""expected_state"": ""checked_31"",
  ""forbidden_side_effects"": [""*""]
}",2cc11210a1b3,0,,154,1.0,1.0,1.0,0.0,0.0,missing_forbidden_effect,"[""unrelated objects"", ""unrelated fields""]"
pc_v4_31_p3,pc_v4_31,workflow_micro,Model-A,deepseek-v4-flash,disabled,ellipsis_multi_object_preservation,"For step31: note -> checked_31; peer_step_31_a and peer_step_31_b, unchanged.","{""domain"": ""workflow_micro"", ""expected_state"": true, ""forbidden_side_effects"": [""peer_step_31_a"", ""peer_step_31_b""], ""target_field"": ""checked_31"", ""target_object"": ""note""}","{
  ""domain"": ""workflow_micro"",
  ""target_object"": ""note"",
  ""target_field"": ""checked_31"",
  ""expected_state"": true,
  ""forbidden_side_effects"": [""peer_step_31_a"", ""peer_step_31_b""]
}",a2220fc1734e,0,,165,0.0,0.0,0.0,1.0,0.0,wrong_object;wrong_field;wrong_constraint,"[""peer_step_31_a"", ""peer_step_31_b""]"
pc_v4_32_p1,pc_v4_32,file,Model-A,deepseek-v4-flash,disabled,pronoun_coreference,"Open reports/draft_32.txt. Change its content so that it reads approved_32, and leave everything else untouched.","{""domain"": ""file"", ""expected_state"": ""approved_32"", ""forbidden_side_effects"": [""change other files"", ""change metadata"", ""change permissions"", ""change other content""], ""target_field"": ""content"", ""target_object"": ""reports/draft_32.txt""}","{
  ""domain"": ""file"",
  ""target_object"": ""reports/draft_32.txt"",
  ""target_field"": ""content"",
  ""expected_state"": ""approved_32"",
  ""forbidden_side_effects"": [""change other files"", ""change metadata"", ""change permissions"", ""change other content""]
}",89daffea83c4,0,,171,1.0,1.0,1.0,0.0,0.0,missing_forbidden_effect,"[""unrelated objects"", ""unrelated fields""]"
pc_v4_32_p2,pc_v4_32,file,Model-A,deepseek-v4-flash,disabled,conditional_negative_constraint,"If reports/draft_32.txt is present, set content to approved_32. Do not alter any other object or field.","{""domain"": ""file"", ""expected_state"": ""approved_32"", ""forbidden_side_effects"": [""*""], ""target_field"": ""content"", ""target_object"": ""reports/draft_32.txt""}","{
  ""domain"": ""file"",
  ""target_object"": ""reports/draft_32.txt"",
  ""target_field"": ""content"",
  ""expected_state"": ""approved_32"",
  ""forbidden_side_effects"": [""*""]
}",21f98be7df59,0,,157,1.0,1.0,1.0,0.0,0.0,missing_forbidden_effect,"[""unrelated objects"", ""unrelated fields""]"
pc_v4_32_p3,pc_v4_32,file,Model-A,deepseek-v4-flash,disabled,ellipsis_multi_object_preservation,"For reports/draft_32.txt: content -> approved_32; reports/reference_32.txt and reports/archive_32.txt, unchanged.","{""domain"": ""file"", ""expected_state"": ""approved_32"", ""forbidden_side_effects"": [""reports/reference_32.txt"", ""reports/archive_32.txt""], ""target_field"": ""content"", ""target_object"": ""reports/draft_32.txt""}","{
  ""domain"": ""file"",
  ""target_object"": ""reports/draft_32.txt"",
  ""target_field"": ""content"",
  ""expected_state"": ""approved_32"",
  ""forbidden_side_effects"": [""reports/reference_32.txt"", ""reports/archive_32.txt""]
}",5617d6d5c7d0,0,,176,1.0,1.0,1.0,1.0,0.0,none,"[""reports/reference_32.txt"", ""reports/archive_32.txt""]"
pc_v4_33_p1,pc_v4_33,web_form,Model-A,deepseek-v4-flash,disabled,pronoun_coreference,"Open r33. Change its name so that it reads Alice_33, and leave everything else untouched.","{""domain"": ""web_form"", ""expected_state"": ""Alice_33"", ""forbidden_side_effects"": [""any other field change"", ""any other object change""], ""target_field"": ""name"", ""target_object"": ""r33""}","{
  ""domain"": ""web_form"",
  ""target_object"": ""r33"",
  ""target_field"": ""name"",
  ""expected_state"": ""Alice_33"",
  ""forbidden_side_effects"": [""any other field change"", ""any other object change""]
}",8c22dbdb1c69,0,,158,1.0,1.0,1.0,1.0,0.0,none,"[""unrelated objects"", ""unrelated fields""]"
pc_v4_33_p2,pc_v4_33,web_form,Model-A,deepseek-v4-flash,disabled,conditional_negative_constraint,"If r33 is present, set name to Alice_33. Do not alter any other object or field.","{""domain"": ""web_form"", ""expected_state"": ""Alice_33"", ""forbidden_side_effects"": [""*""], ""target_field"": ""name"", ""target_object"": ""r33""}","{
  ""domain"": ""web_form"",
  ""target_object"": ""r33"",
  ""target_field"": ""name"",
  ""expected_state"": ""Alice_33"",
  ""forbidden_side_effects"": [""*""]
}",9d484b39fde6,0,,150,1.0,1.0,1.0,0.0,0.0,missing_forbidden_effect,"[""unrelated objects"", ""unrelated fields""]"
pc_v4_33_p3,pc_v4_33,web_form,Model-A,deepseek-v4-flash,disabled,ellipsis_multi_object_preservation,"For r33: name -> Alice_33; peer_record_33_a and peer_record_33_b, unchanged.","{""domain"": ""web_form"", ""expected_state"": ""Alice_33"", ""forbidden_side_effects"": [""peer_record_33_a"", ""peer_record_33_b""], ""target_field"": ""name"", ""target_object"": ""r33""}","{
  ""domain"": ""web_form"",
  ""target_object"": ""r33"",
  ""target_field"": ""name"",
  ""expected_state"": ""Alice_33"",
  ""forbidden_side_effects"": [""peer_record_33_a"", ""peer_record_33_b""]
}",ecf3a286af20,0,,163,1.0,1.0,1.0,1.0,0.0,none,"[""peer_record_33_a"", ""peer_record_33_b""]"
pc_v4_34_p1,pc_v4_34,table,Model-A,deepseek-v4-flash,disabled,pronoun_coreference,"Open row34. Change its score so that it reads 84, and leave everything else untouched.","{""domain"": ""table"", ""expected_state"": 84, ""forbidden_side_effects"": [""row34.other_fields"", ""other_rows""], ""target_field"": ""score"", ""target_object"": ""row34""}","{
  ""domain"": ""table"",
  ""target_object"": ""row34"",
  ""target_field"": ""score"",
  ""expected_state"": 84,
  ""forbidden_side_effects"": [""row34.other_fields"", ""other_rows""]
}",8b0b1e617832,0,,152,1.0,1.0,1.0,0.5,0.0,missing_forbidden_effect,"[""unrelated objects"", ""unrelated fields""]"
pc_v4_34_p2,pc_v4_34,table,Model-A,deepseek-v4-flash,disabled,conditional_negative_constraint,"If row34 is present, set score to 84. Do not alter any other object or field.","{""domain"": ""table"", ""expected_state"": 84, ""forbidden_side_effects"": ""any other object or field"", ""target_field"": ""score"", ""target_object"": ""row34""}","{
  ""domain"": ""table"",
  ""target_object"": ""row34"",
  ""target_field"": ""score"",
  ""expected_state"": 84,
  ""forbidden_side_effects"": ""any other object or field""
}",f065443dba6f,0,,149,1.0,1.0,1.0,1.0,0.0,none,"[""unrelated objects"", ""unrelated fields""]"
pc_v4_34_p3,pc_v4_34,table,Model-A,deepseek-v4-flash,disabled,ellipsis_multi_object_preservation,"For row34: score -> 84; peer_row_34_a and peer_row_34_b, unchanged.","{""domain"": ""table"", ""expected_state"": 84, ""forbidden_side_effects"": [""peer_row_34_a"", ""peer_row_34_b""], ""target_field"": ""score"", ""target_object"": ""row34""}","{
  ""domain"": ""table"",
  ""target_object"": ""row34"",
  ""target_field"": ""score"",
  ""expected_state"": 84,
  ""forbidden_side_effects"": [""peer_row_34_a"", ""peer_row_34_b""]
}",be17f36a8577,0,,158,1.0,1.0,1.0,1.0,0.0,none,"[""peer_row_34_a"", ""peer_row_34_b""]"
pc_v4_35_p1,pc_v4_35,workflow_micro,Model-A,deepseek-v4-flash,disabled,pronoun_coreference,"Open step35. Change its note so that it reads checked_35, and leave everything else untouched.","{""domain"": ""workflow_micro"", ""expected_state"": ""checked_35"", ""forbidden_side_effects"": [""step35.*"", ""*""], ""target_field"": ""note"", ""target_object"": ""step35""}","{
  ""domain"": ""workflow_micro"",
  ""target_object"": ""step35"",
  ""target_field"": ""note"",
  ""expected_state"": ""checked_35"",
  ""forbidden_side_effects"": [""step35.*"", ""*""]
}",e37cf681b949,0,,157,1.0,1.0,1.0,0.0,0.0,missing_forbidden_effect,"[""unrelated objects"", ""unrelated fields""]"
pc_v4_35_p2,pc_v4_35,workflow_micro,Model-A,deepseek-v4-flash,disabled,conditional_negative_constraint,"If step35 is present, set note to checked_35. Do not alter any other object or field.","{""domain"": ""workflow_micro"", ""expected_state"": ""checked_35"", ""forbidden_side_effects"": ""any other object or field"", ""target_field"": ""note"", ""target_object"": ""step35""}","{
  ""domain"": ""workflow_micro"",
  ""target_object"": ""step35"",
  ""target_field"": ""note"",
  ""expected_state"": ""checked_35"",
  ""forbidden_side_effects"": ""any other object or field""
}",da1e79c5d7b3,0,,158,1.0,1.0,1.0,1.0,0.0,none,"[""unrelated objects"", ""unrelated fields""]"
pc_v4_35_p3,pc_v4_35,workflow_micro,Model-A,deepseek-v4-flash,disabled,ellipsis_multi_object_preservation,"For step35: note -> checked_35; peer_step_35_a and peer_step_35_b, unchanged.","{""domain"": ""workflow_micro"", ""expected_state"": true, ""forbidden_side_effects"": [""peer_step_35_a"", ""peer_step_35_b""], ""target_field"": ""checked_35"", ""target_object"": ""note""}","{
  ""domain"": ""workflow_micro"",
  ""target_object"": ""note"",
  ""target_field"": ""checked_35"",
  ""expected_state"": true,
  ""forbidden_side_effects"": [""peer_step_35_a"", ""peer_step_35_b""]
}",fac54d4ab23c,0,,165,0.0,0.0,0.0,1.0,0.0,wrong_object;wrong_field;wrong_constraint,"[""peer_step_35_a"", ""peer_step_35_b""]"
pc_v4_36_p1,pc_v4_36,file,Model-A,deepseek-v4-flash,disabled,pronoun_coreference,"Open reports/draft_36.txt. Change its content so that it reads approved_36, and leave everything else untouched.","{""domain"": ""file"", ""expected_state"": ""approved_36"", ""forbidden_side_effects"": [""modify other files"", ""change permissions"", ""change metadata""], ""target_field"": ""content"", ""target_object"": ""reports/draft_36.txt""}","{
  ""domain"": ""file"",
  ""target_object"": ""reports/draft_36.txt"",
  ""target_field"": ""content"",
  ""expected_state"": ""approved_36"",
  ""forbidden_side_effects"": [""modify other files"", ""change permissions"", ""change metadata""]
}",dc427f376cf1,0,,167,1.0,1.0,1.0,0.0,0.0,missing_forbidden_effect,"[""unrelated objects"", ""unrelated fields""]"
pc_v4_36_p2,pc_v4_36,file,Model-A,deepseek-v4-flash,disabled,conditional_negative_constraint,"If reports/draft_36.txt is present, set content to approved_36. Do not alter any other object or field.","{""domain"": ""file"", ""expected_state"": ""approved_36"", ""forbidden_side_effects"": ""no other object or field altered"", ""target_field"": ""content"", ""target_object"": ""reports/draft_36.txt""}","{
  ""domain"": ""file"",
  ""target_object"": ""reports/draft_36.txt"",
  ""target_field"": ""content"",
  ""expected_state"": ""approved_36"",
  ""forbidden_side_effects"": ""no other object or field altered""
}",6dc67e9029d5,0,,162,1.0,1.0,1.0,1.0,0.0,none,"[""unrelated objects"", ""unrelated fields""]"
pc_v4_36_p3,pc_v4_36,file,Model-A,deepseek-v4-flash,disabled,ellipsis_multi_object_preservation,"For reports/draft_36.txt: content -> approved_36; reports/reference_36.txt and reports/archive_36.txt, unchanged.","{""domain"": ""file"", ""expected_state"": ""approved_36"", ""forbidden_side_effects"": [""reports/reference_36.txt"", ""reports/archive_36.txt""], ""target_field"": ""content"", ""target_object"": ""reports/draft_36.txt""}","{
  ""domain"": ""file"",
  ""target_object"": ""reports/draft_36.txt"",
  ""target_field"": ""content"",
  ""expected_state"": ""approved_36"",
  ""forbidden_side_effects"": [""reports/reference_36.txt"", ""reports/archive_36.txt""]
}",95edc4ea72b1,0,,176,1.0,1.0,1.0,1.0,0.0,none,"[""reports/reference_36.txt"", ""reports/archive_36.txt""]"
pc_v4_37_p1,pc_v4_37,web_form,Model-A,deepseek-v4-flash,disabled,pronoun_coreference,"Open r37. Change its status so that it reads approved, and leave everything else untouched.","{""domain"": ""web_form"", ""expected_state"": ""approved"", ""forbidden_side_effects"": [""any change to other fields of r37"", ""any change to other objects""], ""target_field"": ""status"", ""target_object"": ""r37""}","{
  ""domain"": ""web_form"",
  ""target_object"": ""r37"",
  ""target_field"": ""status"",
  ""expected_state"": ""approved"",
  ""forbidden_side_effects"": [""any change to other fields of r37"", ""any change to other objects""]
}",c6ce4a9e48fc,0,,159,1.0,1.0,1.0,1.0,0.0,none,"[""unrelated objects"", ""unrelated fields""]"
pc_v4_37_p2,pc_v4_37,web_form,Model-A,deepseek-v4-flash,disabled,conditional_negative_constraint,"If r37 is present, set status to approved. Do not alter any other object or field.","{""domain"": ""web_form"", ""expected_state"": ""approved"", ""forbidden_side_effects"": [""any other object or field""], ""target_field"": ""status"", ""target_object"": ""r37""}","{
  ""domain"": ""web_form"",
  ""target_object"": ""r37"",
  ""target_field"": ""status"",
  ""expected_state"": ""approved"",
  ""forbidden_side_effects"": [""any other object or field""]
}",efc4d07cd291,0,,150,1.0,1.0,1.0,1.0,0.0,none,"[""unrelated objects"", ""unrelated fields""]"
pc_v4_37_p3,pc_v4_37,web_form,Model-A,deepseek-v4-flash,disabled,ellipsis_multi_object_preservation,"For r37: status -> approved; peer_record_37_a and peer_record_37_b, unchanged.","{""domain"": ""web_form"", ""expected_state"": ""approved"", ""forbidden_side_effects"": [""peer_record_37_a"", ""peer_record_37_b""], ""target_field"": ""status"", ""target_object"": ""r37""}","{
  ""domain"": ""web_form"",
  ""target_object"": ""r37"",
  ""target_field"": ""status"",
  ""expected_state"": ""approved"",
  ""forbidden_side_effects"": [""peer_record_37_a"", ""peer_record_37_b""]
}",46e6eccd79c7,0,,159,1.0,1.0,1.0,1.0,0.0,none,"[""peer_record_37_a"", ""peer_record_37_b""]"
pc_v4_38_p1,pc_v4_38,table,Model-A,deepseek-v4-flash,disabled,pronoun_coreference,"Open row38. Change its score so that it reads 88, and leave everything else untouched.","{""domain"": ""table"", ""expected_state"": ""88"", ""forbidden_side_effects"": ""any other changes"", ""target_field"": ""score"", ""target_object"": ""row38""}","{
  ""domain"": ""table"",
  ""target_object"": ""row38"",
  ""target_field"": ""score"",
  ""expected_state"": ""88"",
  ""forbidden_side_effects"": ""any other changes""
}",109c256ccd28,0,,146,1.0,1.0,1.0,0.0,0.0,missing_forbidden_effect,"[""unrelated objects"", ""unrelated fields""]"
pc_v4_38_p2,pc_v4_38,table,Model-A,deepseek-v4-flash,disabled,conditional_negative_constraint,"If row38 is present, set score to 88. Do not alter any other object or field.","{""domain"": ""table"", ""expected_state"": 88, ""forbidden_side_effects"": ""any other object or field"", ""target_field"": ""score"", ""target_object"": ""row38""}","{
  ""domain"": ""table"",
  ""target_object"": ""row38"",
  ""target_field"": ""score"",
  ""expected_state"": 88,
  ""forbidden_side_effects"": ""any other object or field""
}",656eb66051ee,0,,149,1.0,1.0,1.0,1.0,0.0,none,"[""unrelated objects"", ""unrelated fields""]"
pc_v4_38_p3,pc_v4_38,table,Model-A,deepseek-v4-flash,disabled,ellipsis_multi_object_preservation,"For row38: score -> 88; peer_row_38_a and peer_row_38_b, unchanged.","{""domain"": ""table"", ""expected_state"": 88, ""forbidden_side_effects"": [""peer_row_38_a"", ""peer_row_38_b""], ""target_field"": ""score"", ""target_object"": ""row38""}","{
  ""domain"": ""table"",
  ""target_object"": ""row38"",
  ""target_field"": ""score"",
  ""expected_state"": 88,
  ""forbidden_side_effects"": [""peer_row_38_a"", ""peer_row_38_b""]
}",ca467925561b,0,,158,1.0,1.0,1.0,1.0,0.0,none,"[""peer_row_38_a"", ""peer_row_38_b""]"
pc_v4_39_p1,pc_v4_39,workflow_micro,Model-A,deepseek-v4-flash,disabled,pronoun_coreference,"Open step39. Change its note so that it reads checked_39, and leave everything else untouched.","{""domain"": ""workflow_micro"", ""expected_state"": ""checked_39"", ""forbidden_side_effects"": [""step39.*"", ""*""], ""target_field"": ""note"", ""target_object"": ""step39""}","{
  ""domain"": ""workflow_micro"",
  ""target_object"": ""step39"",
  ""target_field"": ""note"",
  ""expected_state"": ""checked_39"",
  ""forbidden_side_effects"": [""step39.*"", ""*""]
}",ba5c64b2ab04,0,,157,1.0,1.0,1.0,0.0,0.0,missing_forbidden_effect,"[""unrelated objects"", ""unrelated fields""]"
pc_v4_39_p2,pc_v4_39,workflow_micro,Model-A,deepseek-v4-flash,disabled,conditional_negative_constraint,"If step39 is present, set note to checked_39. Do not alter any other object or field.","{""domain"": ""workflow_micro"", ""expected_state"": ""checked_39"", ""forbidden_side_effects"": [""any other object or field""], ""target_field"": ""note"", ""target_object"": ""step39""}","{
  ""domain"": ""workflow_micro"",
  ""target_object"": ""step39"",
  ""target_field"": ""note"",
  ""expected_state"": ""checked_39"",
  ""forbidden_side_effects"": [""any other object or field""]
}",08da7da10ca4,0,,158,1.0,1.0,1.0,1.0,0.0,none,"[""unrelated objects"", ""unrelated fields""]"
pc_v4_39_p3,pc_v4_39,workflow_micro,Model-A,deepseek-v4-flash,disabled,ellipsis_multi_object_preservation,"For step39: note -> checked_39; peer_step_39_a and peer_step_39_b, unchanged.","{""domain"": ""workflow_micro"", ""expected_state"": true, ""forbidden_side_effects"": [""peer_step_39_a"", ""peer_step_39_b""], ""target_field"": ""checked_39"", ""target_object"": ""note""}","{
  ""domain"": ""workflow_micro"",
  ""target_object"": ""note"",
  ""target_field"": ""checked_39"",
  ""expected_state"": true,
  ""forbidden_side_effects"": [""peer_step_39_a"", ""peer_step_39_b""]
}",1f9dd0d8244e,0,,165,0.0,0.0,0.0,1.0,0.0,wrong_object;wrong_field;wrong_constraint,"[""peer_step_39_a"", ""peer_step_39_b""]"
pc_v4_40_p1,pc_v4_40,file,Model-A,deepseek-v4-flash,disabled,pronoun_coreference,"Open reports/draft_40.txt. Change its content so that it reads approved_40, and leave everything else untouched.","{""domain"": ""file"", ""expected_state"": ""approved_40"", ""forbidden_side_effects"": [""modify other files"", ""change file metadata"", ""change file permissions"", ""create new files"", ""delete files""], ""target_field"": ""content"", ""target_object"": ""reports/draft_40.txt""}","{
  ""domain"": ""file"",
  ""target_object"": ""reports/draft_40.txt"",
  ""target_field"": ""content"",
  ""expected_state"": ""approved_40"",
  ""forbidden_side_effects"": [""modify other files"", ""change file metadata"", ""change file permissions"", ""create new files"", ""delete files""]
}",40d357c8f6f6,0,,178,1.0,1.0,1.0,0.0,0.0,missing_forbidden_effect,"[""unrelated objects"", ""unrelated fields""]"
pc_v4_40_p2,pc_v4_40,file,Model-A,deepseek-v4-flash,disabled,conditional_negative_constraint,"If reports/draft_40.txt is present, set content to approved_40. Do not alter any other object or field.","{""domain"": ""file"", ""expected_state"": ""approved_40"", ""forbidden_side_effects"": [""*""], ""target_field"": ""content"", ""target_object"": ""reports/draft_40.txt""}","{
  ""domain"": ""file"",
  ""target_object"": ""reports/draft_40.txt"",
  ""target_field"": ""content"",
  ""expected_state"": ""approved_40"",
  ""forbidden_side_effects"": [""*""]
}",046ea5f1abc2,0,,157,1.0,1.0,1.0,0.0,0.0,missing_forbidden_effect,"[""unrelated objects"", ""unrelated fields""]"
pc_v4_40_p3,pc_v4_40,file,Model-A,deepseek-v4-flash,disabled,ellipsis_multi_object_preservation,"For reports/draft_40.txt: content -> approved_40; reports/reference_40.txt and reports/archive_40.txt, unchanged.","{""domain"": ""file"", ""expected_state"": ""approved_40"", ""forbidden_side_effects"": [""reports/reference_40.txt"", ""reports/archive_40.txt""], ""target_field"": ""content"", ""target_object"": ""reports/draft_40.txt""}","{
  ""domain"": ""file"",
  ""target_object"": ""reports/draft_40.txt"",
  ""target_field"": ""content"",
  ""expected_state"": ""approved_40"",
  ""forbidden_side_effects"": [""reports/reference_40.txt"", ""reports/archive_40.txt""]
}",0d645b52b173,0,,176,1.0,1.0,1.0,1.0,0.0,none,"[""reports/reference_40.txt"", ""reports/archive_40.txt""]"
pc_v4_41_p1,pc_v4_41,web_form,Model-A,deepseek-v4-flash,disabled,pronoun_coreference,"Open r41. Change its status so that it reads approved, and leave everything else untouched.","{""domain"": ""web_form"", ""expected_state"": ""approved"", ""forbidden_side_effects"": [""any other field changes""], ""target_field"": ""status"", ""target_object"": ""r41""}","{
  ""domain"": ""web_form"",
  ""target_object"": ""r41"",
  ""target_field"": ""status"",
  ""expected_state"": ""approved"",
  ""forbidden_side_effects"": [""any other field changes""]
}",5ac224d41cbd,0,,148,1.0,1.0,1.0,0.5,0.0,missing_forbidden_effect,"[""unrelated objects"", ""unrelated fields""]"
pc_v4_41_p2,pc_v4_41,web_form,Model-A,deepseek-v4-flash,disabled,conditional_negative_constraint,"If r41 is present, set status to approved. Do not alter any other object or field.","{""domain"": ""web_form"", ""expected_state"": ""approved"", ""forbidden_side_effects"": [""*""], ""target_field"": ""status"", ""target_object"": ""r41""}","{
  ""domain"": ""web_form"",
  ""target_object"": ""r41"",
  ""target_field"": ""status"",
  ""expected_state"": ""approved"",
  ""forbidden_side_effects"": [""*""]
}",81ce1b8af4a0,0,,146,1.0,1.0,1.0,0.0,0.0,missing_forbidden_effect,"[""unrelated objects"", ""unrelated fields""]"
pc_v4_41_p3,pc_v4_41,web_form,Model-A,deepseek-v4-flash,disabled,ellipsis_multi_object_preservation,"For r41: status -> approved; peer_record_41_a and peer_record_41_b, unchanged.","{""domain"": ""web_form"", ""expected_state"": ""approved"", ""forbidden_side_effects"": [""peer_record_41_a"", ""peer_record_41_b""], ""target_field"": ""status"", ""target_object"": ""r41""}","{
  ""domain"": ""web_form"",
  ""target_object"": ""r41"",
  ""target_field"": ""status"",
  ""expected_state"": ""approved"",
  ""forbidden_side_effects"": [""peer_record_41_a"", ""peer_record_41_b""]
}",8e71616e7b4f,0,,159,1.0,1.0,1.0,1.0,0.0,none,"[""peer_record_41_a"", ""peer_record_41_b""]"
pc_v4_42_p1,pc_v4_42,table,Model-A,deepseek-v4-flash,disabled,pronoun_coreference,"Open row42. Change its score so that it reads 82, and leave everything else untouched.","{""domain"": ""table"", ""expected_state"": 82, ""forbidden_side_effects"": [""change other fields"", ""change other rows""], ""target_field"": ""score"", ""target_object"": ""row42""}","{
  ""domain"": ""table"",
  ""target_object"": ""row42"",
  ""target_field"": ""score"",
  ""expected_state"": 82,
  ""forbidden_side_effects"": [""change other fields"", ""change other rows""]
}",b1edfb497b54,0,,151,1.0,1.0,1.0,0.5,0.0,missing_forbidden_effect,"[""unrelated objects"", ""unrelated fields""]"
pc_v4_42_p2,pc_v4_42,table,Model-A,deepseek-v4-flash,disabled,conditional_negative_constraint,"If row42 is present, set score to 82. Do not alter any other object or field.","{""domain"": ""table"", ""expected_state"": 82, ""forbidden_side_effects"": ""any other object or field"", ""target_field"": ""score"", ""target_object"": ""row42""}","{
  ""domain"": ""table"",
  ""target_object"": ""row42"",
  ""target_field"": ""score"",
  ""expected_state"": 82,
  ""forbidden_side_effects"": ""any other object or field""
}",5d9829a49d28,0,,149,1.0,1.0,1.0,1.0,0.0,none,"[""unrelated objects"", ""unrelated fields""]"
pc_v4_42_p3,pc_v4_42,table,Model-A,deepseek-v4-flash,disabled,ellipsis_multi_object_preservation,"For row42: score -> 82; peer_row_42_a and peer_row_42_b, unchanged.","{""domain"": ""table"", ""expected_state"": 82, ""forbidden_side_effects"": [""peer_row_42_a"", ""peer_row_42_b""], ""target_field"": ""score"", ""target_object"": ""row42""}","{
  ""domain"": ""table"",
  ""target_object"": ""row42"",
  ""target_field"": ""score"",
  ""expected_state"": 82,
  ""forbidden_side_effects"": [""peer_row_42_a"", ""peer_row_42_b""]
}",e15a66078911,0,,158,1.0,1.0,1.0,1.0,0.0,none,"[""peer_row_42_a"", ""peer_row_42_b""]"
pc_v4_43_p1,pc_v4_43,workflow_micro,Model-A,deepseek-v4-flash,disabled,pronoun_coreference,"Open step43. Change its note so that it reads checked_43, and leave everything else untouched.","{""domain"": ""workflow_micro"", ""expected_state"": ""checked_43"", ""forbidden_side_effects"": [""step43.*"", ""*""], ""target_field"": ""note"", ""target_object"": ""step43""}","{
  ""domain"": ""workflow_micro"",
  ""target_object"": ""step43"",
  ""target_field"": ""note"",
  ""expected_state"": ""checked_43"",
  ""forbidden_side_effects"": [""step43.*"", ""*""]
}",ac4ab79521a5,0,,157,1.0,1.0,1.0,0.0,0.0,missing_forbidden_effect,"[""unrelated objects"", ""unrelated fields""]"
pc_v4_43_p2,pc_v4_43,workflow_micro,Model-A,deepseek-v4-flash,disabled,conditional_negative_constraint,"If step43 is present, set note to checked_43. Do not alter any other object or field.","{""domain"": ""workflow_micro"", ""expected_state"": ""checked_43"", ""forbidden_side_effects"": [""*""], ""target_field"": ""note"", ""target_object"": ""step43""}","{
  ""domain"": ""workflow_micro"",
  ""target_object"": ""step43"",
  ""target_field"": ""note"",
  ""expected_state"": ""checked_43"",
  ""forbidden_side_effects"": [""*""]
}",71393d365d47,0,,154,1.0,1.0,1.0,0.0,0.0,missing_forbidden_effect,"[""unrelated objects"", ""unrelated fields""]"
pc_v4_43_p3,pc_v4_43,workflow_micro,Model-A,deepseek-v4-flash,disabled,ellipsis_multi_object_preservation,"For step43: note -> checked_43; peer_step_43_a and peer_step_43_b, unchanged.","{""domain"": ""workflow_micro"", ""expected_state"": true, ""forbidden_side_effects"": [""peer_step_43_a"", ""peer_step_43_b""], ""target_field"": ""checked_43"", ""target_object"": ""note""}","{
  ""domain"": ""workflow_micro"",
  ""target_object"": ""note"",
  ""target_field"": ""checked_43"",
  ""expected_state"": true,
  ""forbidden_side_effects"": [""peer_step_43_a"", ""peer_step_43_b""]
}",9ad800699687,0,,165,0.0,0.0,0.0,1.0,0.0,wrong_object;wrong_field;wrong_constraint,"[""peer_step_43_a"", ""peer_step_43_b""]"
pc_v4_44_p1,pc_v4_44,file,Model-A,deepseek-v4-flash,disabled,pronoun_coreference,"Open reports/draft_44.txt. Change its content so that it reads approved_44, and leave everything else untouched.","{""domain"": ""file"", ""expected_state"": ""approved_44"", ""forbidden_side_effects"": [], ""target_field"": ""content"", ""target_object"": ""reports/draft_44.txt""}","{
  ""domain"": ""file"",
  ""target_object"": ""reports/draft_44.txt"",
  ""target_field"": ""content"",
  ""expected_state"": ""approved_44"",
  ""forbidden_side_effects"": []
}",9cd84db4ff22,0,,154,1.0,1.0,1.0,0.0,0.0,missing_forbidden_effect,"[""unrelated objects"", ""unrelated fields""]"
pc_v4_44_p2,pc_v4_44,file,Model-A,deepseek-v4-flash,disabled,conditional_negative_constraint,"If reports/draft_44.txt is present, set content to approved_44. Do not alter any other object or field.","{""domain"": ""file"", ""expected_state"": ""approved_44"", ""forbidden_side_effects"": ""any other object or field"", ""target_field"": ""content"", ""target_object"": ""reports/draft_44.txt""}","{
  ""domain"": ""file"",
  ""target_object"": ""reports/draft_44.txt"",
  ""target_field"": ""content"",
  ""expected_state"": ""approved_44"",
  ""forbidden_side_effects"": ""any other object or field""
}",b5aaf7cde551,0,,161,1.0,1.0,1.0,1.0,0.0,none,"[""unrelated objects"", ""unrelated fields""]"
pc_v4_44_p3,pc_v4_44,file,Model-A,deepseek-v4-flash,disabled,ellipsis_multi_object_preservation,"For reports/draft_44.txt: content -> approved_44; reports/reference_44.txt and reports/archive_44.txt, unchanged.","{""domain"": ""file"", ""expected_state"": ""approved_44"", ""forbidden_side_effects"": [""reports/reference_44.txt"", ""reports/archive_44.txt""], ""target_field"": ""content"", ""target_object"": ""reports/draft_44.txt""}","{
  ""domain"": ""file"",
  ""target_object"": ""reports/draft_44.txt"",
  ""target_field"": ""content"",
  ""expected_state"": ""approved_44"",
  ""forbidden_side_effects"": [""reports/reference_44.txt"", ""reports/archive_44.txt""]
}",6a8d1a460850,0,,176,1.0,1.0,1.0,1.0,0.0,none,"[""reports/reference_44.txt"", ""reports/archive_44.txt""]"
pc_v4_45_p1,pc_v4_45,web_form,Model-A,deepseek-v4-flash,disabled,pronoun_coreference,"Open r45. Change its name so that it reads Alice_45, and leave everything else untouched.","{""domain"": ""web_form"", ""expected_state"": ""Alice_45"", ""forbidden_side_effects"": [""any other field changes"", ""any other object changes""], ""target_field"": ""name"", ""target_object"": ""r45""}","{
  ""domain"": ""web_form"",
  ""target_object"": ""r45"",
  ""target_field"": ""name"",
  ""expected_state"": ""Alice_45"",
  ""forbidden_side_effects"": [""any other field changes"", ""any other object changes""]
}",0dfe9b19e657,0,,158,1.0,1.0,1.0,1.0,0.0,none,"[""unrelated objects"", ""unrelated fields""]"
pc_v4_45_p2,pc_v4_45,web_form,Model-A,deepseek-v4-flash,disabled,conditional_negative_constraint,"If r45 is present, set name to Alice_45. Do not alter any other object or field.","{""domain"": ""web_form"", ""expected_state"": ""Alice_45"", ""forbidden_side_effects"": [""*""], ""target_field"": ""name"", ""target_object"": ""r45""}","{
  ""domain"": ""web_form"",
  ""target_object"": ""r45"",
  ""target_field"": ""name"",
  ""expected_state"": ""Alice_45"",
  ""forbidden_side_effects"": [""*""]
}",0abdd2cac44b,0,,150,1.0,1.0,1.0,0.0,0.0,missing_forbidden_effect,"[""unrelated objects"", ""unrelated fields""]"
pc_v4_45_p3,pc_v4_45,web_form,Model-A,deepseek-v4-flash,disabled,ellipsis_multi_object_preservation,"For r45: name -> Alice_45; peer_record_45_a and peer_record_45_b, unchanged.","{""domain"": ""web_form"", ""expected_state"": ""Alice_45"", ""forbidden_side_effects"": [""peer_record_45_a"", ""peer_record_45_b""], ""target_field"": ""name"", ""target_object"": ""r45""}","{
  ""domain"": ""web_form"",
  ""target_object"": ""r45"",
  ""target_field"": ""name"",
  ""expected_state"": ""Alice_45"",
  ""forbidden_side_effects"": [""peer_record_45_a"", ""peer_record_45_b""]
}",f86e2888b9ae,0,,163,1.0,1.0,1.0,1.0,0.0,none,"[""peer_record_45_a"", ""peer_record_45_b""]"
pc_v4_46_p1,pc_v4_46,table,Model-A,deepseek-v4-flash,disabled,pronoun_coreference,"Open row46. Change its score so that it reads 86, and leave everything else untouched.","{""domain"": ""table"", ""expected_state"": 86, ""forbidden_side_effects"": [""row46.*"", ""*""], ""target_field"": ""score"", ""target_object"": ""row46""}","{
  ""domain"": ""table"",
  ""target_object"": ""row46"",
  ""target_field"": ""score"",
  ""expected_state"": 86,
  ""forbidden_side_effects"": [""row46.*"", ""*""]
}",e447dde07e75,0,,148,1.0,1.0,1.0,0.0,0.0,missing_forbidden_effect,"[""unrelated objects"", ""unrelated fields""]"
pc_v4_46_p2,pc_v4_46,table,Model-A,deepseek-v4-flash,disabled,conditional_negative_constraint,"If row46 is present, set score to 86. Do not alter any other object or field.","{""domain"": ""table"", ""expected_state"": 86, ""forbidden_side_effects"": [""row46.*"", ""*.*""], ""target_field"": ""score"", ""target_object"": ""row46""}","{
  ""domain"": ""table"",
  ""target_object"": ""row46"",
  ""target_field"": ""score"",
  ""expected_state"": 86,
  ""forbidden_side_effects"": [""row46.*"", ""*.*""]
}",783203633dab,0,,150,1.0,1.0,1.0,0.0,0.0,missing_forbidden_effect,"[""unrelated objects"", ""unrelated fields""]"
pc_v4_46_p3,pc_v4_46,table,Model-A,deepseek-v4-flash,disabled,ellipsis_multi_object_preservation,"For row46: score -> 86; peer_row_46_a and peer_row_46_b, unchanged.","{""domain"": ""table"", ""expected_state"": 86, ""forbidden_side_effects"": [""peer_row_46_a"", ""peer_row_46_b""], ""target_field"": ""score"", ""target_object"": ""row46""}","{
  ""domain"": ""table"",
  ""target_object"": ""row46"",
  ""target_field"": ""score"",
  ""expected_state"": 86,
  ""forbidden_side_effects"": [""peer_row_46_a"", ""peer_row_46_b""]
}",ca505a5e3511,0,,158,1.0,1.0,1.0,1.0,0.0,none,"[""peer_row_46_a"", ""peer_row_46_b""]"
pc_v4_47_p1,pc_v4_47,workflow_micro,Model-A,deepseek-v4-flash,disabled,pronoun_coreference,"Open step47. Change its note so that it reads checked_47, and leave everything else untouched.","{""domain"": ""workflow_micro"", ""expected_state"": ""checked_47"", ""forbidden_side_effects"": [""step47.*"", ""step*""], ""target_field"": ""note"", ""target_object"": ""step47""}","{
  ""domain"": ""workflow_micro"",
  ""target_object"": ""step47"",
  ""target_field"": ""note"",
  ""expected_state"": ""checked_47"",
  ""forbidden_side_effects"": [""step47.*"", ""step*""]
}",586a3e0c54b7,0,,159,1.0,1.0,1.0,0.0,0.0,missing_forbidden_effect,"[""unrelated objects"", ""unrelated fields""]"
pc_v4_47_p2,pc_v4_47,workflow_micro,Model-A,deepseek-v4-flash,disabled,conditional_negative_constraint,"If step47 is present, set note to checked_47. Do not alter any other object or field.","{""domain"": ""workflow_micro"", ""expected_state"": ""checked_47"", ""forbidden_side_effects"": [""*""], ""target_field"": ""note"", ""target_object"": ""step47""}","{
  ""domain"": ""workflow_micro"",
  ""target_object"": ""step47"",
  ""target_field"": ""note"",
  ""expected_state"": ""checked_47"",
  ""forbidden_side_effects"": [""*""]
}",12e2e7fb30e6,0,,154,1.0,1.0,1.0,0.0,0.0,missing_forbidden_effect,"[""unrelated objects"", ""unrelated fields""]"
pc_v4_47_p3,pc_v4_47,workflow_micro,Model-A,deepseek-v4-flash,disabled,ellipsis_multi_object_preservation,"For step47: note -> checked_47; peer_step_47_a and peer_step_47_b, unchanged.","{""domain"": ""workflow_micro"", ""expected_state"": true, ""forbidden_side_effects"": [""peer_step_47_a"", ""peer_step_47_b""], ""target_field"": ""checked_47"", ""target_object"": ""note""}","{
  ""domain"": ""workflow_micro"",
  ""target_object"": ""note"",
  ""target_field"": ""checked_47"",
  ""expected_state"": true,
  ""forbidden_side_effects"": [""peer_step_47_a"", ""peer_step_47_b""]
}",850d2014b9d7,0,,165,0.0,0.0,0.0,1.0,0.0,wrong_object;wrong_field;wrong_constraint,"[""peer_step_47_a"", ""peer_step_47_b""]"
pc_v4_48_p1,pc_v4_48,file,Model-A,deepseek-v4-flash,disabled,pronoun_coreference,"Open reports/draft_48.txt. Change its content so that it reads approved_48, and leave everything else untouched.","{""domain"": ""file"", ""expected_state"": ""approved_48"", ""forbidden_side_effects"": [""modify other files"", ""change metadata"", ""change permissions"", ""change timestamps""], ""target_field"": ""content"", ""target_object"": ""reports/draft_48.txt""}","{
  ""domain"": ""file"",
  ""target_object"": ""reports/draft_48.txt"",
  ""target_field"": ""content"",
  ""expected_state"": ""approved_48"",
  ""forbidden_side_effects"": [""modify other files"", ""change metadata"", ""change permissions"", ""change timestamps""]
}",1cfc1335d6ff,0,,172,1.0,1.0,1.0,0.0,0.0,missing_forbidden_effect,"[""unrelated objects"", ""unrelated fields""]"
pc_v4_48_p2,pc_v4_48,file,Model-A,deepseek-v4-flash,disabled,conditional_negative_constraint,"If reports/draft_48.txt is present, set content to approved_48. Do not alter any other object or field.","{""domain"": ""file"", ""expected_state"": ""approved_48"", ""forbidden_side_effects"": ""no other object or field altered"", ""target_field"": ""content"", ""target_object"": ""reports/draft_48.txt""}","{
  ""domain"": ""file"",
  ""target_object"": ""reports/draft_48.txt"",
  ""target_field"": ""content"",
  ""expected_state"": ""approved_48"",
  ""forbidden_side_effects"": ""no other object or field altered""
}",e682294418b7,0,,162,1.0,1.0,1.0,1.0,0.0,none,"[""unrelated objects"", ""unrelated fields""]"
pc_v4_48_p3,pc_v4_48,file,Model-A,deepseek-v4-flash,disabled,ellipsis_multi_object_preservation,"For reports/draft_48.txt: content -> approved_48; reports/reference_48.txt and reports/archive_48.txt, unchanged.","{""domain"": ""file"", ""expected_state"": ""approved_48"", ""forbidden_side_effects"": [""reports/reference_48.txt"", ""reports/archive_48.txt""], ""target_field"": ""content"", ""target_object"": ""reports/draft_48.txt""}","{
  ""domain"": ""file"",
  ""target_object"": ""reports/draft_48.txt"",
  ""target_field"": ""content"",
  ""expected_state"": ""approved_48"",
  ""forbidden_side_effects"": [""reports/reference_48.txt"", ""reports/archive_48.txt""]
}",a19fd0732b3f,0,,176,1.0,1.0,1.0,1.0,0.0,none,"[""reports/reference_48.txt"", ""reports/archive_48.txt""]"
pc_v4_49_p1,pc_v4_49,web_form,Model-A,deepseek-v4-flash,disabled,pronoun_coreference,"Open r49. Change its status so that it reads approved, and leave everything else untouched.","{""domain"": ""web_form"", ""expected_state"": ""approved"", ""forbidden_side_effects"": [""any change to fields other than status""], ""target_field"": ""status"", ""target_object"": ""r49""}","{
  ""domain"": ""web_form"",
  ""target_object"": ""r49"",
  ""target_field"": ""status"",
  ""expected_state"": ""approved"",
  ""forbidden_side_effects"": [""any change to fields other than status""]
}",96aae5e9879c,0,,151,1.0,1.0,1.0,1.0,0.0,none,"[""unrelated objects"", ""unrelated fields""]"
pc_v4_49_p2,pc_v4_49,web_form,Model-A,deepseek-v4-flash,disabled,conditional_negative_constraint,"If r49 is present, set status to approved. Do not alter any other object or field.","{""domain"": ""web_form"", ""expected_state"": ""approved"", ""forbidden_side_effects"": [""any other object"", ""any other field""], ""target_field"": ""status"", ""target_object"": ""r49""}","{
  ""domain"": ""web_form"",
  ""target_object"": ""r49"",
  ""target_field"": ""status"",
  ""expected_state"": ""approved"",
  ""forbidden_side_effects"": [""any other object"", ""any other field""]
}",5baf6ee58673,0,,153,1.0,1.0,1.0,1.0,0.0,none,"[""unrelated objects"", ""unrelated fields""]"
pc_v4_49_p3,pc_v4_49,web_form,Model-A,deepseek-v4-flash,disabled,ellipsis_multi_object_preservation,"For r49: status -> approved; peer_record_49_a and peer_record_49_b, unchanged.","{""domain"": ""web_form"", ""expected_state"": ""approved"", ""forbidden_side_effects"": [""peer_record_49_a"", ""peer_record_49_b""], ""target_field"": ""status"", ""target_object"": ""r49""}","{
  ""domain"": ""web_form"",
  ""target_object"": ""r49"",
  ""target_field"": ""status"",
  ""expected_state"": ""approved"",
  ""forbidden_side_effects"": [""peer_record_49_a"", ""peer_record_49_b""]
}",f52fce28d836,0,,159,1.0,1.0,1.0,1.0,0.0,none,"[""peer_record_49_a"", ""peer_record_49_b""]"
pc_v4_50_p1,pc_v4_50,table,Model-A,deepseek-v4-flash,disabled,pronoun_coreference,"Open row50. Change its score so that it reads 80, and leave everything else untouched.","{""domain"": ""table"", ""expected_state"": 80, ""forbidden_side_effects"": ""any other changes"", ""target_field"": ""score"", ""target_object"": ""row50""}","{
  ""domain"": ""table"",
  ""target_object"": ""row50"",
  ""target_field"": ""score"",
  ""expected_state"": 80,
  ""forbidden_side_effects"": ""any other changes""
}",79e1a7fd62c6,0,,146,1.0,1.0,1.0,0.0,0.0,missing_forbidden_effect,"[""unrelated objects"", ""unrelated fields""]"
pc_v4_50_p2,pc_v4_50,table,Model-A,deepseek-v4-flash,disabled,conditional_negative_constraint,"If row50 is present, set score to 80. Do not alter any other object or field.","{""domain"": ""table"", ""expected_state"": 80, ""forbidden_side_effects"": [""*""], ""target_field"": ""score"", ""target_object"": ""row50""}","{
  ""domain"": ""table"",
  ""target_object"": ""row50"",
  ""target_field"": ""score"",
  ""expected_state"": 80,
  ""forbidden_side_effects"": [""*""]
}",824e2fcd0684,0,,145,1.0,1.0,1.0,0.0,0.0,missing_forbidden_effect,"[""unrelated objects"", ""unrelated fields""]"
pc_v4_50_p3,pc_v4_50,table,Model-A,deepseek-v4-flash,disabled,ellipsis_multi_object_preservation,"For row50: score -> 80; peer_row_50_a and peer_row_50_b, unchanged.","{""domain"": ""table"", ""expected_state"": 80, ""forbidden_side_effects"": [""peer_row_50_a"", ""peer_row_50_b""], ""target_field"": ""score"", ""target_object"": ""row50""}","{
  ""domain"": ""table"",
  ""target_object"": ""row50"",
  ""target_field"": ""score"",
  ""expected_state"": 80,
  ""forbidden_side_effects"": [""peer_row_50_a"", ""peer_row_50_b""]
}",861988d961f4,0,,158,1.0,1.0,1.0,1.0,0.0,none,"[""peer_row_50_a"", ""peer_row_50_b""]"
pc_v4_51_p1,pc_v4_51,workflow_micro,Model-A,deepseek-v4-flash,disabled,pronoun_coreference,"Open step51. Change its note so that it reads checked_51, and leave everything else untouched.","{""domain"": ""workflow_micro"", ""expected_state"": ""checked_51"", ""forbidden_side_effects"": [""step51.*"", ""step*""], ""target_field"": ""note"", ""target_object"": ""step51""}","{
  ""domain"": ""workflow_micro"",
  ""target_object"": ""step51"",
  ""target_field"": ""note"",
  ""expected_state"": ""checked_51"",
  ""forbidden_side_effects"": [""step51.*"", ""step*""]
}",117a3cb304a2,0,,159,1.0,1.0,1.0,0.0,0.0,missing_forbidden_effect,"[""unrelated objects"", ""unrelated fields""]"
pc_v4_51_p2,pc_v4_51,workflow_micro,Model-A,deepseek-v4-flash,disabled,conditional_negative_constraint,"If step51 is present, set note to checked_51. Do not alter any other object or field.","{""domain"": ""workflow_micro"", ""expected_state"": ""checked_51"", ""forbidden_side_effects"": ""any other object or field"", ""target_field"": ""note"", ""target_object"": ""step51""}","{
  ""domain"": ""workflow_micro"",
  ""target_object"": ""step51"",
  ""target_field"": ""note"",
  ""expected_state"": ""checked_51"",
  ""forbidden_side_effects"": ""any other object or field""
}",202c0248095f,0,,158,1.0,1.0,1.0,1.0,0.0,none,"[""unrelated objects"", ""unrelated fields""]"
pc_v4_51_p3,pc_v4_51,workflow_micro,Model-A,deepseek-v4-flash,disabled,ellipsis_multi_object_preservation,"For step51: note -> checked_51; peer_step_51_a and peer_step_51_b, unchanged.","{""domain"": ""workflow_micro"", ""expected_state"": true, ""forbidden_side_effects"": [""peer_step_51_a"", ""peer_step_51_b""], ""target_field"": ""checked_51"", ""target_object"": ""note""}","{
  ""domain"": ""workflow_micro"",
  ""target_object"": ""note"",
  ""target_field"": ""checked_51"",
  ""expected_state"": true,
  ""forbidden_side_effects"": [""peer_step_51_a"", ""peer_step_51_b""]
}",568414067be8,0,,165,0.0,0.0,0.0,1.0,0.0,wrong_object;wrong_field;wrong_constraint,"[""peer_step_51_a"", ""peer_step_51_b""]"
pc_v4_52_p1,pc_v4_52,file,Model-A,deepseek-v4-flash,disabled,pronoun_coreference,"Open reports/draft_52.txt. Change its content so that it reads approved_52, and leave everything else untouched.","{""domain"": ""file"", ""expected_state"": ""approved_52"", ""forbidden_side_effects"": [""modify other files"", ""change permissions"", ""rename"", ""delete"", ""create files""], ""target_field"": ""content"", ""target_object"": ""reports/draft_52.txt""}","{
  ""domain"": ""file"",
  ""target_object"": ""reports/draft_52.txt"",
  ""target_field"": ""content"",
  ""expected_state"": ""approved_52"",
  ""forbidden_side_effects"": [""modify other files"", ""change permissions"", ""rename"", ""delete"", ""create files""]
}",9fddd4889164,0,,173,1.0,1.0,1.0,0.0,0.0,missing_forbidden_effect,"[""unrelated objects"", ""unrelated fields""]"
pc_v4_52_p2,pc_v4_52,file,Model-A,deepseek-v4-flash,disabled,conditional_negative_constraint,"If reports/draft_52.txt is present, set content to approved_52. Do not alter any other object or field.","{""domain"": ""file"", ""expected_state"": ""approved_52"", ""forbidden_side_effects"": [""*""], ""target_field"": ""content"", ""target_object"": ""reports/draft_52.txt""}","{
  ""domain"": ""file"",
  ""target_object"": ""reports/draft_52.txt"",
  ""target_field"": ""content"",
  ""expected_state"": ""approved_52"",
  ""forbidden_side_effects"": [""*""]
}",78a3d03b3860,0,,157,1.0,1.0,1.0,0.0,0.0,missing_forbidden_effect,"[""unrelated objects"", ""unrelated fields""]"
pc_v4_52_p3,pc_v4_52,file,Model-A,deepseek-v4-flash,disabled,ellipsis_multi_object_preservation,"For reports/draft_52.txt: content -> approved_52; reports/reference_52.txt and reports/archive_52.txt, unchanged.","{""domain"": ""file"", ""expected_state"": ""approved_52"", ""forbidden_side_effects"": [""reports/reference_52.txt unchanged"", ""reports/archive_52.txt unchanged""], ""target_field"": ""content"", ""target_object"": ""reports/draft_52.txt""}","{
  ""domain"": ""file"",
  ""target_object"": ""reports/draft_52.txt"",
  ""target_field"": ""content"",
  ""expected_state"": ""approved_52"",
  ""forbidden_side_effects"": [""reports/reference_52.txt unchanged"", ""reports/archive_52.txt unchanged""]
}",fa21a3e31434,0,,178,1.0,1.0,1.0,1.0,0.0,none,"[""reports/reference_52.txt"", ""reports/archive_52.txt""]"
pc_v4_53_p1,pc_v4_53,web_form,Model-A,deepseek-v4-flash,disabled,pronoun_coreference,"Open r53. Change its status so that it reads approved, and leave everything else untouched.","{""domain"": ""web_form"", ""expected_state"": ""approved"", ""forbidden_side_effects"": [""any change to other fields"", ""any change to other objects""], ""target_field"": ""status"", ""target_object"": ""r53""}","{
  ""domain"": ""web_form"",
  ""target_object"": ""r53"",
  ""target_field"": ""status"",
  ""expected_state"": ""approved"",
  ""forbidden_side_effects"": [""any change to other fields"", ""any change to other objects""]
}",33887fa8b42e,0,,156,1.0,1.0,1.0,1.0,0.0,none,"[""unrelated objects"", ""unrelated fields""]"
pc_v4_53_p2,pc_v4_53,web_form,Model-A,deepseek-v4-flash,disabled,conditional_negative_constraint,"If r53 is present, set status to approved. Do not alter any other object or field.","{""domain"": ""web_form"", ""expected_state"": ""approved"", ""forbidden_side_effects"": [""any other object or field""], ""target_field"": ""status"", ""target_object"": ""r53""}","{
  ""domain"": ""web_form"",
  ""target_object"": ""r53"",
  ""target_field"": ""status"",
  ""expected_state"": ""approved"",
  ""forbidden_side_effects"": [""any other object or field""]
}",47c0cd224e95,0,,150,1.0,1.0,1.0,1.0,0.0,none,"[""unrelated objects"", ""unrelated fields""]"
pc_v4_53_p3,pc_v4_53,web_form,Model-A,deepseek-v4-flash,disabled,ellipsis_multi_object_preservation,"For r53: status -> approved; peer_record_53_a and peer_record_53_b, unchanged.","{""domain"": ""web_form"", ""expected_state"": ""approved"", ""forbidden_side_effects"": [""peer_record_53_a"", ""peer_record_53_b""], ""target_field"": ""status"", ""target_object"": ""r53""}","{
  ""domain"": ""web_form"",
  ""target_object"": ""r53"",
  ""target_field"": ""status"",
  ""expected_state"": ""approved"",
  ""forbidden_side_effects"": [""peer_record_53_a"", ""peer_record_53_b""]
}",7bef214201a8,0,,159,1.0,1.0,1.0,1.0,0.0,none,"[""peer_record_53_a"", ""peer_record_53_b""]"
pc_v4_54_p1,pc_v4_54,table,Model-A,deepseek-v4-flash,disabled,pronoun_coreference,"Open row54. Change its score so that it reads 84, and leave everything else untouched.","{""domain"": ""table"", ""expected_state"": 84, ""forbidden_side_effects"": [""change any other field in row54"", ""change any other row""], ""target_field"": ""score"", ""target_object"": ""row54""}","{
  ""domain"": ""table"",
  ""target_object"": ""row54"",
  ""target_field"": ""score"",
  ""expected_state"": 84,
  ""forbidden_side_effects"": [""change any other field in row54"", ""change any other row""]
}",423a04a3d629,0,,156,1.0,1.0,1.0,0.5,0.0,missing_forbidden_effect,"[""unrelated objects"", ""unrelated fields""]"
pc_v4_54_p2,pc_v4_54,table,Model-A,deepseek-v4-flash,disabled,conditional_negative_constraint,"If row54 is present, set score to 84. Do not alter any other object or field.","{""domain"": ""table"", ""expected_state"": 84, ""forbidden_side_effects"": ""any other object or field"", ""target_field"": ""score"", ""target_object"": ""row54""}","{
  ""domain"": ""table"",
  ""target_object"": ""row54"",
  ""target_field"": ""score"",
  ""expected_state"": 84,
  ""forbidden_side_effects"": ""any other object or field""
}",d5cf3ab8eb2f,0,,149,1.0,1.0,1.0,1.0,0.0,none,"[""unrelated objects"", ""unrelated fields""]"
pc_v4_54_p3,pc_v4_54,table,Model-A,deepseek-v4-flash,disabled,ellipsis_multi_object_preservation,"For row54: score -> 84; peer_row_54_a and peer_row_54_b, unchanged.","{""domain"": ""table"", ""expected_state"": 84, ""forbidden_side_effects"": [""peer_row_54_a"", ""peer_row_54_b""], ""target_field"": ""score"", ""target_object"": ""row54""}","{
  ""domain"": ""table"",
  ""target_object"": ""row54"",
  ""target_field"": ""score"",
  ""expected_state"": 84,
  ""forbidden_side_effects"": [""peer_row_54_a"", ""peer_row_54_b""]
}",2ab73a590ed0,0,,158,1.0,1.0,1.0,1.0,0.0,none,"[""peer_row_54_a"", ""peer_row_54_b""]"
pc_v4_55_p1,pc_v4_55,workflow_micro,Model-A,deepseek-v4-flash,disabled,pronoun_coreference,"Open step55. Change its note so that it reads checked_55, and leave everything else untouched.","{""domain"": ""workflow_micro"", ""expected_state"": ""checked_55"", ""forbidden_side_effects"": [""any change to step55 other than note"", ""any change to any other step""], ""target_field"": ""note"", ""target_object"": ""step55""}","{
  ""domain"": ""workflow_micro"",
  ""target_object"": ""step55"",
  ""target_field"": ""note"",
  ""expected_state"": ""checked_55"",
  ""forbidden_side_effects"": [""any change to step55 other than note"", ""any change to any other step""]
}",32f715bc0252,0,,168,1.0,1.0,1.0,1.0,0.0,none,"[""unrelated objects"", ""unrelated fields""]"
pc_v4_55_p2,pc_v4_55,workflow_micro,Model-A,deepseek-v4-flash,disabled,conditional_negative_constraint,"If step55 is present, set note to checked_55. Do not alter any other object or field.","{""domain"": ""workflow_micro"", ""expected_state"": ""checked_55"", ""forbidden_side_effects"": [""any other object or field""], ""target_field"": ""note"", ""target_object"": ""step55""}","{
  ""domain"": ""workflow_micro"",
  ""target_object"": ""step55"",
  ""target_field"": ""note"",
  ""expected_state"": ""checked_55"",
  ""forbidden_side_effects"": [""any other object or field""]
}",020cbb920dd5,0,,158,1.0,1.0,1.0,1.0,0.0,none,"[""unrelated objects"", ""unrelated fields""]"
pc_v4_55_p3,pc_v4_55,workflow_micro,Model-A,deepseek-v4-flash,disabled,ellipsis_multi_object_preservation,"For step55: note -> checked_55; peer_step_55_a and peer_step_55_b, unchanged.","{""domain"": ""workflow_micro"", ""expected_state"": true, ""forbidden_side_effects"": [""peer_step_55_a"", ""peer_step_55_b""], ""target_field"": ""checked_55"", ""target_object"": ""note""}","{
  ""domain"": ""workflow_micro"",
  ""target_object"": ""note"",
  ""target_field"": ""checked_55"",
  ""expected_state"": true,
  ""forbidden_side_effects"": [""peer_step_55_a"", ""peer_step_55_b""]
}",352a718aec64,0,,165,0.0,0.0,0.0,1.0,0.0,wrong_object;wrong_field;wrong_constraint,"[""peer_step_55_a"", ""peer_step_55_b""]"
pc_v4_56_p1,pc_v4_56,file,Model-A,deepseek-v4-flash,disabled,pronoun_coreference,"Open reports/draft_56.txt. Change its content so that it reads approved_56, and leave everything else untouched.","{""domain"": ""file"", ""expected_state"": ""approved_56"", ""forbidden_side_effects"": [""modify other files"", ""change metadata"", ""change permissions"", ""create files"", ""delete files""], ""target_field"": ""content"", ""target_object"": ""reports/draft_56.txt""}","{
  ""domain"": ""file"",
  ""target_object"": ""reports/draft_56.txt"",
  ""target_field"": ""content"",
  ""expected_state"": ""approved_56"",
  ""forbidden_side_effects"": [""modify other files"", ""change metadata"", ""change permissions"", ""create files"", ""delete files""]
}",50a5fde95253,0,,175,1.0,1.0,1.0,0.0,0.0,missing_forbidden_effect,"[""unrelated objects"", ""unrelated fields""]"
pc_v4_56_p2,pc_v4_56,file,Model-A,deepseek-v4-flash,disabled,conditional_negative_constraint,"If reports/draft_56.txt is present, set content to approved_56. Do not alter any other object or field.","{""domain"": ""file"", ""expected_state"": ""approved_56"", ""forbidden_side_effects"": [""any other object"", ""any other field""], ""target_field"": ""content"", ""target_object"": ""reports/draft_56.txt""}","{
  ""domain"": ""file"",
  ""target_object"": ""reports/draft_56.txt"",
  ""target_field"": ""content"",
  ""expected_state"": ""approved_56"",
  ""forbidden_side_effects"": [""any other object"", ""any other field""]
}",d81c5a14032b,0,,164,1.0,1.0,1.0,1.0,0.0,none,"[""unrelated objects"", ""unrelated fields""]"
pc_v4_56_p3,pc_v4_56,file,Model-A,deepseek-v4-flash,disabled,ellipsis_multi_object_preservation,"For reports/draft_56.txt: content -> approved_56; reports/reference_56.txt and reports/archive_56.txt, unchanged.","{""domain"": ""file"", ""expected_state"": ""approved_56"", ""forbidden_side_effects"": [""reports/reference_56.txt"", ""reports/archive_56.txt""], ""target_field"": ""content"", ""target_object"": ""reports/draft_56.txt""}","{
  ""domain"": ""file"",
  ""target_object"": ""reports/draft_56.txt"",
  ""target_field"": ""content"",
  ""expected_state"": ""approved_56"",
  ""forbidden_side_effects"": [""reports/reference_56.txt"", ""reports/archive_56.txt""]
}",cbb13ce60538,0,,176,1.0,1.0,1.0,1.0,0.0,none,"[""reports/reference_56.txt"", ""reports/archive_56.txt""]"
pc_v4_57_p1,pc_v4_57,web_form,Model-A,deepseek-v4-flash,disabled,pronoun_coreference,"Open r57. Change its name so that it reads Alice_57, and leave everything else untouched.","{""domain"": ""web_form"", ""expected_state"": ""Alice_57"", ""forbidden_side_effects"": [""change any other field"", ""change any other object""], ""target_field"": ""name"", ""target_object"": ""r57""}","{
  ""domain"": ""web_form"",
  ""target_object"": ""r57"",
  ""target_field"": ""name"",
  ""expected_state"": ""Alice_57"",
  ""forbidden_side_effects"": [""change any other field"", ""change any other object""]
}",555b7e91e197,0,,158,1.0,1.0,1.0,1.0,0.0,none,"[""unrelated objects"", ""unrelated fields""]"
pc_v4_57_p2,pc_v4_57,web_form,Model-A,deepseek-v4-flash,disabled,conditional_negative_constraint,"If r57 is present, set name to Alice_57. Do not alter any other object or field.","{""domain"": ""web_form"", ""expected_state"": ""Alice_57"", ""forbidden_side_effects"": [""*""], ""target_field"": ""name"", ""target_object"": ""r57""}","{
  ""domain"": ""web_form"",
  ""target_object"": ""r57"",
  ""target_field"": ""name"",
  ""expected_state"": ""Alice_57"",
  ""forbidden_side_effects"": [""*""]
}",5b3a85489273,0,,150,1.0,1.0,1.0,0.0,0.0,missing_forbidden_effect,"[""unrelated objects"", ""unrelated fields""]"
pc_v4_57_p3,pc_v4_57,web_form,Model-A,deepseek-v4-flash,disabled,ellipsis_multi_object_preservation,"For r57: name -> Alice_57; peer_record_57_a and peer_record_57_b, unchanged.","{""domain"": ""web_form"", ""expected_state"": ""Alice_57"", ""forbidden_side_effects"": [""peer_record_57_a"", ""peer_record_57_b""], ""target_field"": ""name"", ""target_object"": ""r57""}","{
  ""domain"": ""web_form"",
  ""target_object"": ""r57"",
  ""target_field"": ""name"",
  ""expected_state"": ""Alice_57"",
  ""forbidden_side_effects"": [""peer_record_57_a"", ""peer_record_57_b""]
}",f532c7e6cfab,0,,163,1.0,1.0,1.0,1.0,0.0,none,"[""peer_record_57_a"", ""peer_record_57_b""]"
pc_v4_58_p1,pc_v4_58,table,Model-A,deepseek-v4-flash,disabled,pronoun_coreference,"Open row58. Change its score so that it reads 88, and leave everything else untouched.","{""domain"": ""table"", ""expected_state"": 88, ""forbidden_side_effects"": [""row58.*"", ""*""], ""target_field"": ""score"", ""target_object"": ""row58""}","{
  ""domain"": ""table"",
  ""target_object"": ""row58"",
  ""target_field"": ""score"",
  ""expected_state"": 88,
  ""forbidden_side_effects"": [""row58.*"", ""*""]
}",3fa8a0d74b6e,0,,148,1.0,1.0,1.0,0.0,0.0,missing_forbidden_effect,"[""unrelated objects"", ""unrelated fields""]"
pc_v4_58_p2,pc_v4_58,table,Model-A,deepseek-v4-flash,disabled,conditional_negative_constraint,"If row58 is present, set score to 88. Do not alter any other object or field.","{""domain"": ""table"", ""expected_state"": 88, ""forbidden_side_effects"": [""any other object"", ""any other field""], ""target_field"": ""score"", ""target_object"": ""row58""}","{
  ""domain"": ""table"",
  ""target_object"": ""row58"",
  ""target_field"": ""score"",
  ""expected_state"": 88,
  ""forbidden_side_effects"": [""any other object"", ""any other field""]
}",9843e35ef098,0,,152,1.0,1.0,1.0,1.0,0.0,none,"[""unrelated objects"", ""unrelated fields""]"
pc_v4_58_p3,pc_v4_58,table,Model-A,deepseek-v4-flash,disabled,ellipsis_multi_object_preservation,"For row58: score -> 88; peer_row_58_a and peer_row_58_b, unchanged.","{""domain"": ""table"", ""expected_state"": 88, ""forbidden_side_effects"": [""peer_row_58_a"", ""peer_row_58_b""], ""target_field"": ""score"", ""target_object"": ""row58""}","{
  ""domain"": ""table"",
  ""target_object"": ""row58"",
  ""target_field"": ""score"",
  ""expected_state"": 88,
  ""forbidden_side_effects"": [""peer_row_58_a"", ""peer_row_58_b""]
}",8754e7d3f5de,0,,158,1.0,1.0,1.0,1.0,0.0,none,"[""peer_row_58_a"", ""peer_row_58_b""]"
pc_v4_59_p1,pc_v4_59,workflow_micro,Model-A,deepseek-v4-flash,disabled,pronoun_coreference,"Open step59. Change its note so that it reads checked_59, and leave everything else untouched.","{""domain"": ""workflow_micro"", ""expected_state"": ""checked_59"", ""forbidden_side_effects"": [""step59.*"", ""*""], ""target_field"": ""note"", ""target_object"": ""step59""}","{
  ""domain"": ""workflow_micro"",
  ""target_object"": ""step59"",
  ""target_field"": ""note"",
  ""expected_state"": ""checked_59"",
  ""forbidden_side_effects"": [""step59.*"", ""*""]
}",cc9c56df97fe,0,,157,1.0,1.0,1.0,0.0,0.0,missing_forbidden_effect,"[""unrelated objects"", ""unrelated fields""]"
pc_v4_59_p2,pc_v4_59,workflow_micro,Model-A,deepseek-v4-flash,disabled,conditional_negative_constraint,"If step59 is present, set note to checked_59. Do not alter any other object or field.","{""domain"": ""workflow_micro"", ""expected_state"": ""checked_59"", ""forbidden_side_effects"": ""any other object or field"", ""target_field"": ""note"", ""target_object"": ""step59""}","{
  ""domain"": ""workflow_micro"",
  ""target_object"": ""step59"",
  ""target_field"": ""note"",
  ""expected_state"": ""checked_59"",
  ""forbidden_side_effects"": ""any other object or field""
}",ee784b4eff7d,0,,158,1.0,1.0,1.0,1.0,0.0,none,"[""unrelated objects"", ""unrelated fields""]"
pc_v4_59_p3,pc_v4_59,workflow_micro,Model-A,deepseek-v4-flash,disabled,ellipsis_multi_object_preservation,"For step59: note -> checked_59; peer_step_59_a and peer_step_59_b, unchanged.","{""domain"": ""workflow_micro"", ""expected_state"": true, ""forbidden_side_effects"": [""peer_step_59_a"", ""peer_step_59_b""], ""target_field"": ""checked_59"", ""target_object"": ""note""}","{
  ""domain"": ""workflow_micro"",
  ""target_object"": ""note"",
  ""target_field"": ""checked_59"",
  ""expected_state"": true,
  ""forbidden_side_effects"": [""peer_step_59_a"", ""peer_step_59_b""]
}",94b5285614d5,0,,165,0.0,0.0,0.0,1.0,0.0,wrong_object;wrong_field;wrong_constraint,"[""peer_step_59_a"", ""peer_step_59_b""]"
pc_v4_60_p1,pc_v4_60,file,Model-A,deepseek-v4-flash,disabled,pronoun_coreference,"Open reports/draft_60.txt. Change its content so that it reads approved_60, and leave everything else untouched.","{""domain"": ""file"", ""expected_state"": ""approved_60"", ""forbidden_side_effects"": [""change other files"", ""change other content in the same file"", ""change metadata"", ""change permissions"", ""change timestamps""], ""target_field"": ""content"", ""target_object"": ""reports/draft_60.txt""}","{
  ""domain"": ""file"",
  ""target_object"": ""reports/draft_60.txt"",
  ""target_field"": ""content"",
  ""expected_state"": ""approved_60"",
  ""forbidden_side_effects"": [""change other files"", ""change other content in the same file"", ""change metadata"", ""change permissions"", ""change timestamps""]
}",117c9a1f141b,0,,180,1.0,1.0,1.0,0.0,0.0,missing_forbidden_effect,"[""unrelated objects"", ""unrelated fields""]"
pc_v4_60_p2,pc_v4_60,file,Model-A,deepseek-v4-flash,disabled,conditional_negative_constraint,"If reports/draft_60.txt is present, set content to approved_60. Do not alter any other object or field.","{""domain"": ""file"", ""expected_state"": ""approved_60"", ""forbidden_side_effects"": [""*""], ""target_field"": ""content"", ""target_object"": ""reports/draft_60.txt""}","{
  ""domain"": ""file"",
  ""target_object"": ""reports/draft_60.txt"",
  ""target_field"": ""content"",
  ""expected_state"": ""approved_60"",
  ""forbidden_side_effects"": [""*""]
}",20628c8bc442,0,,157,1.0,1.0,1.0,0.0,0.0,missing_forbidden_effect,"[""unrelated objects"", ""unrelated fields""]"
pc_v4_60_p3,pc_v4_60,file,Model-A,deepseek-v4-flash,disabled,ellipsis_multi_object_preservation,"For reports/draft_60.txt: content -> approved_60; reports/reference_60.txt and reports/archive_60.txt, unchanged.","{""domain"": ""file"", ""expected_state"": ""approved_60"", ""forbidden_side_effects"": {""reports/archive_60.txt"": ""unchanged"", ""reports/reference_60.txt"": ""unchanged""}, ""target_field"": ""content"", ""target_object"": ""reports/draft_60.txt""}","{
  ""domain"": ""file"",
  ""target_object"": ""reports/draft_60.txt"",
  ""target_field"": ""content"",
  ""expected_state"": ""approved_60"",
  ""forbidden_side_effects"": {
    ""reports/reference_60.txt"": ""unchanged"",
    ""reports/archive_60.txt"": ""unchanged""
  }
}",b45b29fc11eb,0,,189,1.0,1.0,1.0,1.0,0.0,none,"[""reports/reference_60.txt"", ""reports/archive_60.txt""]"
pc_v4_61_p1,pc_v4_61,web_form,Model-A,deepseek-v4-flash,disabled,pronoun_coreference,"Open r61. Change its status so that it reads approved, and leave everything else untouched.","{""domain"": ""web_form"", ""expected_state"": ""approved"", ""forbidden_side_effects"": [""any other field change""], ""target_field"": ""status"", ""target_object"": ""r61""}","{
  ""domain"": ""web_form"",
  ""target_object"": ""r61"",
  ""target_field"": ""status"",
  ""expected_state"": ""approved"",
  ""forbidden_side_effects"": [""any other field change""]
}",2811fffa16c3,0,,148,1.0,1.0,1.0,0.5,0.0,missing_forbidden_effect,"[""unrelated objects"", ""unrelated fields""]"
pc_v4_61_p2,pc_v4_61,web_form,Model-A,deepseek-v4-flash,disabled,conditional_negative_constraint,"If r61 is present, set status to approved. Do not alter any other object or field.","{""domain"": ""web_form"", ""expected_state"": ""approved"", ""forbidden_side_effects"": ""any other object or field"", ""target_field"": ""status"", ""target_object"": ""r61""}","{
  ""domain"": ""web_form"",
  ""target_object"": ""r61"",
  ""target_field"": ""status"",
  ""expected_state"": ""approved"",
  ""forbidden_side_effects"": ""any other object or field""
}",46e512bc8a28,0,,150,1.0,1.0,1.0,1.0,0.0,none,"[""unrelated objects"", ""unrelated fields""]"
pc_v4_61_p3,pc_v4_61,web_form,Model-A,deepseek-v4-flash,disabled,ellipsis_multi_object_preservation,"For r61: status -> approved; peer_record_61_a and peer_record_61_b, unchanged.","{""domain"": ""web_form"", ""expected_state"": ""approved"", ""forbidden_side_effects"": [""peer_record_61_a"", ""peer_record_61_b""], ""target_field"": ""status"", ""target_object"": ""r61""}","{
  ""domain"": ""web_form"",
  ""target_object"": ""r61"",
  ""target_field"": ""status"",
  ""expected_state"": ""approved"",
  ""forbidden_side_effects"": [""peer_record_61_a"", ""peer_record_61_b""]
}",091630dc6ae0,0,,159,1.0,1.0,1.0,1.0,0.0,none,"[""peer_record_61_a"", ""peer_record_61_b""]"
pc_v4_62_p1,pc_v4_62,table,Model-A,deepseek-v4-flash,disabled,pronoun_coreference,"Open row62. Change its score so that it reads 82, and leave everything else untouched.","{""domain"": ""table"", ""expected_state"": 82, ""forbidden_side_effects"": [""change any other field"", ""change any other row""], ""target_field"": ""score"", ""target_object"": ""row62""}","{
  ""domain"": ""table"",
  ""target_object"": ""row62"",
  ""target_field"": ""score"",
  ""expected_state"": 82,
  ""forbidden_side_effects"": [""change any other field"", ""change any other row""]
}",6feab674352d,0,,153,1.0,1.0,1.0,0.5,0.0,missing_forbidden_effect,"[""unrelated objects"", ""unrelated fields""]"
pc_v4_62_p2,pc_v4_62,table,Model-A,deepseek-v4-flash,disabled,conditional_negative_constraint,"If row62 is present, set score to 82. Do not alter any other object or field.","{""domain"": ""table"", ""expected_state"": 82, ""forbidden_side_effects"": [""*""], ""target_field"": ""score"", ""target_object"": ""row62""}","{
  ""domain"": ""table"",
  ""target_object"": ""row62"",
  ""target_field"": ""score"",
  ""expected_state"": 82,
  ""forbidden_side_effects"": [""*""]
}",6e782e69b785,0,,145,1.0,1.0,1.0,0.0,0.0,missing_forbidden_effect,"[""unrelated objects"", ""unrelated fields""]"
pc_v4_62_p3,pc_v4_62,table,Model-A,deepseek-v4-flash,disabled,ellipsis_multi_object_preservation,"For row62: score -> 82; peer_row_62_a and peer_row_62_b, unchanged.","{""domain"": ""table"", ""expected_state"": 82, ""forbidden_side_effects"": [""peer_row_62_a"", ""peer_row_62_b""], ""target_field"": ""score"", ""target_object"": ""row62""}","{
  ""domain"": ""table"",
  ""target_object"": ""row62"",
  ""target_field"": ""score"",
  ""expected_state"": 82,
  ""forbidden_side_effects"": [""peer_row_62_a"", ""peer_row_62_b""]
}",15f5e409193c,0,,158,1.0,1.0,1.0,1.0,0.0,none,"[""peer_row_62_a"", ""peer_row_62_b""]"
pc_v4_63_p1,pc_v4_63,workflow_micro,Model-A,deepseek-v4-flash,disabled,pronoun_coreference,"Open step63. Change its note so that it reads checked_63, and leave everything else untouched.","{""domain"": ""workflow_micro"", ""expected_state"": ""checked_63"", ""forbidden_side_effects"": [""step63.*"", ""*""], ""target_field"": ""note"", ""target_object"": ""step63""}","{
  ""domain"": ""workflow_micro"",
  ""target_object"": ""step63"",
  ""target_field"": ""note"",
  ""expected_state"": ""checked_63"",
  ""forbidden_side_effects"": [""step63.*"", ""*""]
}",4c69e5ad2750,0,,157,1.0,1.0,1.0,0.0,0.0,missing_forbidden_effect,"[""unrelated objects"", ""unrelated fields""]"
pc_v4_63_p2,pc_v4_63,workflow_micro,Model-A,deepseek-v4-flash,disabled,conditional_negative_constraint,"If step63 is present, set note to checked_63. Do not alter any other object or field.","{""domain"": ""workflow_micro"", ""expected_state"": ""checked_63"", ""forbidden_side_effects"": ""any other object or field"", ""target_field"": ""note"", ""target_object"": ""step63""}","{
  ""domain"": ""workflow_micro"",
  ""target_object"": ""step63"",
  ""target_field"": ""note"",
  ""expected_state"": ""checked_63"",
  ""forbidden_side_effects"": ""any other object or field""
}",ec82a5cf12c9,0,,158,1.0,1.0,1.0,1.0,0.0,none,"[""unrelated objects"", ""unrelated fields""]"
pc_v4_63_p3,pc_v4_63,workflow_micro,Model-A,deepseek-v4-flash,disabled,ellipsis_multi_object_preservation,"For step63: note -> checked_63; peer_step_63_a and peer_step_63_b, unchanged.","{""domain"": ""workflow_micro"", ""expected_state"": true, ""forbidden_side_effects"": [""peer_step_63_a"", ""peer_step_63_b""], ""target_field"": ""checked_63"", ""target_object"": ""note""}","{
  ""domain"": ""workflow_micro"",
  ""target_object"": ""note"",
  ""target_field"": ""checked_63"",
  ""expected_state"": true,
  ""forbidden_side_effects"": [""peer_step_63_a"", ""peer_step_63_b""]
}",f7b5110d3a72,0,,165,0.0,0.0,0.0,1.0,0.0,wrong_object;wrong_field;wrong_constraint,"[""peer_step_63_a"", ""peer_step_63_b""]"
pc_v4_64_p1,pc_v4_64,file,Model-A,deepseek-v4-flash,disabled,pronoun_coreference,"Open reports/draft_64.txt. Change its content so that it reads approved_64, and leave everything else untouched.","{""domain"": ""file"", ""expected_state"": ""approved_64"", ""forbidden_side_effects"": [""modify other files"", ""modify other fields of target file""], ""target_field"": ""content"", ""target_object"": ""reports/draft_64.txt""}","{
  ""domain"": ""file"",
  ""target_object"": ""reports/draft_64.txt"",
  ""target_field"": ""content"",
  ""expected_state"": ""approved_64"",
  ""forbidden_side_effects"": [""modify other files"", ""modify other fields of target file""]
}",5570da78ffb9,0,,168,1.0,1.0,1.0,0.5,0.0,missing_forbidden_effect,"[""unrelated objects"", ""unrelated fields""]"
pc_v4_64_p2,pc_v4_64,file,Model-A,deepseek-v4-flash,disabled,conditional_negative_constraint,"If reports/draft_64.txt is present, set content to approved_64. Do not alter any other object or field.","{""domain"": ""file"", ""expected_state"": ""approved_64"", ""forbidden_side_effects"": [""*""], ""target_field"": ""content"", ""target_object"": ""reports/draft_64.txt""}","{
  ""domain"": ""file"",
  ""target_object"": ""reports/draft_64.txt"",
  ""target_field"": ""content"",
  ""expected_state"": ""approved_64"",
  ""forbidden_side_effects"": [""*""]
}",e680ce6f50da,0,,157,1.0,1.0,1.0,0.0,0.0,missing_forbidden_effect,"[""unrelated objects"", ""unrelated fields""]"
pc_v4_64_p3,pc_v4_64,file,Model-A,deepseek-v4-flash,disabled,ellipsis_multi_object_preservation,"For reports/draft_64.txt: content -> approved_64; reports/reference_64.txt and reports/archive_64.txt, unchanged.","{""domain"": ""file"", ""expected_state"": ""approved_64"", ""forbidden_side_effects"": [""reports/reference_64.txt"", ""reports/archive_64.txt""], ""target_field"": ""content"", ""target_object"": ""reports/draft_64.txt""}","{
  ""domain"": ""file"",
  ""target_object"": ""reports/draft_64.txt"",
  ""target_field"": ""content"",
  ""expected_state"": ""approved_64"",
  ""forbidden_side_effects"": [""reports/reference_64.txt"", ""reports/archive_64.txt""]
}",7c20338bf5d4,0,,176,1.0,1.0,1.0,1.0,0.0,none,"[""reports/reference_64.txt"", ""reports/archive_64.txt""]"
pc_v4_65_p1,pc_v4_65,web_form,Model-A,deepseek-v4-flash,disabled,pronoun_coreference,"Open r65. Change its status so that it reads approved, and leave everything else untouched.","{""domain"": ""web_form"", ""expected_state"": ""approved"", ""forbidden_side_effects"": [""any change to other fields"", ""any change to other objects""], ""target_field"": ""status"", ""target_object"": ""r65""}","{
  ""domain"": ""web_form"",
  ""target_object"": ""r65"",
  ""target_field"": ""status"",
  ""expected_state"": ""approved"",
  ""forbidden_side_effects"": [""any change to other fields"", ""any change to other objects""]
}",d69d8994474e,0,,156,1.0,1.0,1.0,1.0,0.0,none,"[""unrelated objects"", ""unrelated fields""]"
pc_v4_65_p2,pc_v4_65,web_form,Model-A,deepseek-v4-flash,disabled,conditional_negative_constraint,"If r65 is present, set status to approved. Do not alter any other object or field.","{""domain"": ""web_form"", ""expected_state"": ""approved"", ""forbidden_side_effects"": ""any other object or field"", ""target_field"": ""status"", ""target_object"": ""r65""}","{
  ""domain"": ""web_form"",
  ""target_object"": ""r65"",
  ""target_field"": ""status"",
  ""expected_state"": ""approved"",
  ""forbidden_side_effects"": ""any other object or field""
}",824e9d88cdb8,0,,150,1.0,1.0,1.0,1.0,0.0,none,"[""unrelated objects"", ""unrelated fields""]"
pc_v4_65_p3,pc_v4_65,web_form,Model-A,deepseek-v4-flash,disabled,ellipsis_multi_object_preservation,"For r65: status -> approved; peer_record_65_a and peer_record_65_b, unchanged.","{""domain"": ""web_form"", ""expected_state"": ""approved"", ""forbidden_side_effects"": [""peer_record_65_a"", ""peer_record_65_b""], ""target_field"": ""status"", ""target_object"": ""r65""}","{
  ""domain"": ""web_form"",
  ""target_object"": ""r65"",
  ""target_field"": ""status"",
  ""expected_state"": ""approved"",
  ""forbidden_side_effects"": [""peer_record_65_a"", ""peer_record_65_b""]
}",5c246ef8021a,0,,159,1.0,1.0,1.0,1.0,0.0,none,"[""peer_record_65_a"", ""peer_record_65_b""]"
pc_v4_66_p1,pc_v4_66,table,Model-A,deepseek-v4-flash,disabled,pronoun_coreference,"Open row66. Change its score so that it reads 86, and leave everything else untouched.","{""domain"": ""table"", ""expected_state"": 86, ""forbidden_side_effects"": [""row66.other_fields"", ""other_rows""], ""target_field"": ""score"", ""target_object"": ""row66""}","{
  ""domain"": ""table"",
  ""target_object"": ""row66"",
  ""target_field"": ""score"",
  ""expected_state"": 86,
  ""forbidden_side_effects"": [""row66.other_fields"", ""other_rows""]
}",b8ffec071e11,0,,152,1.0,1.0,1.0,0.5,0.0,missing_forbidden_effect,"[""unrelated objects"", ""unrelated fields""]"
pc_v4_66_p2,pc_v4_66,table,Model-A,deepseek-v4-flash,disabled,conditional_negative_constraint,"If row66 is present, set score to 86. Do not alter any other object or field.","{""domain"": ""table"", ""expected_state"": 86, ""forbidden_side_effects"": ""any other object or field"", ""target_field"": ""score"", ""target_object"": ""row66""}","{
  ""domain"": ""table"",
  ""target_object"": ""row66"",
  ""target_field"": ""score"",
  ""expected_state"": 86,
  ""forbidden_side_effects"": ""any other object or field""
}",f634c9a7e852,0,,149,1.0,1.0,1.0,1.0,0.0,none,"[""unrelated objects"", ""unrelated fields""]"
pc_v4_66_p3,pc_v4_66,table,Model-A,deepseek-v4-flash,disabled,ellipsis_multi_object_preservation,"For row66: score -> 86; peer_row_66_a and peer_row_66_b, unchanged.","{""domain"": ""table"", ""expected_state"": 86, ""forbidden_side_effects"": [""peer_row_66_a"", ""peer_row_66_b""], ""target_field"": ""score"", ""target_object"": ""row66""}","{
  ""domain"": ""table"",
  ""target_object"": ""row66"",
  ""target_field"": ""score"",
  ""expected_state"": 86,
  ""forbidden_side_effects"": [""peer_row_66_a"", ""peer_row_66_b""]
}",b36b9da630ce,0,,158,1.0,1.0,1.0,1.0,0.0,none,"[""peer_row_66_a"", ""peer_row_66_b""]"
pc_v4_67_p1,pc_v4_67,workflow_micro,Model-A,deepseek-v4-flash,disabled,pronoun_coreference,"Open step67. Change its note so that it reads checked_67, and leave everything else untouched.","{""domain"": ""workflow_micro"", ""expected_state"": ""checked_67"", ""forbidden_side_effects"": [""step67.*"", ""*""], ""target_field"": ""note"", ""target_object"": ""step67""}","{
  ""domain"": ""workflow_micro"",
  ""target_object"": ""step67"",
  ""target_field"": ""note"",
  ""expected_state"": ""checked_67"",
  ""forbidden_side_effects"": [""step67.*"", ""*""]
}",155cf13ed0ef,0,,157,1.0,1.0,1.0,0.0,0.0,missing_forbidden_effect,"[""unrelated objects"", ""unrelated fields""]"
pc_v4_67_p2,pc_v4_67,workflow_micro,Model-A,deepseek-v4-flash,disabled,conditional_negative_constraint,"If step67 is present, set note to checked_67. Do not alter any other object or field.","{""domain"": ""workflow_micro"", ""expected_state"": ""checked_67"", ""forbidden_side_effects"": [""*""], ""target_field"": ""note"", ""target_object"": ""step67""}","{
  ""domain"": ""workflow_micro"",
  ""target_object"": ""step67"",
  ""target_field"": ""note"",
  ""expected_state"": ""checked_67"",
  ""forbidden_side_effects"": [""*""]
}",bb132f9b355a,0,,154,1.0,1.0,1.0,0.0,0.0,missing_forbidden_effect,"[""unrelated objects"", ""unrelated fields""]"
pc_v4_67_p3,pc_v4_67,workflow_micro,Model-A,deepseek-v4-flash,disabled,ellipsis_multi_object_preservation,"For step67: note -> checked_67; peer_step_67_a and peer_step_67_b, unchanged.","{""domain"": ""workflow_micro"", ""expected_state"": true, ""forbidden_side_effects"": [""peer_step_67_a"", ""peer_step_67_b""], ""target_field"": ""checked_67"", ""target_object"": ""note""}","{
  ""domain"": ""workflow_micro"",
  ""target_object"": ""note"",
  ""target_field"": ""checked_67"",
  ""expected_state"": true,
  ""forbidden_side_effects"": [""peer_step_67_a"", ""peer_step_67_b""]
}",abf527dfd664,0,,165,0.0,0.0,0.0,1.0,0.0,wrong_object;wrong_field;wrong_constraint,"[""peer_step_67_a"", ""peer_step_67_b""]"
pc_v4_68_p1,pc_v4_68,file,Model-A,deepseek-v4-flash,disabled,pronoun_coreference,"Open reports/draft_68.txt. Change its content so that it reads approved_68, and leave everything else untouched.","{""domain"": ""file"", ""expected_state"": ""approved_68"", ""forbidden_side_effects"": [""modify other files"", ""change file metadata"", ""change permissions"", ""rename file"", ""delete file"", ""create new files""], ""target_field"": ""content"", ""target_object"": ""reports/draft_68.txt""}","{
  ""domain"": ""file"",
  ""target_object"": ""reports/draft_68.txt"",
  ""target_field"": ""content"",
  ""expected_state"": ""approved_68"",
  ""forbidden_side_effects"": [""modify other files"", ""change file metadata"", ""change permissions"", ""rename file"", ""delete file"", ""create new files""]
}",ed1e0d84255a,0,,181,1.0,1.0,1.0,0.0,0.0,missing_forbidden_effect,"[""unrelated objects"", ""unrelated fields""]"
pc_v4_68_p2,pc_v4_68,file,Model-A,deepseek-v4-flash,disabled,conditional_negative_constraint,"If reports/draft_68.txt is present, set content to approved_68. Do not alter any other object or field.","{""domain"": ""file"", ""expected_state"": ""approved_68"", ""forbidden_side_effects"": [""any other object or field""], ""target_field"": ""content"", ""target_object"": ""reports/draft_68.txt""}","{
  ""domain"": ""file"",
  ""target_object"": ""reports/draft_68.txt"",
  ""target_field"": ""content"",
  ""expected_state"": ""approved_68"",
  ""forbidden_side_effects"": [""any other object or field""]
}",963767908527,0,,161,1.0,1.0,1.0,1.0,0.0,none,"[""unrelated objects"", ""unrelated fields""]"
pc_v4_68_p3,pc_v4_68,file,Model-A,deepseek-v4-flash,disabled,ellipsis_multi_object_preservation,"For reports/draft_68.txt: content -> approved_68; reports/reference_68.txt and reports/archive_68.txt, unchanged.","{""domain"": ""file"", ""expected_state"": ""approved_68"", ""forbidden_side_effects"": [""reports/reference_68.txt unchanged"", ""reports/archive_68.txt unchanged""], ""target_field"": ""content"", ""target_object"": ""reports/draft_68.txt""}","{
  ""domain"": ""file"",
  ""target_object"": ""reports/draft_68.txt"",
  ""target_field"": ""content"",
  ""expected_state"": ""approved_68"",
  ""forbidden_side_effects"": [""reports/reference_68.txt unchanged"", ""reports/archive_68.txt unchanged""]
}",b2defc478fc3,0,,178,1.0,1.0,1.0,1.0,0.0,none,"[""reports/reference_68.txt"", ""reports/archive_68.txt""]"
pc_v4_69_p1,pc_v4_69,web_form,Model-A,deepseek-v4-flash,disabled,pronoun_coreference,"Open r69. Change its name so that it reads Alice_69, and leave everything else untouched.","{""domain"": ""web_form"", ""expected_state"": ""Alice_69"", ""forbidden_side_effects"": [""any change to fields other than name""], ""target_field"": ""name"", ""target_object"": ""r69""}","{
  ""domain"": ""web_form"",
  ""target_object"": ""r69"",
  ""target_field"": ""name"",
  ""expected_state"": ""Alice_69"",
  ""forbidden_side_effects"": [""any change to fields other than name""]
}",90b2ab184562,0,,155,1.0,1.0,1.0,1.0,0.0,none,"[""unrelated objects"", ""unrelated fields""]"
pc_v4_69_p2,pc_v4_69,web_form,Model-A,deepseek-v4-flash,disabled,conditional_negative_constraint,"If r69 is present, set name to Alice_69. Do not alter any other object or field.","{""domain"": ""web_form"", ""expected_state"": ""Alice_69"", ""forbidden_side_effects"": [""*""], ""target_field"": ""name"", ""target_object"": ""r69""}","{
  ""domain"": ""web_form"",
  ""target_object"": ""r69"",
  ""target_field"": ""name"",
  ""expected_state"": ""Alice_69"",
  ""forbidden_side_effects"": [""*""]
}",d918c2f1a1f1,0,,150,1.0,1.0,1.0,0.0,0.0,missing_forbidden_effect,"[""unrelated objects"", ""unrelated fields""]"
pc_v4_69_p3,pc_v4_69,web_form,Model-A,deepseek-v4-flash,disabled,ellipsis_multi_object_preservation,"For r69: name -> Alice_69; peer_record_69_a and peer_record_69_b, unchanged.","{""domain"": ""web_form"", ""expected_state"": ""Alice_69"", ""forbidden_side_effects"": [""peer_record_69_a"", ""peer_record_69_b""], ""target_field"": ""name"", ""target_object"": ""r69""}","{
  ""domain"": ""web_form"",
  ""target_object"": ""r69"",
  ""target_field"": ""name"",
  ""expected_state"": ""Alice_69"",
  ""forbidden_side_effects"": [""peer_record_69_a"", ""peer_record_69_b""]
}",1346aa3a9786,0,,163,1.0,1.0,1.0,1.0,0.0,none,"[""peer_record_69_a"", ""peer_record_69_b""]"
pc_v4_70_p1,pc_v4_70,table,Model-A,deepseek-v4-flash,disabled,pronoun_coreference,"Open row70. Change its score so that it reads 80, and leave everything else untouched.","{""domain"": ""table"", ""expected_state"": 80, ""forbidden_side_effects"": ""any other changes to row70 or any other row"", ""target_field"": ""score"", ""target_object"": ""row70""}","{
  ""domain"": ""table"",
  ""target_object"": ""row70"",
  ""target_field"": ""score"",
  ""expected_state"": 80,
  ""forbidden_side_effects"": ""any other changes to row70 or any other row""
}",5d679871ca89,0,,153,1.0,1.0,1.0,0.0,0.0,missing_forbidden_effect,"[""unrelated objects"", ""unrelated fields""]"
pc_v4_70_p2,pc_v4_70,table,Model-A,deepseek-v4-flash,disabled,conditional_negative_constraint,"If row70 is present, set score to 80. Do not alter any other object or field.","{""domain"": ""table"", ""expected_state"": 80, ""forbidden_side_effects"": [""*""], ""target_field"": ""score"", ""target_object"": ""row70""}","{
  ""domain"": ""table"",
  ""target_object"": ""row70"",
  ""target_field"": ""score"",
  ""expected_state"": 80,
  ""forbidden_side_effects"": [""*""]
}",0be401c4bc32,0,,145,1.0,1.0,1.0,0.0,0.0,missing_forbidden_effect,"[""unrelated objects"", ""unrelated fields""]"
pc_v4_70_p3,pc_v4_70,table,Model-A,deepseek-v4-flash,disabled,ellipsis_multi_object_preservation,"For row70: score -> 80; peer_row_70_a and peer_row_70_b, unchanged.","{""domain"": ""table"", ""expected_state"": 80, ""forbidden_side_effects"": [""peer_row_70_a"", ""peer_row_70_b""], ""target_field"": ""score"", ""target_object"": ""row70""}","{
  ""domain"": ""table"",
  ""target_object"": ""row70"",
  ""target_field"": ""score"",
  ""expected_state"": 80,
  ""forbidden_side_effects"": [""peer_row_70_a"", ""peer_row_70_b""]
}",ec6894299f90,0,,158,1.0,1.0,1.0,1.0,0.0,none,"[""peer_row_70_a"", ""peer_row_70_b""]"
pc_v4_71_p1,pc_v4_71,workflow_micro,Model-A,deepseek-v4-flash,disabled,pronoun_coreference,"Open step71. Change its note so that it reads checked_71, and leave everything else untouched.","{""domain"": ""workflow_micro"", ""expected_state"": ""checked_71"", ""forbidden_side_effects"": [""step71.*"", ""*.*""], ""target_field"": ""note"", ""target_object"": ""step71""}","{
  ""domain"": ""workflow_micro"",
  ""target_object"": ""step71"",
  ""target_field"": ""note"",
  ""expected_state"": ""checked_71"",
  ""forbidden_side_effects"": [""step71.*"", ""*.*""]
}",8a9ca2f63ac7,0,,158,1.0,1.0,1.0,0.0,0.0,missing_forbidden_effect,"[""unrelated objects"", ""unrelated fields""]"
pc_v4_71_p2,pc_v4_71,workflow_micro,Model-A,deepseek-v4-flash,disabled,conditional_negative_constraint,"If step71 is present, set note to checked_71. Do not alter any other object or field.","{""domain"": ""workflow_micro"", ""expected_state"": ""checked_71"", ""forbidden_side_effects"": [""*""], ""target_field"": ""note"", ""target_object"": ""step71""}","{
  ""domain"": ""workflow_micro"",
  ""target_object"": ""step71"",
  ""target_field"": ""note"",
  ""expected_state"": ""checked_71"",
  ""forbidden_side_effects"": [""*""]
}",419ebdec3e56,0,,154,1.0,1.0,1.0,0.0,0.0,missing_forbidden_effect,"[""unrelated objects"", ""unrelated fields""]"
pc_v4_71_p3,pc_v4_71,workflow_micro,Model-A,deepseek-v4-flash,disabled,ellipsis_multi_object_preservation,"For step71: note -> checked_71; peer_step_71_a and peer_step_71_b, unchanged.","{""domain"": ""workflow_micro"", ""expected_state"": true, ""forbidden_side_effects"": [""peer_step_71_a"", ""peer_step_71_b""], ""target_field"": ""checked_71"", ""target_object"": ""note""}","{
  ""domain"": ""workflow_micro"",
  ""target_object"": ""note"",
  ""target_field"": ""checked_71"",
  ""expected_state"": true,
  ""forbidden_side_effects"": [""peer_step_71_a"", ""peer_step_71_b""]
}",1ead01a980b0,0,,165,0.0,0.0,0.0,1.0,0.0,wrong_object;wrong_field;wrong_constraint,"[""peer_step_71_a"", ""peer_step_71_b""]"
pc_v4_72_p1,pc_v4_72,file,Model-A,deepseek-v4-flash,disabled,pronoun_coreference,"Open reports/draft_72.txt. Change its content so that it reads approved_72, and leave everything else untouched.","{""domain"": ""file"", ""expected_state"": ""approved_72"", ""forbidden_side_effects"": [""modify other files"", ""change metadata"", ""change permissions"", ""create files"", ""delete files""], ""target_field"": ""content"", ""target_object"": ""reports/draft_72.txt""}","{
  ""domain"": ""file"",
  ""target_object"": ""reports/draft_72.txt"",
  ""target_field"": ""content"",
  ""expected_state"": ""approved_72"",
  ""forbidden_side_effects"": [""modify other files"", ""change metadata"", ""change permissions"", ""create files"", ""delete files""]
}",519e8b12d458,0,,175,1.0,1.0,1.0,0.0,0.0,missing_forbidden_effect,"[""unrelated objects"", ""unrelated fields""]"
pc_v4_72_p2,pc_v4_72,file,Model-A,deepseek-v4-flash,disabled,conditional_negative_constraint,"If reports/draft_72.txt is present, set content to approved_72. Do not alter any other object or field.","{""domain"": ""file"", ""expected_state"": ""approved_72"", ""forbidden_side_effects"": ""any other object or field"", ""target_field"": ""content"", ""target_object"": ""reports/draft_72.txt""}","{
  ""domain"": ""file"",
  ""target_object"": ""reports/draft_72.txt"",
  ""target_field"": ""content"",
  ""expected_state"": ""approved_72"",
  ""forbidden_side_effects"": ""any other object or field""
}",a7daa00e0251,0,,161,1.0,1.0,1.0,1.0,0.0,none,"[""unrelated objects"", ""unrelated fields""]"
pc_v4_72_p3,pc_v4_72,file,Model-A,deepseek-v4-flash,disabled,ellipsis_multi_object_preservation,"For reports/draft_72.txt: content -> approved_72; reports/reference_72.txt and reports/archive_72.txt, unchanged.","{""domain"": ""file"", ""expected_state"": ""approved_72"", ""forbidden_side_effects"": [""reports/reference_72.txt"", ""reports/archive_72.txt""], ""target_field"": ""content"", ""target_object"": ""reports/draft_72.txt""}","{
  ""domain"": ""file"",
  ""target_object"": ""reports/draft_72.txt"",
  ""target_field"": ""content"",
  ""expected_state"": ""approved_72"",
  ""forbidden_side_effects"": [""reports/reference_72.txt"", ""reports/archive_72.txt""]
}",b156e6fb20ad,0,,176,1.0,1.0,1.0,1.0,0.0,none,"[""reports/reference_72.txt"", ""reports/archive_72.txt""]"
pc_v4_73_p1,pc_v4_73,web_form,Model-A,deepseek-v4-flash,disabled,pronoun_coreference,"Open r73. Change its status so that it reads approved, and leave everything else untouched.","{""domain"": ""web_form"", ""expected_state"": ""approved"", ""forbidden_side_effects"": [""any other field change""], ""target_field"": ""status"", ""target_object"": ""r73""}","{
  ""domain"": ""web_form"",
  ""target_object"": ""r73"",
  ""target_field"": ""status"",
  ""expected_state"": ""approved"",
  ""forbidden_side_effects"": [""any other field change""]
}",c888e4c509ed,0,,148,1.0,1.0,1.0,0.5,0.0,missing_forbidden_effect,"[""unrelated objects"", ""unrelated fields""]"
pc_v4_73_p2,pc_v4_73,web_form,Model-A,deepseek-v4-flash,disabled,conditional_negative_constraint,"If r73 is present, set status to approved. Do not alter any other object or field.","{""domain"": ""web_form"", ""expected_state"": ""approved"", ""forbidden_side_effects"": ""any other object or field"", ""target_field"": ""status"", ""target_object"": ""r73""}","{
  ""domain"": ""web_form"",
  ""target_object"": ""r73"",
  ""target_field"": ""status"",
  ""expected_state"": ""approved"",
  ""forbidden_side_effects"": ""any other object or field""
}",1dd9ee11207b,0,,150,1.0,1.0,1.0,1.0,0.0,none,"[""unrelated objects"", ""unrelated fields""]"
pc_v4_73_p3,pc_v4_73,web_form,Model-A,deepseek-v4-flash,disabled,ellipsis_multi_object_preservation,"For r73: status -> approved; peer_record_73_a and peer_record_73_b, unchanged.","{""domain"": ""web_form"", ""expected_state"": ""approved"", ""forbidden_side_effects"": [""peer_record_73_a"", ""peer_record_73_b""], ""target_field"": ""status"", ""target_object"": ""r73""}","{
  ""domain"": ""web_form"",
  ""target_object"": ""r73"",
  ""target_field"": ""status"",
  ""expected_state"": ""approved"",
  ""forbidden_side_effects"": [""peer_record_73_a"", ""peer_record_73_b""]
}",fe903d2c8424,0,,159,1.0,1.0,1.0,1.0,0.0,none,"[""peer_record_73_a"", ""peer_record_73_b""]"
pc_v4_74_p1,pc_v4_74,table,Model-A,deepseek-v4-flash,disabled,pronoun_coreference,"Open row74. Change its score so that it reads 84, and leave everything else untouched.","{""domain"": ""table"", ""expected_state"": 84, ""forbidden_side_effects"": [""row74.*"", ""*""], ""target_field"": ""score"", ""target_object"": ""row74""}","{
  ""domain"": ""table"",
  ""target_object"": ""row74"",
  ""target_field"": ""score"",
  ""expected_state"": 84,
  ""forbidden_side_effects"": [""row74.*"", ""*""]
}",e098234d4b95,0,,148,1.0,1.0,1.0,0.0,0.0,missing_forbidden_effect,"[""unrelated objects"", ""unrelated fields""]"
pc_v4_74_p2,pc_v4_74,table,Model-A,deepseek-v4-flash,disabled,conditional_negative_constraint,"If row74 is present, set score to 84. Do not alter any other object or field.","{""domain"": ""table"", ""expected_state"": 84, ""forbidden_side_effects"": ""any other object or field"", ""target_field"": ""score"", ""target_object"": ""row74""}","{
  ""domain"": ""table"",
  ""target_object"": ""row74"",
  ""target_field"": ""score"",
  ""expected_state"": 84,
  ""forbidden_side_effects"": ""any other object or field""
}",4afbf586996e,0,,149,1.0,1.0,1.0,1.0,0.0,none,"[""unrelated objects"", ""unrelated fields""]"
pc_v4_74_p3,pc_v4_74,table,Model-A,deepseek-v4-flash,disabled,ellipsis_multi_object_preservation,"For row74: score -> 84; peer_row_74_a and peer_row_74_b, unchanged.","{""domain"": ""table"", ""expected_state"": 84, ""forbidden_side_effects"": [""peer_row_74_a"", ""peer_row_74_b""], ""target_field"": ""score"", ""target_object"": ""row74""}","{
  ""domain"": ""table"",
  ""target_object"": ""row74"",
  ""target_field"": ""score"",
  ""expected_state"": 84,
  ""forbidden_side_effects"": [""peer_row_74_a"", ""peer_row_74_b""]
}",619c1bf95463,0,,158,1.0,1.0,1.0,1.0,0.0,none,"[""peer_row_74_a"", ""peer_row_74_b""]"
pc_v4_75_p1,pc_v4_75,workflow_micro,Model-A,deepseek-v4-flash,disabled,pronoun_coreference,"Open step75. Change its note so that it reads checked_75, and leave everything else untouched.","{""domain"": ""workflow_micro"", ""expected_state"": ""checked_75"", ""forbidden_side_effects"": [""step75.*"", ""*""], ""target_field"": ""note"", ""target_object"": ""step75""}","{
  ""domain"": ""workflow_micro"",
  ""target_object"": ""step75"",
  ""target_field"": ""note"",
  ""expected_state"": ""checked_75"",
  ""forbidden_side_effects"": [""step75.*"", ""*""]
}",52c3a6b33342,0,,157,1.0,1.0,1.0,0.0,0.0,missing_forbidden_effect,"[""unrelated objects"", ""unrelated fields""]"
pc_v4_75_p2,pc_v4_75,workflow_micro,Model-A,deepseek-v4-flash,disabled,conditional_negative_constraint,"If step75 is present, set note to checked_75. Do not alter any other object or field.","{""domain"": ""workflow_micro"", ""expected_state"": ""checked_75"", ""forbidden_side_effects"": [""*""], ""target_field"": ""note"", ""target_object"": ""step75""}","{
  ""domain"": ""workflow_micro"",
  ""target_object"": ""step75"",
  ""target_field"": ""note"",
  ""expected_state"": ""checked_75"",
  ""forbidden_side_effects"": [""*""]
}",32506279f44e,0,,154,1.0,1.0,1.0,0.0,0.0,missing_forbidden_effect,"[""unrelated objects"", ""unrelated fields""]"
pc_v4_75_p3,pc_v4_75,workflow_micro,Model-A,deepseek-v4-flash,disabled,ellipsis_multi_object_preservation,"For step75: note -> checked_75; peer_step_75_a and peer_step_75_b, unchanged.","{""domain"": ""workflow_micro"", ""expected_state"": true, ""forbidden_side_effects"": [""peer_step_75_a"", ""peer_step_75_b""], ""target_field"": ""checked_75"", ""target_object"": ""note""}","{
  ""domain"": ""workflow_micro"",
  ""target_object"": ""note"",
  ""target_field"": ""checked_75"",
  ""expected_state"": true,
  ""forbidden_side_effects"": [""peer_step_75_a"", ""peer_step_75_b""]
}",723272dcb9e4,0,,165,0.0,0.0,0.0,1.0,0.0,wrong_object;wrong_field;wrong_constraint,"[""peer_step_75_a"", ""peer_step_75_b""]"
pc_v4_76_p1,pc_v4_76,file,Model-A,deepseek-v4-flash,disabled,pronoun_coreference,"Open reports/draft_76.txt. Change its content so that it reads approved_76, and leave everything else untouched.","{""domain"": ""file"", ""expected_state"": ""approved_76"", ""forbidden_side_effects"": [""modify other files"", ""change metadata"", ""change permissions""], ""target_field"": ""content"", ""target_object"": ""reports/draft_76.txt""}","{
  ""domain"": ""file"",
  ""target_object"": ""reports/draft_76.txt"",
  ""target_field"": ""content"",
  ""expected_state"": ""approved_76"",
  ""forbidden_side_effects"": [""modify other files"", ""change metadata"", ""change permissions""]
}",ee4c08cccc5e,0,,167,1.0,1.0,1.0,0.0,0.0,missing_forbidden_effect,"[""unrelated objects"", ""unrelated fields""]"
pc_v4_76_p2,pc_v4_76,file,Model-A,deepseek-v4-flash,disabled,conditional_negative_constraint,"If reports/draft_76.txt is present, set content to approved_76. Do not alter any other object or field.","{""domain"": ""file"", ""expected_state"": ""approved_76"", ""forbidden_side_effects"": ""any other object or field"", ""target_field"": ""content"", ""target_object"": ""reports/draft_76.txt""}","{
  ""domain"": ""file"",
  ""target_object"": ""reports/draft_76.txt"",
  ""target_field"": ""content"",
  ""expected_state"": ""approved_76"",
  ""forbidden_side_effects"": ""any other object or field""
}",69103d3e4e71,0,,161,1.0,1.0,1.0,1.0,0.0,none,"[""unrelated objects"", ""unrelated fields""]"
pc_v4_76_p3,pc_v4_76,file,Model-A,deepseek-v4-flash,disabled,ellipsis_multi_object_preservation,"For reports/draft_76.txt: content -> approved_76; reports/reference_76.txt and reports/archive_76.txt, unchanged.","{""domain"": ""file"", ""expected_state"": ""approved_76"", ""forbidden_side_effects"": [""reports/reference_76.txt"", ""reports/archive_76.txt""], ""target_field"": ""content"", ""target_object"": ""reports/draft_76.txt""}","{
  ""domain"": ""file"",
  ""target_object"": ""reports/draft_76.txt"",
  ""target_field"": ""content"",
  ""expected_state"": ""approved_76"",
  ""forbidden_side_effects"": [""reports/reference_76.txt"", ""reports/archive_76.txt""]
}",a944692c7ac7,0,,176,1.0,1.0,1.0,1.0,0.0,none,"[""reports/reference_76.txt"", ""reports/archive_76.txt""]"
pc_v4_77_p1,pc_v4_77,web_form,Model-A,deepseek-v4-flash,disabled,pronoun_coreference,"Open r77. Change its status so that it reads approved, and leave everything else untouched.","{""domain"": ""web_form"", ""expected_state"": ""approved"", ""forbidden_side_effects"": [""any change to other fields"", ""any change to other objects""], ""target_field"": ""status"", ""target_object"": ""r77""}","{
  ""domain"": ""web_form"",
  ""target_object"": ""r77"",
  ""target_field"": ""status"",
  ""expected_state"": ""approved"",
  ""forbidden_side_effects"": [""any change to other fields"", ""any change to other objects""]
}",97ca88107bbd,0,,156,1.0,1.0,1.0,1.0,0.0,none,"[""unrelated objects"", ""unrelated fields""]"
pc_v4_77_p2,pc_v4_77,web_form,Model-A,deepseek-v4-flash,disabled,conditional_negative_constraint,"If r77 is present, set status to approved. Do not alter any other object or field.","{""domain"": ""web_form"", ""expected_state"": ""approved"", ""forbidden_side_effects"": [""*""], ""target_field"": ""status"", ""target_object"": ""r77""}","{
  ""domain"": ""web_form"",
  ""target_object"": ""r77"",
  ""target_field"": ""status"",
  ""expected_state"": ""approved"",
  ""forbidden_side_effects"": [""*""]
}",89891184a2e9,0,,146,1.0,1.0,1.0,0.0,0.0,missing_forbidden_effect,"[""unrelated objects"", ""unrelated fields""]"
pc_v4_77_p3,pc_v4_77,web_form,Model-A,deepseek-v4-flash,disabled,ellipsis_multi_object_preservation,"For r77: status -> approved; peer_record_77_a and peer_record_77_b, unchanged.","{""domain"": ""web_form"", ""expected_state"": ""approved"", ""forbidden_side_effects"": [""peer_record_77_a"", ""peer_record_77_b""], ""target_field"": ""status"", ""target_object"": ""r77""}","{
  ""domain"": ""web_form"",
  ""target_object"": ""r77"",
  ""target_field"": ""status"",
  ""expected_state"": ""approved"",
  ""forbidden_side_effects"": [""peer_record_77_a"", ""peer_record_77_b""]
}",504ffb1b4408,0,,159,1.0,1.0,1.0,1.0,0.0,none,"[""peer_record_77_a"", ""peer_record_77_b""]"
pc_v4_78_p1,pc_v4_78,table,Model-A,deepseek-v4-flash,disabled,pronoun_coreference,"Open row78. Change its score so that it reads 88, and leave everything else untouched.","{""domain"": ""table"", ""expected_state"": 88, ""forbidden_side_effects"": [""row78.*"", ""*""], ""target_field"": ""score"", ""target_object"": ""row78""}","{
  ""domain"": ""table"",
  ""target_object"": ""row78"",
  ""target_field"": ""score"",
  ""expected_state"": 88,
  ""forbidden_side_effects"": [""row78.*"", ""*""]
}",76cc97207118,0,,148,1.0,1.0,1.0,0.0,0.0,missing_forbidden_effect,"[""unrelated objects"", ""unrelated fields""]"
pc_v4_78_p2,pc_v4_78,table,Model-A,deepseek-v4-flash,disabled,conditional_negative_constraint,"If row78 is present, set score to 88. Do not alter any other object or field.","{""domain"": ""table"", ""expected_state"": 88, ""forbidden_side_effects"": ""any other object or field"", ""target_field"": ""score"", ""target_object"": ""row78""}","{
  ""domain"": ""table"",
  ""target_object"": ""row78"",
  ""target_field"": ""score"",
  ""expected_state"": 88,
  ""forbidden_side_effects"": ""any other object or field""
}",e252bb7bc043,0,,149,1.0,1.0,1.0,1.0,0.0,none,"[""unrelated objects"", ""unrelated fields""]"
pc_v4_78_p3,pc_v4_78,table,Model-A,deepseek-v4-flash,disabled,ellipsis_multi_object_preservation,"For row78: score -> 88; peer_row_78_a and peer_row_78_b, unchanged.","{""domain"": ""table"", ""expected_state"": 88, ""forbidden_side_effects"": [""peer_row_78_a"", ""peer_row_78_b""], ""target_field"": ""score"", ""target_object"": ""row78""}","{
  ""domain"": ""table"",
  ""target_object"": ""row78"",
  ""target_field"": ""score"",
  ""expected_state"": 88,
  ""forbidden_side_effects"": [""peer_row_78_a"", ""peer_row_78_b""]
}",d7f68dbaace8,0,,158,1.0,1.0,1.0,1.0,0.0,none,"[""peer_row_78_a"", ""peer_row_78_b""]"
pc_v4_79_p1,pc_v4_79,workflow_micro,Model-A,deepseek-v4-flash,disabled,pronoun_coreference,"Open step79. Change its note so that it reads checked_79, and leave everything else untouched.","{""domain"": ""workflow_micro"", ""expected_state"": ""checked_79"", ""forbidden_side_effects"": [""step79.*"", ""*.*""], ""target_field"": ""note"", ""target_object"": ""step79""}","{
  ""domain"": ""workflow_micro"",
  ""target_object"": ""step79"",
  ""target_field"": ""note"",
  ""expected_state"": ""checked_79"",
  ""forbidden_side_effects"": [""step79.*"", ""*.*""]
}",1a12e094667d,0,,158,1.0,1.0,1.0,0.0,0.0,missing_forbidden_effect,"[""unrelated objects"", ""unrelated fields""]"
pc_v4_79_p2,pc_v4_79,workflow_micro,Model-A,deepseek-v4-flash,disabled,conditional_negative_constraint,"If step79 is present, set note to checked_79. Do not alter any other object or field.","{""domain"": ""workflow_micro"", ""expected_state"": ""checked_79"", ""forbidden_side_effects"": [""*""], ""target_field"": ""note"", ""target_object"": ""step79""}","{
  ""domain"": ""workflow_micro"",
  ""target_object"": ""step79"",
  ""target_field"": ""note"",
  ""expected_state"": ""checked_79"",
  ""forbidden_side_effects"": [""*""]
}",1d660be0737e,0,,154,1.0,1.0,1.0,0.0,0.0,missing_forbidden_effect,"[""unrelated objects"", ""unrelated fields""]"
pc_v4_79_p3,pc_v4_79,workflow_micro,Model-A,deepseek-v4-flash,disabled,ellipsis_multi_object_preservation,"For step79: note -> checked_79; peer_step_79_a and peer_step_79_b, unchanged.","{""domain"": ""workflow_micro"", ""expected_state"": true, ""forbidden_side_effects"": [""peer_step_79_a"", ""peer_step_79_b""], ""target_field"": ""checked_79"", ""target_object"": ""note""}","{
  ""domain"": ""workflow_micro"",
  ""target_object"": ""note"",
  ""target_field"": ""checked_79"",
  ""expected_state"": true,
  ""forbidden_side_effects"": [""peer_step_79_a"", ""peer_step_79_b""]
}",47040496cfa0,0,,165,0.0,0.0,0.0,1.0,0.0,wrong_object;wrong_field;wrong_constraint,"[""peer_step_79_a"", ""peer_step_79_b""]"
pc_v4_00_p1,pc_v4_00,file,Model-B,deepseek-v4-pro,disabled,pronoun_coreference,"Open reports/draft_0.txt. Change its content so that it reads approved_0, and leave everything else untouched.","{""domain"": ""file"", ""expected_state"": ""approved_0"", ""forbidden_side_effects"": [""modification of any other file"", ""modification of file metadata (e.g., permissions, timestamps) unless necessary for content change"", ""creation or deletion of files"", ""changes to directory structure""], ""target_field"": ""content"", ""target_object"": ""reports/draft_0.txt""}","{
  ""domain"": ""file"",
  ""target_object"": ""reports/draft_0.txt"",
  ""target_field"": ""content"",
  ""expected_state"": ""approved_0"",
  ""forbidden_side_effects"": [
    ""modification of any other file"",
    ""modification of file metadata (e.g., permissions, timestamps) unless necessary for content change"",
    ""creation or deletion of files"",
    ""changes to directory structure""
  ]
}",05b7ba04ba3b,0,,202,1.0,1.0,1.0,0.0,0.0,missing_forbidden_effect,"[""unrelated objects"", ""unrelated fields""]"
pc_v4_00_p2,pc_v4_00,file,Model-B,deepseek-v4-pro,disabled,conditional_negative_constraint,"If reports/draft_0.txt is present, set content to approved_0. Do not alter any other object or field.","{""domain"": ""file"", ""expected_state"": ""approved_0"", ""forbidden_side_effects"": [""alter any other object or field""], ""target_field"": ""content"", ""target_object"": ""reports/draft_0.txt""}","{
  ""domain"": ""file"",
  ""target_object"": ""reports/draft_0.txt"",
  ""target_field"": ""content"",
  ""expected_state"": ""approved_0"",
  ""forbidden_side_effects"": [""alter any other object or field""]
}",8e7a154607fd,0,,162,1.0,1.0,1.0,1.0,0.0,none,"[""unrelated objects"", ""unrelated fields""]"
pc_v4_00_p3,pc_v4_00,file,Model-B,deepseek-v4-pro,disabled,ellipsis_multi_object_preservation,"For reports/draft_0.txt: content -> approved_0; reports/reference_00.txt and reports/archive_00.txt, unchanged.","{""domain"": ""file"", ""expected_state"": ""approved_0"", ""forbidden_side_effects"": [""reports/reference_00.txt"", ""reports/archive_00.txt""], ""target_field"": ""content"", ""target_object"": ""reports/draft_0.txt""}","{
  ""domain"": ""file"",
  ""target_object"": ""reports/draft_0.txt"",
  ""target_field"": ""content"",
  ""expected_state"": ""approved_0"",
  ""forbidden_side_effects"": [
    ""reports/reference_00.txt"",
    ""reports/archive_00.txt""
  ]
}",8c5fe6479fcd,0,,181,1.0,1.0,1.0,1.0,0.0,none,"[""reports/reference_00.txt"", ""reports/archive_00.txt""]"
pc_v4_01_p1,pc_v4_01,web_form,Model-B,deepseek-v4-pro,disabled,pronoun_coreference,"Open r01. Change its status so that it reads approved, and leave everything else untouched.","{""domain"": ""web_form"", ""expected_state"": ""approved"", ""forbidden_side_effects"": [""any other field change""], ""target_field"": ""status"", ""target_object"": ""r01""}","{
  ""domain"": ""web_form"",
  ""target_object"": ""r01"",
  ""target_field"": ""status"",
  ""expected_state"": ""approved"",
  ""forbidden_side_effects"": [""any other field change""]
}",daa3fbfc297a,0,,148,1.0,1.0,1.0,0.5,0.0,missing_forbidden_effect,"[""unrelated objects"", ""unrelated fields""]"
pc_v4_01_p2,pc_v4_01,web_form,Model-B,deepseek-v4-pro,disabled,conditional_negative_constraint,"If r01 is present, set status to approved. Do not alter any other object or field.","{""domain"": ""web_form"", ""expected_state"": ""approved"", ""forbidden_side_effects"": [""alter_other_objects"", ""alter_other_fields""], ""target_field"": ""status"", ""target_object"": ""r01""}","{
  ""domain"": ""web_form"",
  ""target_object"": ""r01"",
  ""target_field"": ""status"",
  ""expected_state"": ""approved"",
  ""forbidden_side_effects"": [""alter_other_objects"", ""alter_other_fields""]
}",cd8411143ce7,0,,156,1.0,1.0,1.0,1.0,0.0,none,"[""unrelated objects"", ""unrelated fields""]"
pc_v4_01_p3,pc_v4_01,web_form,Model-B,deepseek-v4-pro,disabled,ellipsis_multi_object_preservation,"For r01: status -> approved; peer_record_01_a and peer_record_01_b, unchanged.","{""domain"": ""web_form"", ""expected_state"": ""approved"", ""forbidden_side_effects"": [""peer_record_01_a"", ""peer_record_01_b""], ""target_field"": ""status"", ""target_object"": ""r01""}","{
  ""domain"": ""web_form"",
  ""target_object"": ""r01"",
  ""target_field"": ""status"",
  ""expected_state"": ""approved"",
  ""forbidden_side_effects"": [
    ""peer_record_01_a"",
    ""peer_record_01_b""
  ]
}",bd2fdcfcf164,0,,164,1.0,1.0,1.0,1.0,0.0,none,"[""peer_record_01_a"", ""peer_record_01_b""]"
pc_v4_02_p1,pc_v4_02,table,Model-B,deepseek-v4-pro,disabled,pronoun_coreference,"Open row02. Change its score so that it reads 82, and leave everything else untouched.","{""domain"": ""table"", ""expected_state"": ""82"", ""forbidden_side_effects"": [""any other field change"", ""any other row change""], ""target_field"": ""score"", ""target_object"": ""row02""}","{
  ""domain"": ""table"",
  ""target_object"": ""row02"",
  ""target_field"": ""score"",
  ""expected_state"": ""82"",
  ""forbidden_side_effects"": [""any other field change"", ""any other row change""]
}",4a5365f0081e,0,,153,1.0,1.0,1.0,0.5,0.0,missing_forbidden_effect,"[""unrelated objects"", ""unrelated fields""]"
pc_v4_02_p2,pc_v4_02,table,Model-B,deepseek-v4-pro,disabled,conditional_negative_constraint,"If row02 is present, set score to 82. Do not alter any other object or field.","{""domain"": ""table"", ""expected_state"": 82, ""forbidden_side_effects"": [""any_other_object_or_field""], ""target_field"": ""score"", ""target_object"": ""row02""}","{
  ""domain"": ""table"",
  ""target_object"": ""row02"",
  ""target_field"": ""score"",
  ""expected_state"": 82,
  ""forbidden_side_effects"": [""any_other_object_or_field""]
}",dd168cc0ac3a,0,,150,1.0,1.0,1.0,1.0,0.0,none,"[""unrelated objects"", ""unrelated fields""]"
pc_v4_02_p3,pc_v4_02,table,Model-B,deepseek-v4-pro,disabled,ellipsis_multi_object_preservation,"For row02: score -> 82; peer_row_02_a and peer_row_02_b, unchanged.","{""domain"": ""table"", ""expected_state"": ""82"", ""forbidden_side_effects"": [""peer_row_02_a"", ""peer_row_02_b""], ""target_field"": ""score"", ""target_object"": ""row02""}","{
  ""domain"": ""table"",
  ""target_object"": ""row02"",
  ""target_field"": ""score"",
  ""expected_state"": ""82"",
  ""forbidden_side_effects"": [""peer_row_02_a"", ""peer_row_02_b""]
}",3b835d7dbca2,0,,158,1.0,1.0,1.0,1.0,0.0,none,"[""peer_row_02_a"", ""peer_row_02_b""]"
pc_v4_03_p1,pc_v4_03,workflow_micro,Model-B,deepseek-v4-pro,disabled,pronoun_coreference,"Open step03. Change its note so that it reads checked_3, and leave everything else untouched.","{""domain"": ""workflow_micro"", ""expected_state"": ""checked_3"", ""forbidden_side_effects"": [""any other changes to step03"", ""changes to other steps""], ""target_field"": ""note"", ""target_object"": ""step03""}","{
  ""domain"": ""workflow_micro"",
  ""target_object"": ""step03"",
  ""target_field"": ""note"",
  ""expected_state"": ""checked_3"",
  ""forbidden_side_effects"": [""any other changes to step03"", ""changes to other steps""]
}",909623bf5477,0,,164,1.0,1.0,1.0,0.0,0.0,missing_forbidden_effect,"[""unrelated objects"", ""unrelated fields""]"
pc_v4_03_p2,pc_v4_03,workflow_micro,Model-B,deepseek-v4-pro,disabled,conditional_negative_constraint,"If step03 is present, set note to checked_3. Do not alter any other object or field.","{""domain"": ""workflow_micro"", ""expected_state"": ""checked_3"", ""forbidden_side_effects"": ""No other objects or fields should be altered."", ""target_field"": ""note"", ""target_object"": ""step03""}","{
  ""domain"": ""workflow_micro"",
  ""target_object"": ""step03"",
  ""target_field"": ""note"",
  ""expected_state"": ""checked_3"",
  ""forbidden_side_effects"": ""No other objects or fields should be altered.""
}",a755d651e844,0,,161,1.0,1.0,1.0,0.5,0.0,missing_forbidden_effect,"[""unrelated objects"", ""unrelated fields""]"
pc_v4_03_p3,pc_v4_03,workflow_micro,Model-B,deepseek-v4-pro,disabled,ellipsis_multi_object_preservation,"For step03: note -> checked_3; peer_step_03_a and peer_step_03_b, unchanged.","{""domain"": ""workflow_micro"", ""expected_state"": ""true"", ""forbidden_side_effects"": [""peer_step_03_a"", ""peer_step_03_b""], ""target_field"": ""checked_3"", ""target_object"": ""note""}","{
  ""domain"": ""workflow_micro"",
  ""target_object"": ""note"",
  ""target_field"": ""checked_3"",
  ""expected_state"": ""true"",
  ""forbidden_side_effects"": [
    ""peer_step_03_a"",
    ""peer_step_03_b""
  ]
}",56068310ef95,0,,171,0.0,0.0,0.0,1.0,0.0,wrong_object;wrong_field;wrong_constraint,"[""peer_step_03_a"", ""peer_step_03_b""]"
pc_v4_04_p1,pc_v4_04,file,Model-B,deepseek-v4-pro,disabled,pronoun_coreference,"Open reports/draft_4.txt. Change its content so that it reads approved_4, and leave everything else untouched.","{""domain"": ""file"", ""expected_state"": ""approved_4"", ""forbidden_side_effects"": [""modification of other files"", ""modification of file metadata except content"", ""creation of new files"", ""deletion of files""], ""target_field"": ""content"", ""target_object"": ""reports/draft_4.txt""}","{
  ""domain"": ""file"",
  ""target_object"": ""reports/draft_4.txt"",
  ""target_field"": ""content"",
  ""expected_state"": ""approved_4"",
  ""forbidden_side_effects"": [
    ""modification of other files"",
    ""modification of file metadata except content"",
    ""creation of new files"",
    ""deletion of files""
  ]
}",915ab1504c24,0,,188,1.0,1.0,1.0,0.0,0.0,missing_forbidden_effect,"[""unrelated objects"", ""unrelated fields""]"
pc_v4_04_p2,pc_v4_04,file,Model-B,deepseek-v4-pro,disabled,conditional_negative_constraint,"If reports/draft_4.txt is present, set content to approved_4. Do not alter any other object or field.","{""domain"": ""file"", ""expected_state"": ""approved_4"", ""forbidden_side_effects"": [""alter_other_objects"", ""alter_other_fields""], ""target_field"": ""content"", ""target_object"": ""reports/draft_4.txt""}","{
  ""domain"": ""file"",
  ""target_object"": ""reports/draft_4.txt"",
  ""target_field"": ""content"",
  ""expected_state"": ""approved_4"",
  ""forbidden_side_effects"": [""alter_other_objects"", ""alter_other_fields""]
}",0e7ef80659f1,0,,167,1.0,1.0,1.0,1.0,0.0,none,"[""unrelated objects"", ""unrelated fields""]"
pc_v4_04_p3,pc_v4_04,file,Model-B,deepseek-v4-pro,disabled,ellipsis_multi_object_preservation,"For reports/draft_4.txt: content -> approved_4; reports/reference_04.txt and reports/archive_04.txt, unchanged.","{""domain"": ""file"", ""expected_state"": ""approved_4"", ""forbidden_side_effects"": [""reports/reference_04.txt"", ""reports/archive_04.txt""], ""target_field"": ""content"", ""target_object"": ""reports/draft_4.txt""}","{
  ""domain"": ""file"",
  ""target_object"": ""reports/draft_4.txt"",
  ""target_field"": ""content"",
  ""expected_state"": ""approved_4"",
  ""forbidden_side_effects"": [
    ""reports/reference_04.txt"",
    ""reports/archive_04.txt""
  ]
}",6f6f99a33069,0,,181,1.0,1.0,1.0,1.0,0.0,none,"[""reports/reference_04.txt"", ""reports/archive_04.txt""]"
pc_v4_05_p1,pc_v4_05,web_form,Model-B,deepseek-v4-pro,disabled,pronoun_coreference,"Open r05. Change its status so that it reads approved, and leave everything else untouched.","{""domain"": ""web_form"", ""expected_state"": ""approved"", ""forbidden_side_effects"": [""any other field changed""], ""target_field"": ""status"", ""target_object"": ""r05""}","{
  ""domain"": ""web_form"",
  ""target_object"": ""r05"",
  ""target_field"": ""status"",
  ""expected_state"": ""approved"",
  ""forbidden_side_effects"": [""any other field changed""]
}",4e0eaa5339f5,0,,148,1.0,1.0,1.0,0.5,0.0,missing_forbidden_effect,"[""unrelated objects"", ""unrelated fields""]"
pc_v4_05_p2,pc_v4_05,web_form,Model-B,deepseek-v4-pro,disabled,conditional_negative_constraint,"If r05 is present, set status to approved. Do not alter any other object or field.","{""domain"": ""web_form"", ""expected_state"": ""approved"", ""forbidden_side_effects"": [""alter_other_objects"", ""alter_other_fields""], ""target_field"": ""status"", ""target_object"": ""r05""}","{
  ""domain"": ""web_form"",
  ""target_object"": ""r05"",
  ""target_field"": ""status"",
  ""expected_state"": ""approved"",
  ""forbidden_side_effects"": [""alter_other_objects"", ""alter_other_fields""]
}",178730de26c8,0,,156,1.0,1.0,1.0,1.0,0.0,none,"[""unrelated objects"", ""unrelated fields""]"
pc_v4_05_p3,pc_v4_05,web_form,Model-B,deepseek-v4-pro,disabled,ellipsis_multi_object_preservation,"For r05: status -> approved; peer_record_05_a and peer_record_05_b, unchanged.","{""domain"": ""web_form"", ""expected_state"": ""approved"", ""forbidden_side_effects"": [""peer_record_05_a"", ""peer_record_05_b""], ""target_field"": ""status"", ""target_object"": ""r05""}","{
  ""domain"": ""web_form"",
  ""target_object"": ""r05"",
  ""target_field"": ""status"",
  ""expected_state"": ""approved"",
  ""forbidden_side_effects"": [
    ""peer_record_05_a"",
    ""peer_record_05_b""
  ]
}",90ad0b4e3898,0,,164,1.0,1.0,1.0,1.0,0.0,none,"[""peer_record_05_a"", ""peer_record_05_b""]"
pc_v4_06_p1,pc_v4_06,table,Model-B,deepseek-v4-pro,disabled,pronoun_coreference,"Open row06. Change its score so that it reads 86, and leave everything else untouched.","{""domain"": ""table"", ""expected_state"": ""86"", ""forbidden_side_effects"": [], ""target_field"": ""score"", ""target_object"": ""row06""}","{
  ""domain"": ""table"",
  ""target_object"": ""row06"",
  ""target_field"": ""score"",
  ""expected_state"": ""86"",
  ""forbidden_side_effects"": []
}",ee31c5b570fa,0,,142,1.0,1.0,1.0,0.0,0.0,missing_forbidden_effect,"[""unrelated objects"", ""unrelated fields""]"
pc_v4_06_p2,pc_v4_06,table,Model-B,deepseek-v4-pro,disabled,conditional_negative_constraint,"If row06 is present, set score to 86. Do not alter any other object or field.","{""domain"": ""table"", ""expected_state"": 86, ""forbidden_side_effects"": [""any other object or field""], ""target_field"": ""score"", ""target_object"": ""row06""}","{
  ""domain"": ""table"",
  ""target_object"": ""row06"",
  ""target_field"": ""score"",
  ""expected_state"": 86,
  ""forbidden_side_effects"": [""any other object or field""]
}",31c907b88c56,0,,149,1.0,1.0,1.0,1.0,0.0,none,"[""unrelated objects"", ""unrelated fields""]"
pc_v4_06_p3,pc_v4_06,table,Model-B,deepseek-v4-pro,disabled,ellipsis_multi_object_preservation,"For row06: score -> 86; peer_row_06_a and peer_row_06_b, unchanged.","{""domain"": ""table"", ""expected_state"": ""86"", ""forbidden_side_effects"": [""peer_row_06_a"", ""peer_row_06_b""], ""target_field"": ""score"", ""target_object"": ""row06""}","{
  ""domain"": ""table"",
  ""target_object"": ""row06"",
  ""target_field"": ""score"",
  ""expected_state"": ""86"",
  ""forbidden_side_effects"": [""peer_row_06_a"", ""peer_row_06_b""]
}",20be88218dc4,0,,158,1.0,1.0,1.0,1.0,0.0,none,"[""peer_row_06_a"", ""peer_row_06_b""]"
pc_v4_07_p1,pc_v4_07,workflow_micro,Model-B,deepseek-v4-pro,disabled,pronoun_coreference,"Open step07. Change its note so that it reads checked_7, and leave everything else untouched.","{""domain"": ""workflow_micro"", ""expected_state"": ""checked_7"", ""forbidden_side_effects"": [""modify_other_fields_of_step07"", ""modify_other_objects""], ""target_field"": ""note"", ""target_object"": ""step07""}","{
  ""domain"": ""workflow_micro"",
  ""target_object"": ""step07"",
  ""target_field"": ""note"",
  ""expected_state"": ""checked_7"",
  ""forbidden_side_effects"": [
    ""modify_other_fields_of_step07"",
    ""modify_other_objects""
  ]
}",b4b6527c2f2d,0,,173,1.0,1.0,1.0,1.0,0.0,none,"[""unrelated objects"", ""unrelated fields""]"
pc_v4_07_p2,pc_v4_07,workflow_micro,Model-B,deepseek-v4-pro,disabled,conditional_negative_constraint,"If step07 is present, set note to checked_7. Do not alter any other object or field.","{""domain"": ""workflow_micro"", ""expected_state"": ""checked_7"", ""forbidden_side_effects"": [""any other object or field""], ""target_field"": ""note"", ""target_object"": ""step07""}","{
  ""domain"": ""workflow_micro"",
  ""target_object"": ""step07"",
  ""target_field"": ""note"",
  ""expected_state"": ""checked_7"",
  ""forbidden_side_effects"": [""any other object or field""]
}",09d0d25a42b9,0,,158,1.0,1.0,1.0,1.0,0.0,none,"[""unrelated objects"", ""unrelated fields""]"
pc_v4_07_p3,pc_v4_07,workflow_micro,Model-B,deepseek-v4-pro,disabled,ellipsis_multi_object_preservation,"For step07: note -> checked_7; peer_step_07_a and peer_step_07_b, unchanged.","{""domain"": ""workflow_micro"", ""expected_state"": ""true"", ""forbidden_side_effects"": [""peer_step_07_a"", ""peer_step_07_b""], ""target_field"": ""checked_7"", ""target_object"": ""note""}","{
  ""domain"": ""workflow_micro"",
  ""target_object"": ""note"",
  ""target_field"": ""checked_7"",
  ""expected_state"": ""true"",
  ""forbidden_side_effects"": [""peer_step_07_a"", ""peer_step_07_b""]
}",ccad75fcffc2,0,,166,0.0,0.0,0.0,1.0,0.0,wrong_object;wrong_field;wrong_constraint,"[""peer_step_07_a"", ""peer_step_07_b""]"
pc_v4_08_p1,pc_v4_08,file,Model-B,deepseek-v4-pro,disabled,pronoun_coreference,"Open reports/draft_8.txt. Change its content so that it reads approved_8, and leave everything else untouched.","{""domain"": ""file"", ""expected_state"": ""approved_8"", ""forbidden_side_effects"": [""modification of any other file"", ""modification of file metadata except as necessary to update content"", ""creation of new files"", ""deletion of files""], ""target_field"": ""content"", ""target_object"": ""reports/draft_8.txt""}","{
  ""domain"": ""file"",
  ""target_object"": ""reports/draft_8.txt"",
  ""target_field"": ""content"",
  ""expected_state"": ""approved_8"",
  ""forbidden_side_effects"": [
    ""modification of any other file"",
    ""modification of file metadata except as necessary to update content"",
    ""creation of new files"",
    ""deletion of files""
  ]
}",1ecedaec4994,0,,193,1.0,1.0,1.0,0.0,0.0,missing_forbidden_effect,"[""unrelated objects"", ""unrelated fields""]"
pc_v4_08_p2,pc_v4_08,file,Model-B,deepseek-v4-pro,disabled,conditional_negative_constraint,"If reports/draft_8.txt is present, set content to approved_8. Do not alter any other object or field.","{""domain"": ""file"", ""expected_state"": ""approved_8"", ""forbidden_side_effects"": [""alter any other object or field""], ""target_field"": ""content"", ""target_object"": ""reports/draft_8.txt""}","{
  ""domain"": ""file"",
  ""target_object"": ""reports/draft_8.txt"",
  ""target_field"": ""content"",
  ""expected_state"": ""approved_8"",
  ""forbidden_side_effects"": [""alter any other object or field""]
}",f8058d6ead02,0,,162,1.0,1.0,1.0,1.0,0.0,none,"[""unrelated objects"", ""unrelated fields""]"
pc_v4_08_p3,pc_v4_08,file,Model-B,deepseek-v4-pro,disabled,ellipsis_multi_object_preservation,"For reports/draft_8.txt: content -> approved_8; reports/reference_08.txt and reports/archive_08.txt, unchanged.","{""domain"": ""file"", ""expected_state"": ""approved_8"", ""forbidden_side_effects"": [""reports/reference_08.txt"", ""reports/archive_08.txt""], ""target_field"": ""content"", ""target_object"": ""reports/draft_8.txt""}","{
  ""domain"": ""file"",
  ""target_object"": ""reports/draft_8.txt"",
  ""target_field"": ""content"",
  ""expected_state"": ""approved_8"",
  ""forbidden_side_effects"": [
    ""reports/reference_08.txt"",
    ""reports/archive_08.txt""
  ]
}",68173126a9e8,0,,181,1.0,1.0,1.0,1.0,0.0,none,"[""reports/reference_08.txt"", ""reports/archive_08.txt""]"
pc_v4_09_p1,pc_v4_09,web_form,Model-B,deepseek-v4-pro,disabled,pronoun_coreference,"Open r09. Change its name so that it reads Alice_9, and leave everything else untouched.","{""domain"": ""web_form"", ""expected_state"": ""Alice_9"", ""forbidden_side_effects"": [""modify_other_fields"", ""modify_other_objects""], ""target_field"": ""name"", ""target_object"": ""r09""}","{
  ""domain"": ""web_form"",
  ""target_object"": ""r09"",
  ""target_field"": ""name"",
  ""expected_state"": ""Alice_9"",
  ""forbidden_side_effects"": [""modify_other_fields"", ""modify_other_objects""]
}",e10436f12b16,0,,161,1.0,1.0,1.0,1.0,0.0,none,"[""unrelated objects"", ""unrelated fields""]"
pc_v4_09_p2,pc_v4_09,web_form,Model-B,deepseek-v4-pro,disabled,conditional_negative_constraint,"If r09 is present, set name to Alice_9. Do not alter any other object or field.","{""domain"": ""web_form"", ""expected_state"": ""Alice_9"", ""forbidden_side_effects"": [""alter_other_objects"", ""alter_other_fields""], ""target_field"": ""name"", ""target_object"": ""r09""}","{
  ""domain"": ""web_form"",
  ""target_object"": ""r09"",
  ""target_field"": ""name"",
  ""expected_state"": ""Alice_9"",
  ""forbidden_side_effects"": [""alter_other_objects"", ""alter_other_fields""]
}",77b33b34e3f9,0,,160,1.0,1.0,1.0,1.0,0.0,none,"[""unrelated objects"", ""unrelated fields""]"
pc_v4_09_p3,pc_v4_09,web_form,Model-B,deepseek-v4-pro,disabled,ellipsis_multi_object_preservation,"For r09: name -> Alice_9; peer_record_09_a and peer_record_09_b, unchanged.","{""domain"": ""web_form"", ""expected_state"": ""Alice_9"", ""forbidden_side_effects"": [""peer_record_09_a"", ""peer_record_09_b""], ""target_field"": ""name"", ""target_object"": ""r09""}","{""domain"": ""web_form"", ""target_object"": ""r09"", ""target_field"": ""name"", ""expected_state"": ""Alice_9"", ""forbidden_side_effects"": [""peer_record_09_a"", ""peer_record_09_b""]}",f671ab0b8108,0,,157,1.0,1.0,1.0,1.0,0.0,none,"[""peer_record_09_a"", ""peer_record_09_b""]"
pc_v4_10_p1,pc_v4_10,table,Model-B,deepseek-v4-pro,disabled,pronoun_coreference,"Open row10. Change its score so that it reads 80, and leave everything else untouched.","{""domain"": ""table"", ""expected_state"": ""80"", ""forbidden_side_effects"": [""modify_other_fields"", ""modify_other_rows""], ""target_field"": ""score"", ""target_object"": ""row10""}","{
  ""domain"": ""table"",
  ""target_object"": ""row10"",
  ""target_field"": ""score"",
  ""expected_state"": ""80"",
  ""forbidden_side_effects"": [""modify_other_fields"", ""modify_other_rows""]
}",16b775b4abea,0,,155,1.0,1.0,1.0,0.5,0.0,missing_forbidden_effect,"[""unrelated objects"", ""unrelated fields""]"
pc_v4_10_p2,pc_v4_10,table,Model-B,deepseek-v4-pro,disabled,conditional_negative_constraint,"If row10 is present, set score to 80. Do not alter any other object or field.","{""domain"": ""table"", ""expected_state"": ""80"", ""forbidden_side_effects"": [""alter_other_objects"", ""alter_other_fields""], ""target_field"": ""score"", ""target_object"": ""row10""}","{
  ""domain"": ""table"",
  ""target_object"": ""row10"",
  ""target_field"": ""score"",
  ""expected_state"": ""80"",
  ""forbidden_side_effects"": [""alter_other_objects"", ""alter_other_fields""]
}",cebb8f03fbc4,0,,155,1.0,1.0,1.0,1.0,0.0,none,"[""unrelated objects"", ""unrelated fields""]"
pc_v4_10_p3,pc_v4_10,table,Model-B,deepseek-v4-pro,disabled,ellipsis_multi_object_preservation,"For row10: score -> 80; peer_row_10_a and peer_row_10_b, unchanged.","{""domain"": ""table"", ""expected_state"": ""80"", ""forbidden_side_effects"": [""peer_row_10_a"", ""peer_row_10_b""], ""target_field"": ""score"", ""target_object"": ""row10""}","{
  ""domain"": ""table"",
  ""target_object"": ""row10"",
  ""target_field"": ""score"",
  ""expected_state"": ""80"",
  ""forbidden_side_effects"": [""peer_row_10_a"", ""peer_row_10_b""]
}",989c02d1b3c9,0,,158,1.0,1.0,1.0,1.0,0.0,none,"[""peer_row_10_a"", ""peer_row_10_b""]"
pc_v4_11_p1,pc_v4_11,workflow_micro,Model-B,deepseek-v4-pro,disabled,pronoun_coreference,"Open step11. Change its note so that it reads checked_11, and leave everything else untouched.","{""domain"": ""workflow_micro"", ""expected_state"": ""checked_11"", ""forbidden_side_effects"": [""any other field of step11 changed"", ""any other object changed""], ""target_field"": ""note"", ""target_object"": ""step11""}","{
  ""domain"": ""workflow_micro"",
  ""target_object"": ""step11"",
  ""target_field"": ""note"",
  ""expected_state"": ""checked_11"",
  ""forbidden_side_effects"": [""any other field of step11 changed"", ""any other object changed""]
}",e5e2b3174b02,0,,165,1.0,1.0,1.0,1.0,0.0,none,"[""unrelated objects"", ""unrelated fields""]"
pc_v4_11_p2,pc_v4_11,workflow_micro,Model-B,deepseek-v4-pro,disabled,conditional_negative_constraint,"If step11 is present, set note to checked_11. Do not alter any other object or field.","{""domain"": ""workflow_micro"", ""expected_state"": ""checked_11"", ""forbidden_side_effects"": [""any other object or field""], ""target_field"": ""value"", ""target_object"": ""note""}","{
  ""domain"": ""workflow_micro"",
  ""target_object"": ""note"",
  ""target_field"": ""value"",
  ""expected_state"": ""checked_11"",
  ""forbidden_side_effects"": [""any other object or field""]
}",2a23d2215a66,0,,157,0.0,0.0,1.0,1.0,0.0,wrong_object;wrong_field,"[""unrelated objects"", ""unrelated fields""]"
pc_v4_11_p3,pc_v4_11,workflow_micro,Model-B,deepseek-v4-pro,disabled,ellipsis_multi_object_preservation,"For step11: note -> checked_11; peer_step_11_a and peer_step_11_b, unchanged.","{""domain"": ""workflow_micro"", ""expected_state"": ""true"", ""forbidden_side_effects"": [""peer_step_11_a"", ""peer_step_11_b""], ""target_field"": ""checked_11"", ""target_object"": ""note""}","{
  ""domain"": ""workflow_micro"",
  ""target_object"": ""note"",
  ""target_field"": ""checked_11"",
  ""expected_state"": ""true"",
  ""forbidden_side_effects"": [""peer_step_11_a"", ""peer_step_11_b""]
}",897e865275c4,0,,166,0.0,0.0,0.0,1.0,0.0,wrong_object;wrong_field;wrong_constraint,"[""peer_step_11_a"", ""peer_step_11_b""]"
pc_v4_12_p1,pc_v4_12,file,Model-B,deepseek-v4-pro,disabled,pronoun_coreference,"Open reports/draft_12.txt. Change its content so that it reads approved_12, and leave everything else untouched.","{""domain"": ""file"", ""expected_state"": ""approved_12"", ""forbidden_side_effects"": [""modify_other_files"", ""change_file_metadata"", ""delete_file"", ""rename_file"", ""move_file"", ""change_permissions""], ""target_field"": ""content"", ""target_object"": ""reports/draft_12.txt""}","{
  ""domain"": ""file"",
  ""target_object"": ""reports/draft_12.txt"",
  ""target_field"": ""content"",
  ""expected_state"": ""approved_12"",
  ""forbidden_side_effects"": [""modify_other_files"", ""change_file_metadata"", ""delete_file"", ""rename_file"", ""move_file"", ""change_permissions""]
}",fb0f5f5b87be,0,,183,1.0,1.0,1.0,0.0,0.0,missing_forbidden_effect,"[""unrelated objects"", ""unrelated fields""]"
pc_v4_12_p2,pc_v4_12,file,Model-B,deepseek-v4-pro,disabled,conditional_negative_constraint,"If reports/draft_12.txt is present, set content to approved_12. Do not alter any other object or field.","{""domain"": ""file"", ""expected_state"": ""approved_12"", ""forbidden_side_effects"": [""alter any other object or field""], ""target_field"": ""content"", ""target_object"": ""reports/draft_12.txt""}","{
  ""domain"": ""file"",
  ""target_object"": ""reports/draft_12.txt"",
  ""target_field"": ""content"",
  ""expected_state"": ""approved_12"",
  ""forbidden_side_effects"": [""alter any other object or field""]
}",0791d0ab76a4,0,,162,1.0,1.0,1.0,1.0,0.0,none,"[""unrelated objects"", ""unrelated fields""]"
pc_v4_12_p3,pc_v4_12,file,Model-B,deepseek-v4-pro,disabled,ellipsis_multi_object_preservation,"For reports/draft_12.txt: content -> approved_12; reports/reference_12.txt and reports/archive_12.txt, unchanged.","{""domain"": ""file"", ""expected_state"": ""approved_12"", ""forbidden_side_effects"": [""reports/reference_12.txt"", ""reports/archive_12.txt""], ""target_field"": ""content"", ""target_object"": ""reports/draft_12.txt""}","{
  ""domain"": ""file"",
  ""target_object"": ""reports/draft_12.txt"",
  ""target_field"": ""content"",
  ""expected_state"": ""approved_12"",
  ""forbidden_side_effects"": [
    ""reports/reference_12.txt"",
    ""reports/archive_12.txt""
  ]
}",7a683c062a49,0,,181,1.0,1.0,1.0,1.0,0.0,none,"[""reports/reference_12.txt"", ""reports/archive_12.txt""]"
pc_v4_13_p1,pc_v4_13,web_form,Model-B,deepseek-v4-pro,disabled,pronoun_coreference,"Open r13. Change its status so that it reads approved, and leave everything else untouched.","{""domain"": ""web_form"", ""expected_state"": ""approved"", ""forbidden_side_effects"": [""any_other_change""], ""target_field"": ""status"", ""target_object"": ""r13""}","{
  ""domain"": ""web_form"",
  ""target_object"": ""r13"",
  ""target_field"": ""status"",
  ""expected_state"": ""approved"",
  ""forbidden_side_effects"": [""any_other_change""]
}",69af67d5abaa,0,,148,1.0,1.0,1.0,0.0,0.0,missing_forbidden_effect,"[""unrelated objects"", ""unrelated fields""]"
pc_v4_13_p2,pc_v4_13,web_form,Model-B,deepseek-v4-pro,disabled,conditional_negative_constraint,"If r13 is present, set status to approved. Do not alter any other object or field.","{""domain"": ""web_form"", ""expected_state"": ""approved"", ""forbidden_side_effects"": [""alter_other_objects"", ""alter_other_fields""], ""target_field"": ""status"", ""target_object"": ""r13""}","{
  ""domain"": ""web_form"",
  ""target_object"": ""r13"",
  ""target_field"": ""status"",
  ""expected_state"": ""approved"",
  ""forbidden_side_effects"": [""alter_other_objects"", ""alter_other_fields""]
}",eb1bbd91f4ef,0,,156,1.0,1.0,1.0,1.0,0.0,none,"[""unrelated objects"", ""unrelated fields""]"
pc_v4_13_p3,pc_v4_13,web_form,Model-B,deepseek-v4-pro,disabled,ellipsis_multi_object_preservation,"For r13: status -> approved; peer_record_13_a and peer_record_13_b, unchanged.","{""domain"": ""web_form"", ""expected_state"": ""approved"", ""forbidden_side_effects"": [""peer_record_13_a"", ""peer_record_13_b""], ""target_field"": ""status"", ""target_object"": ""r13""}","{
  ""domain"": ""web_form"",
  ""target_object"": ""r13"",
  ""target_field"": ""status"",
  ""expected_state"": ""approved"",
  ""forbidden_side_effects"": [
    ""peer_record_13_a"",
    ""peer_record_13_b""
  ]
}",9761295e3298,0,,164,1.0,1.0,1.0,1.0,0.0,none,"[""peer_record_13_a"", ""peer_record_13_b""]"
pc_v4_14_p1,pc_v4_14,table,Model-B,deepseek-v4-pro,disabled,pronoun_coreference,"Open row14. Change its score so that it reads 84, and leave everything else untouched.","{""domain"": ""table"", ""expected_state"": ""84"", ""forbidden_side_effects"": [""modify_other_fields"", ""modify_other_rows""], ""target_field"": ""score"", ""target_object"": ""row14""}","{
  ""domain"": ""table"",
  ""target_object"": ""row14"",
  ""target_field"": ""score"",
  ""expected_state"": ""84"",
  ""forbidden_side_effects"": [""modify_other_fields"", ""modify_other_rows""]
}",eab36de94694,0,,155,1.0,1.0,1.0,0.5,0.0,missing_forbidden_effect,"[""unrelated objects"", ""unrelated fields""]"
pc_v4_14_p2,pc_v4_14,table,Model-B,deepseek-v4-pro,disabled,conditional_negative_constraint,"If row14 is present, set score to 84. Do not alter any other object or field.","{""domain"": ""table"", ""expected_state"": 84, ""forbidden_side_effects"": [""alter_other_objects"", ""alter_other_fields""], ""target_field"": ""score"", ""target_object"": ""row14""}","{
  ""domain"": ""table"",
  ""target_object"": ""row14"",
  ""target_field"": ""score"",
  ""expected_state"": 84,
  ""forbidden_side_effects"": [""alter_other_objects"", ""alter_other_fields""]
}",d4e3031aaceb,0,,155,1.0,1.0,1.0,1.0,0.0,none,"[""unrelated objects"", ""unrelated fields""]"
pc_v4_14_p3,pc_v4_14,table,Model-B,deepseek-v4-pro,disabled,ellipsis_multi_object_preservation,"For row14: score -> 84; peer_row_14_a and peer_row_14_b, unchanged.","{""domain"": ""table"", ""expected_state"": ""84"", ""forbidden_side_effects"": [""peer_row_14_a"", ""peer_row_14_b""], ""target_field"": ""score"", ""target_object"": ""row14""}","{
  ""domain"": ""table"",
  ""target_object"": ""row14"",
  ""target_field"": ""score"",
  ""expected_state"": ""84"",
  ""forbidden_side_effects"": [""peer_row_14_a"", ""peer_row_14_b""]
}",cf7f75fd7aea,0,,158,1.0,1.0,1.0,1.0,0.0,none,"[""peer_row_14_a"", ""peer_row_14_b""]"
pc_v4_15_p1,pc_v4_15,workflow_micro,Model-B,deepseek-v4-pro,disabled,pronoun_coreference,"Open step15. Change its note so that it reads checked_15, and leave everything else untouched.","{""domain"": ""workflow_micro"", ""expected_state"": ""checked_15"", ""forbidden_side_effects"": [""any other changes to step15"", ""changes to other steps"", ""changes to workflow structure""], ""target_field"": ""note"", ""target_object"": ""step15""}","{
  ""domain"": ""workflow_micro"",
  ""target_object"": ""step15"",
  ""target_field"": ""note"",
  ""expected_state"": ""checked_15"",
  ""forbidden_side_effects"": [""any other changes to step15"", ""changes to other steps"", ""changes to workflow structure""]
}",384f01605d74,0,,170,1.0,1.0,1.0,0.0,0.0,missing_forbidden_effect,"[""unrelated objects"", ""unrelated fields""]"
pc_v4_15_p2,pc_v4_15,workflow_micro,Model-B,deepseek-v4-pro,disabled,conditional_negative_constraint,"If step15 is present, set note to checked_15. Do not alter any other object or field.","{""domain"": ""workflow_micro"", ""expected_state"": ""checked_15"", ""forbidden_side_effects"": ""No other objects or fields should be altered."", ""target_field"": ""note"", ""target_object"": ""step15""}","{
  ""domain"": ""workflow_micro"",
  ""target_object"": ""step15"",
  ""target_field"": ""note"",
  ""expected_state"": ""checked_15"",
  ""forbidden_side_effects"": ""No other objects or fields should be altered.""
}",3f36395be566,0,,161,1.0,1.0,1.0,0.5,0.0,missing_forbidden_effect,"[""unrelated objects"", ""unrelated fields""]"
pc_v4_15_p3,pc_v4_15,workflow_micro,Model-B,deepseek-v4-pro,disabled,ellipsis_multi_object_preservation,"For step15: note -> checked_15; peer_step_15_a and peer_step_15_b, unchanged.","{""domain"": ""workflow_micro"", ""expected_state"": ""true"", ""forbidden_side_effects"": [""peer_step_15_a"", ""peer_step_15_b""], ""target_field"": ""checked_15"", ""target_object"": ""note""}","{
  ""domain"": ""workflow_micro"",
  ""target_object"": ""note"",
  ""target_field"": ""checked_15"",
  ""expected_state"": ""true"",
  ""forbidden_side_effects"": [""peer_step_15_a"", ""peer_step_15_b""]
}",efb77ed226a6,0,,166,0.0,0.0,0.0,1.0,0.0,wrong_object;wrong_field;wrong_constraint,"[""peer_step_15_a"", ""peer_step_15_b""]"
pc_v4_16_p1,pc_v4_16,file,Model-B,deepseek-v4-pro,disabled,pronoun_coreference,"Open reports/draft_16.txt. Change its content so that it reads approved_16, and leave everything else untouched.","{""domain"": ""file"", ""expected_state"": ""approved_16"", ""forbidden_side_effects"": [""modification of other files"", ""modification of file metadata (except content)"", ""creation of new files"", ""deletion of files""], ""target_field"": ""content"", ""target_object"": ""reports/draft_16.txt""}","{
  ""domain"": ""file"",
  ""target_object"": ""reports/draft_16.txt"",
  ""target_field"": ""content"",
  ""expected_state"": ""approved_16"",
  ""forbidden_side_effects"": [
    ""modification of other files"",
    ""modification of file metadata (except content)"",
    ""creation of new files"",
    ""deletion of files""
  ]
}",eada5154d2c9,0,,189,1.0,1.0,1.0,0.0,0.0,missing_forbidden_effect,"[""unrelated objects"", ""unrelated fields""]"
pc_v4_16_p2,pc_v4_16,file,Model-B,deepseek-v4-pro,disabled,conditional_negative_constraint,"If reports/draft_16.txt is present, set content to approved_16. Do not alter any other object or field.","{""domain"": ""file"", ""expected_state"": ""approved_16"", ""forbidden_side_effects"": [""alter any other object or field""], ""target_field"": ""content"", ""target_object"": ""reports/draft_16.txt""}","{
  ""domain"": ""file"",
  ""target_object"": ""reports/draft_16.txt"",
  ""target_field"": ""content"",
  ""expected_state"": ""approved_16"",
  ""forbidden_side_effects"": [""alter any other object or field""]
}",1428b5de299f,0,,162,1.0,1.0,1.0,1.0,0.0,none,"[""unrelated objects"", ""unrelated fields""]"
pc_v4_16_p3,pc_v4_16,file,Model-B,deepseek-v4-pro,disabled,ellipsis_multi_object_preservation,"For reports/draft_16.txt: content -> approved_16; reports/reference_16.txt and reports/archive_16.txt, unchanged.","{""domain"": ""file"", ""expected_state"": ""approved_16"", ""forbidden_side_effects"": [""reports/reference_16.txt"", ""reports/archive_16.txt""], ""target_field"": ""content"", ""target_object"": ""reports/draft_16.txt""}","{
  ""domain"": ""file"",
  ""target_object"": ""reports/draft_16.txt"",
  ""target_field"": ""content"",
  ""expected_state"": ""approved_16"",
  ""forbidden_side_effects"": [
    ""reports/reference_16.txt"",
    ""reports/archive_16.txt""
  ]
}",27e704c7b669,0,,181,1.0,1.0,1.0,1.0,0.0,none,"[""reports/reference_16.txt"", ""reports/archive_16.txt""]"
pc_v4_17_p1,pc_v4_17,web_form,Model-B,deepseek-v4-pro,disabled,pronoun_coreference,"Open r17. Change its status so that it reads approved, and leave everything else untouched.","{""domain"": ""web_form"", ""expected_state"": ""approved"", ""forbidden_side_effects"": [""modify_other_fields"", ""modify_other_objects""], ""target_field"": ""status"", ""target_object"": ""r17""}","{
  ""domain"": ""web_form"",
  ""target_object"": ""r17"",
  ""target_field"": ""status"",
  ""expected_state"": ""approved"",
  ""forbidden_side_effects"": [""modify_other_fields"", ""modify_other_objects""]
}",5e87318c8ccb,0,,157,1.0,1.0,1.0,1.0,0.0,none,"[""unrelated objects"", ""unrelated fields""]"
pc_v4_17_p2,pc_v4_17,web_form,Model-B,deepseek-v4-pro,disabled,conditional_negative_constraint,"If r17 is present, set status to approved. Do not alter any other object or field.","{""domain"": ""web_form"", ""expected_state"": ""approved"", ""forbidden_side_effects"": [""any_other_object_or_field""], ""target_field"": ""status"", ""target_object"": ""r17""}","{
  ""domain"": ""web_form"",
  ""target_object"": ""r17"",
  ""target_field"": ""status"",
  ""expected_state"": ""approved"",
  ""forbidden_side_effects"": [""any_other_object_or_field""]
}",5056ac97c085,0,,151,1.0,1.0,1.0,1.0,0.0,none,"[""unrelated objects"", ""unrelated fields""]"
pc_v4_17_p3,pc_v4_17,web_form,Model-B,deepseek-v4-pro,disabled,ellipsis_multi_object_preservation,"For r17: status -> approved; peer_record_17_a and peer_record_17_b, unchanged.","{""domain"": ""web_form"", ""expected_state"": ""approved"", ""forbidden_side_effects"": [""peer_record_17_a"", ""peer_record_17_b""], ""target_field"": ""status"", ""target_object"": ""r17""}","{""domain"": ""web_form"", ""target_object"": ""r17"", ""target_field"": ""status"", ""expected_state"": ""approved"", ""forbidden_side_effects"": [""peer_record_17_a"", ""peer_record_17_b""]}",794178a222c2,0,,153,1.0,1.0,1.0,1.0,0.0,none,"[""peer_record_17_a"", ""peer_record_17_b""]"
pc_v4_18_p1,pc_v4_18,table,Model-B,deepseek-v4-pro,disabled,pronoun_coreference,"Open row18. Change its score so that it reads 88, and leave everything else untouched.","{""domain"": ""table"", ""expected_state"": ""88"", ""forbidden_side_effects"": [""modify_other_fields"", ""modify_other_rows""], ""target_field"": ""score"", ""target_object"": ""row18""}","{
  ""domain"": ""table"",
  ""target_object"": ""row18"",
  ""target_field"": ""score"",
  ""expected_state"": ""88"",
  ""forbidden_side_effects"": [""modify_other_fields"", ""modify_other_rows""]
}",fde4057311ff,0,,155,1.0,1.0,1.0,0.5,0.0,missing_forbidden_effect,"[""unrelated objects"", ""unrelated fields""]"
pc_v4_18_p2,pc_v4_18,table,Model-B,deepseek-v4-pro,disabled,conditional_negative_constraint,"If row18 is present, set score to 88. Do not alter any other object or field.","{""domain"": ""table"", ""expected_state"": ""88"", ""forbidden_side_effects"": [""any other object or field""], ""target_field"": ""score"", ""target_object"": ""row18""}","{
  ""domain"": ""table"",
  ""target_object"": ""row18"",
  ""target_field"": ""score"",
  ""expected_state"": ""88"",
  ""forbidden_side_effects"": [""any other object or field""]
}",f910bde82aea,0,,149,1.0,1.0,1.0,1.0,0.0,none,"[""unrelated objects"", ""unrelated fields""]"
pc_v4_18_p3,pc_v4_18,table,Model-B,deepseek-v4-pro,disabled,ellipsis_multi_object_preservation,"For row18: score -> 88; peer_row_18_a and peer_row_18_b, unchanged.","{""domain"": ""table"", ""expected_state"": ""88"", ""forbidden_side_effects"": [""peer_row_18_a"", ""peer_row_18_b""], ""target_field"": ""score"", ""target_object"": ""row18""}","{
  ""domain"": ""table"",
  ""target_object"": ""row18"",
  ""target_field"": ""score"",
  ""expected_state"": ""88"",
  ""forbidden_side_effects"": [""peer_row_18_a"", ""peer_row_18_b""]
}",61813f8307ae,0,,158,1.0,1.0,1.0,1.0,0.0,none,"[""peer_row_18_a"", ""peer_row_18_b""]"
pc_v4_19_p1,pc_v4_19,workflow_micro,Model-B,deepseek-v4-pro,disabled,pronoun_coreference,"Open step19. Change its note so that it reads checked_19, and leave everything else untouched.","{""domain"": ""workflow_micro"", ""expected_state"": ""checked_19"", ""forbidden_side_effects"": [""any other changes to step19"", ""changes to other steps"", ""changes to workflow structure""], ""target_field"": ""note"", ""target_object"": ""step19""}","{
  ""domain"": ""workflow_micro"",
  ""target_object"": ""step19"",
  ""target_field"": ""note"",
  ""expected_state"": ""checked_19"",
  ""forbidden_side_effects"": [""any other changes to step19"", ""changes to other steps"", ""changes to workflow structure""]
}",07e04c676c35,0,,170,1.0,1.0,1.0,0.0,0.0,missing_forbidden_effect,"[""unrelated objects"", ""unrelated fields""]"
pc_v4_19_p2,pc_v4_19,workflow_micro,Model-B,deepseek-v4-pro,disabled,conditional_negative_constraint,"If step19 is present, set note to checked_19. Do not alter any other object or field.","{""domain"": ""workflow_micro"", ""expected_state"": ""checked_19"", ""forbidden_side_effects"": [""any other object or field""], ""target_field"": ""value"", ""target_object"": ""note""}","{
  ""domain"": ""workflow_micro"",
  ""target_object"": ""note"",
  ""target_field"": ""value"",
  ""expected_state"": ""checked_19"",
  ""forbidden_side_effects"": [""any other object or field""]
}",fd6f6bc55819,0,,157,0.0,0.0,1.0,1.0,0.0,wrong_object;wrong_field,"[""unrelated objects"", ""unrelated fields""]"
pc_v4_19_p3,pc_v4_19,workflow_micro,Model-B,deepseek-v4-pro,disabled,ellipsis_multi_object_preservation,"For step19: note -> checked_19; peer_step_19_a and peer_step_19_b, unchanged.","{""domain"": ""workflow_micro"", ""expected_state"": ""true"", ""forbidden_side_effects"": [""peer_step_19_a"", ""peer_step_19_b""], ""target_field"": ""checked_19"", ""target_object"": ""note""}","{
  ""domain"": ""workflow_micro"",
  ""target_object"": ""note"",
  ""target_field"": ""checked_19"",
  ""expected_state"": ""true"",
  ""forbidden_side_effects"": [""peer_step_19_a"", ""peer_step_19_b""]
}",3e2e5b5d37e6,0,,166,0.0,0.0,0.0,1.0,0.0,wrong_object;wrong_field;wrong_constraint,"[""peer_step_19_a"", ""peer_step_19_b""]"
pc_v4_20_p1,pc_v4_20,file,Model-B,deepseek-v4-pro,disabled,pronoun_coreference,"Open reports/draft_20.txt. Change its content so that it reads approved_20, and leave everything else untouched.","{""domain"": ""file"", ""expected_state"": ""approved_20"", ""forbidden_side_effects"": [""modification of any other file"", ""modification of any other field of reports/draft_20.txt""], ""target_field"": ""content"", ""target_object"": ""reports/draft_20.txt""}","{
  ""domain"": ""file"",
  ""target_object"": ""reports/draft_20.txt"",
  ""target_field"": ""content"",
  ""expected_state"": ""approved_20"",
  ""forbidden_side_effects"": [
    ""modification of any other file"",
    ""modification of any other field of reports/draft_20.txt""
  ]
}",50aa762bfd2d,0,,181,1.0,1.0,1.0,0.5,0.0,missing_forbidden_effect,"[""unrelated objects"", ""unrelated fields""]"
pc_v4_20_p2,pc_v4_20,file,Model-B,deepseek-v4-pro,disabled,conditional_negative_constraint,"If reports/draft_20.txt is present, set content to approved_20. Do not alter any other object or field.","{""domain"": ""file"", ""expected_state"": ""approved_20"", ""forbidden_side_effects"": [""alter_other_objects"", ""alter_other_fields""], ""target_field"": ""content"", ""target_object"": ""reports/draft_20.txt""}","{
  ""domain"": ""file"",
  ""target_object"": ""reports/draft_20.txt"",
  ""target_field"": ""content"",
  ""expected_state"": ""approved_20"",
  ""forbidden_side_effects"": [""alter_other_objects"", ""alter_other_fields""]
}",19e269d80fd8,0,,167,1.0,1.0,1.0,1.0,0.0,none,"[""unrelated objects"", ""unrelated fields""]"
pc_v4_20_p3,pc_v4_20,file,Model-B,deepseek-v4-pro,disabled,ellipsis_multi_object_preservation,"For reports/draft_20.txt: content -> approved_20; reports/reference_20.txt and reports/archive_20.txt, unchanged.","{""domain"": ""file"", ""expected_state"": ""approved_20"", ""forbidden_side_effects"": [""reports/reference_20.txt"", ""reports/archive_20.txt""], ""target_field"": ""content"", ""target_object"": ""reports/draft_20.txt""}","{
  ""domain"": ""file"",
  ""target_object"": ""reports/draft_20.txt"",
  ""target_field"": ""content"",
  ""expected_state"": ""approved_20"",
  ""forbidden_side_effects"": [
    ""reports/reference_20.txt"",
    ""reports/archive_20.txt""
  ]
}",b44f386510e0,0,,181,1.0,1.0,1.0,1.0,0.0,none,"[""reports/reference_20.txt"", ""reports/archive_20.txt""]"
pc_v4_21_p1,pc_v4_21,web_form,Model-B,deepseek-v4-pro,disabled,pronoun_coreference,"Open r21. Change its name so that it reads Alice_21, and leave everything else untouched.","{""domain"": ""web_form"", ""expected_state"": ""Alice_21"", ""forbidden_side_effects"": [""modify_other_fields"", ""modify_other_objects""], ""target_field"": ""name"", ""target_object"": ""r21""}","{
  ""domain"": ""web_form"",
  ""target_object"": ""r21"",
  ""target_field"": ""name"",
  ""expected_state"": ""Alice_21"",
  ""forbidden_side_effects"": [""modify_other_fields"", ""modify_other_objects""]
}",a7e37c5dd934,0,,161,1.0,1.0,1.0,1.0,0.0,none,"[""unrelated objects"", ""unrelated fields""]"
pc_v4_21_p2,pc_v4_21,web_form,Model-B,deepseek-v4-pro,disabled,conditional_negative_constraint,"If r21 is present, set name to Alice_21. Do not alter any other object or field.","{""domain"": ""web_form"", ""expected_state"": ""Alice_21"", ""forbidden_side_effects"": [""alter_other_objects"", ""alter_other_fields""], ""target_field"": ""name"", ""target_object"": ""r21""}","{
  ""domain"": ""web_form"",
  ""target_object"": ""r21"",
  ""target_field"": ""name"",
  ""expected_state"": ""Alice_21"",
  ""forbidden_side_effects"": [""alter_other_objects"", ""alter_other_fields""]
}",d2beb3007a47,0,,160,1.0,1.0,1.0,1.0,0.0,none,"[""unrelated objects"", ""unrelated fields""]"
pc_v4_21_p3,pc_v4_21,web_form,Model-B,deepseek-v4-pro,disabled,ellipsis_multi_object_preservation,"For r21: name -> Alice_21; peer_record_21_a and peer_record_21_b, unchanged.","{""domain"": ""web_form"", ""expected_state"": ""Alice_21"", ""forbidden_side_effects"": [""peer_record_21_a"", ""peer_record_21_b""], ""target_field"": ""name"", ""target_object"": ""r21""}","{
  ""domain"": ""web_form"",
  ""target_object"": ""r21"",
  ""target_field"": ""name"",
  ""expected_state"": ""Alice_21"",
  ""forbidden_side_effects"": [
    ""peer_record_21_a"",
    ""peer_record_21_b""
  ]
}",cc882f617dbd,0,,168,1.0,1.0,1.0,1.0,0.0,none,"[""peer_record_21_a"", ""peer_record_21_b""]"
pc_v4_22_p1,pc_v4_22,table,Model-B,deepseek-v4-pro,disabled,pronoun_coreference,"Open row22. Change its score so that it reads 82, and leave everything else untouched.","{""domain"": ""table"", ""expected_state"": {""score"": 82}, ""forbidden_side_effects"": [""other rows modified"", ""other fields in row22 modified""], ""target_field"": ""score"", ""target_object"": ""row22""}","{
  ""domain"": ""table"",
  ""target_object"": ""row22"",
  ""target_field"": ""score"",
  ""expected_state"": {
    ""score"": 82
  },
  ""forbidden_side_effects"": [
    ""other rows modified"",
    ""other fields in row22 modified""
  ]
}",e34716373481,0,,166,1.0,1.0,1.0,0.5,0.0,missing_forbidden_effect,"[""unrelated objects"", ""unrelated fields""]"
pc_v4_22_p2,pc_v4_22,table,Model-B,deepseek-v4-pro,disabled,conditional_negative_constraint,"If row22 is present, set score to 82. Do not alter any other object or field.","{""domain"": ""table"", ""expected_state"": 82, ""forbidden_side_effects"": [""any_other_object"", ""any_other_field""], ""target_field"": ""score"", ""target_object"": ""row22""}","{
  ""domain"": ""table"",
  ""target_object"": ""row22"",
  ""target_field"": ""score"",
  ""expected_state"": 82,
  ""forbidden_side_effects"": [""any_other_object"", ""any_other_field""]
}",780577cfb417,0,,154,1.0,1.0,1.0,1.0,0.0,none,"[""unrelated objects"", ""unrelated fields""]"
pc_v4_22_p3,pc_v4_22,table,Model-B,deepseek-v4-pro,disabled,ellipsis_multi_object_preservation,"For row22: score -> 82; peer_row_22_a and peer_row_22_b, unchanged.","{""domain"": ""table"", ""expected_state"": ""82"", ""forbidden_side_effects"": [""peer_row_22_a"", ""peer_row_22_b""], ""target_field"": ""score"", ""target_object"": ""row22""}","{
  ""domain"": ""table"",
  ""target_object"": ""row22"",
  ""target_field"": ""score"",
  ""expected_state"": ""82"",
  ""forbidden_side_effects"": [""peer_row_22_a"", ""peer_row_22_b""]
}",ccaf8b64edd2,0,,158,1.0,1.0,1.0,1.0,0.0,none,"[""peer_row_22_a"", ""peer_row_22_b""]"
pc_v4_23_p1,pc_v4_23,workflow_micro,Model-B,deepseek-v4-pro,disabled,pronoun_coreference,"Open step23. Change its note so that it reads checked_23, and leave everything else untouched.","{""domain"": ""workflow_micro"", ""expected_state"": ""checked_23"", ""forbidden_side_effects"": [""any other field of step23 changed"", ""any other object changed""], ""target_field"": ""note"", ""target_object"": ""step23""}","{
  ""domain"": ""workflow_micro"",
  ""target_object"": ""step23"",
  ""target_field"": ""note"",
  ""expected_state"": ""checked_23"",
  ""forbidden_side_effects"": [""any other field of step23 changed"", ""any other object changed""]
}",1b76a8a2dafd,0,,165,1.0,1.0,1.0,1.0,0.0,none,"[""unrelated objects"", ""unrelated fields""]"
pc_v4_23_p2,pc_v4_23,workflow_micro,Model-B,deepseek-v4-pro,disabled,conditional_negative_constraint,"If step23 is present, set note to checked_23. Do not alter any other object or field.","{""domain"": ""workflow_micro"", ""expected_state"": ""checked_23"", ""forbidden_side_effects"": [""any other object or field""], ""target_field"": ""note"", ""target_object"": ""step23""}","{
  ""domain"": ""workflow_micro"",
  ""target_object"": ""step23"",
  ""target_field"": ""note"",
  ""expected_state"": ""checked_23"",
  ""forbidden_side_effects"": [""any other object or field""]
}",bc713f0190c9,0,,158,1.0,1.0,1.0,1.0,0.0,none,"[""unrelated objects"", ""unrelated fields""]"
pc_v4_23_p3,pc_v4_23,workflow_micro,Model-B,deepseek-v4-pro,disabled,ellipsis_multi_object_preservation,"For step23: note -> checked_23; peer_step_23_a and peer_step_23_b, unchanged.","{""domain"": ""workflow_micro"", ""expected_state"": ""checked"", ""forbidden_side_effects"": [""peer_step_23_a"", ""peer_step_23_b""], ""target_field"": ""checked_23"", ""target_object"": ""note""}","{
  ""domain"": ""workflow_micro"",
  ""target_object"": ""note"",
  ""target_field"": ""checked_23"",
  ""expected_state"": ""checked"",
  ""forbidden_side_effects"": [""peer_step_23_a"", ""peer_step_23_b""]
}",1b6519d9c8d6,0,,166,0.0,0.0,0.0,1.0,0.0,wrong_object;wrong_field;wrong_constraint,"[""peer_step_23_a"", ""peer_step_23_b""]"
pc_v4_24_p1,pc_v4_24,file,Model-B,deepseek-v4-pro,disabled,pronoun_coreference,"Open reports/draft_24.txt. Change its content so that it reads approved_24, and leave everything else untouched.","{""domain"": ""file"", ""expected_state"": ""approved_24"", ""forbidden_side_effects"": [""modification_of_other_files"", ""modification_of_file_metadata"", ""modification_of_file_name"", ""modification_of_file_location""], ""target_field"": ""content"", ""target_object"": ""reports/draft_24.txt""}","{
  ""domain"": ""file"",
  ""target_object"": ""reports/draft_24.txt"",
  ""target_field"": ""content"",
  ""expected_state"": ""approved_24"",
  ""forbidden_side_effects"": [""modification_of_other_files"", ""modification_of_file_metadata"", ""modification_of_file_name"", ""modification_of_file_location""]
}",8f5ddf047b0d,0,,183,1.0,1.0,1.0,0.0,0.0,missing_forbidden_effect,"[""unrelated objects"", ""unrelated fields""]"
pc_v4_24_p2,pc_v4_24,file,Model-B,deepseek-v4-pro,disabled,conditional_negative_constraint,"If reports/draft_24.txt is present, set content to approved_24. Do not alter any other object or field.","{""domain"": ""file"", ""expected_state"": ""approved_24"", ""forbidden_side_effects"": [""alter any other object or field""], ""target_field"": ""content"", ""target_object"": ""reports/draft_24.txt""}","{
  ""domain"": ""file"",
  ""target_object"": ""reports/draft_24.txt"",
  ""target_field"": ""content"",
  ""expected_state"": ""approved_24"",
  ""forbidden_side_effects"": [""alter any other object or field""]
}",58403cb0ef1d,0,,162,1.0,1.0,1.0,1.0,0.0,none,"[""unrelated objects"", ""unrelated fields""]"
pc_v4_24_p3,pc_v4_24,file,Model-B,deepseek-v4-pro,disabled,ellipsis_multi_object_preservation,"For reports/draft_24.txt: content -> approved_24; reports/reference_24.txt and reports/archive_24.txt, unchanged.","{""domain"": ""file"", ""expected_state"": ""approved_24"", ""forbidden_side_effects"": [""reports/reference_24.txt"", ""reports/archive_24.txt""], ""target_field"": ""content"", ""target_object"": ""reports/draft_24.txt""}","{
  ""domain"": ""file"",
  ""target_object"": ""reports/draft_24.txt"",
  ""target_field"": ""content"",
  ""expected_state"": ""approved_24"",
  ""forbidden_side_effects"": [
    ""reports/reference_24.txt"",
    ""reports/archive_24.txt""
  ]
}",009ad6fe3630,0,,181,1.0,1.0,1.0,1.0,0.0,none,"[""reports/reference_24.txt"", ""reports/archive_24.txt""]"
pc_v4_25_p1,pc_v4_25,web_form,Model-B,deepseek-v4-pro,disabled,pronoun_coreference,"Open r25. Change its status so that it reads approved, and leave everything else untouched.","{""domain"": ""web_form"", ""expected_state"": ""approved"", ""forbidden_side_effects"": [""any_change_outside_target_field""], ""target_field"": ""status"", ""target_object"": ""r25""}","{
  ""domain"": ""web_form"",
  ""target_object"": ""r25"",
  ""target_field"": ""status"",
  ""expected_state"": ""approved"",
  ""forbidden_side_effects"": [""any_change_outside_target_field""]
}",ff24c14f8884,0,,150,1.0,1.0,1.0,1.0,0.0,none,"[""unrelated objects"", ""unrelated fields""]"
pc_v4_25_p2,pc_v4_25,web_form,Model-B,deepseek-v4-pro,disabled,conditional_negative_constraint,"If r25 is present, set status to approved. Do not alter any other object or field.","{""domain"": ""web_form"", ""expected_state"": ""approved"", ""forbidden_side_effects"": [""any_other_object_or_field""], ""target_field"": ""status"", ""target_object"": ""form""}","{
  ""domain"": ""web_form"",
  ""target_object"": ""form"",
  ""target_field"": ""status"",
  ""expected_state"": ""approved"",
  ""forbidden_side_effects"": [""any_other_object_or_field""]
}",715aea8943ce,0,,150,0.0,1.0,1.0,1.0,0.0,wrong_object,"[""unrelated objects"", ""unrelated fields""]"
pc_v4_25_p3,pc_v4_25,web_form,Model-B,deepseek-v4-pro,disabled,ellipsis_multi_object_preservation,"For r25: status -> approved; peer_record_25_a and peer_record_25_b, unchanged.","{""domain"": ""web_form"", ""expected_state"": ""approved"", ""forbidden_side_effects"": [""peer_record_25_a"", ""peer_record_25_b""], ""target_field"": ""status"", ""target_object"": ""r25""}","{
  ""domain"": ""web_form"",
  ""target_object"": ""r25"",
  ""target_field"": ""status"",
  ""expected_state"": ""approved"",
  ""forbidden_side_effects"": [
    ""peer_record_25_a"",
    ""peer_record_25_b""
  ]
}",2fc0ba3accf2,0,,164,1.0,1.0,1.0,1.0,0.0,none,"[""peer_record_25_a"", ""peer_record_25_b""]"
pc_v4_26_p1,pc_v4_26,table,Model-B,deepseek-v4-pro,disabled,pronoun_coreference,"Open row26. Change its score so that it reads 86, and leave everything else untouched.","{""domain"": ""table"", ""expected_state"": ""86"", ""forbidden_side_effects"": [""modify_other_fields"", ""modify_other_rows""], ""target_field"": ""score"", ""target_object"": ""row26""}","{
  ""domain"": ""table"",
  ""target_object"": ""row26"",
  ""target_field"": ""score"",
  ""expected_state"": ""86"",
  ""forbidden_side_effects"": [""modify_other_fields"", ""modify_other_rows""]
}",f15dbf39cc7f,0,,155,1.0,1.0,1.0,0.5,0.0,missing_forbidden_effect,"[""unrelated objects"", ""unrelated fields""]"
pc_v4_26_p2,pc_v4_26,table,Model-B,deepseek-v4-pro,disabled,conditional_negative_constraint,"If row26 is present, set score to 86. Do not alter any other object or field.","{""domain"": ""table"", ""expected_state"": ""86"", ""forbidden_side_effects"": [""any other object or field""], ""target_field"": ""score"", ""target_object"": ""row26""}","{
  ""domain"": ""table"",
  ""target_object"": ""row26"",
  ""target_field"": ""score"",
  ""expected_state"": ""86"",
  ""forbidden_side_effects"": [""any other object or field""]
}",742faf161be2,0,,149,1.0,1.0,1.0,1.0,0.0,none,"[""unrelated objects"", ""unrelated fields""]"
pc_v4_26_p3,pc_v4_26,table,Model-B,deepseek-v4-pro,disabled,ellipsis_multi_object_preservation,"For row26: score -> 86; peer_row_26_a and peer_row_26_b, unchanged.","{""domain"": ""table"", ""expected_state"": ""86"", ""forbidden_side_effects"": [""peer_row_26_a"", ""peer_row_26_b""], ""target_field"": ""score"", ""target_object"": ""row26""}","{
  ""domain"": ""table"",
  ""target_object"": ""row26"",
  ""target_field"": ""score"",
  ""expected_state"": ""86"",
  ""forbidden_side_effects"": [""peer_row_26_a"", ""peer_row_26_b""]
}",23ab818d1097,0,,158,1.0,1.0,1.0,1.0,0.0,none,"[""peer_row_26_a"", ""peer_row_26_b""]"
pc_v4_27_p1,pc_v4_27,workflow_micro,Model-B,deepseek-v4-pro,disabled,pronoun_coreference,"Open step27. Change its note so that it reads checked_27, and leave everything else untouched.","{""domain"": ""workflow_micro"", ""expected_state"": ""checked_27"", ""forbidden_side_effects"": [""any other changes to step27"", ""changes to any other steps or workflow properties""], ""target_field"": ""note"", ""target_object"": ""step27""}","{
  ""domain"": ""workflow_micro"",
  ""target_object"": ""step27"",
  ""target_field"": ""note"",
  ""expected_state"": ""checked_27"",
  ""forbidden_side_effects"": [""any other changes to step27"", ""changes to any other steps or workflow properties""]
}",e575e8ebb070,0,,168,1.0,1.0,1.0,0.0,0.0,missing_forbidden_effect,"[""unrelated objects"", ""unrelated fields""]"
pc_v4_27_p2,pc_v4_27,workflow_micro,Model-B,deepseek-v4-pro,disabled,conditional_negative_constraint,"If step27 is present, set note to checked_27. Do not alter any other object or field.","{""domain"": ""workflow_micro"", ""expected_state"": ""checked_27"", ""forbidden_side_effects"": [""any other object or field altered""], ""target_field"": ""note"", ""target_object"": ""step27""}","{
  ""domain"": ""workflow_micro"",
  ""target_object"": ""step27"",
  ""target_field"": ""note"",
  ""expected_state"": ""checked_27"",
  ""forbidden_side_effects"": [
    ""any other object or field altered""
  ]
}",a785d807985b,0,,163,1.0,1.0,1.0,1.0,0.0,none,"[""unrelated objects"", ""unrelated fields""]"
pc_v4_27_p3,pc_v4_27,workflow_micro,Model-B,deepseek-v4-pro,disabled,ellipsis_multi_object_preservation,"For step27: note -> checked_27; peer_step_27_a and peer_step_27_b, unchanged.","{""domain"": ""workflow_micro"", ""expected_state"": ""true"", ""forbidden_side_effects"": [""peer_step_27_a"", ""peer_step_27_b""], ""target_field"": ""checked_27"", ""target_object"": ""note""}","{
  ""domain"": ""workflow_micro"",
  ""target_object"": ""note"",
  ""target_field"": ""checked_27"",
  ""expected_state"": ""true"",
  ""forbidden_side_effects"": [""peer_step_27_a"", ""peer_step_27_b""]
}",67f463a89478,0,,166,0.0,0.0,0.0,1.0,0.0,wrong_object;wrong_field;wrong_constraint,"[""peer_step_27_a"", ""peer_step_27_b""]"
pc_v4_28_p1,pc_v4_28,file,Model-B,deepseek-v4-pro,disabled,pronoun_coreference,"Open reports/draft_28.txt. Change its content so that it reads approved_28, and leave everything else untouched.","{""domain"": ""file"", ""expected_state"": ""approved_28"", ""forbidden_side_effects"": [], ""target_field"": ""content"", ""target_object"": ""reports/draft_28.txt""}","{
  ""domain"": ""file"",
  ""target_object"": ""reports/draft_28.txt"",
  ""target_field"": ""content"",
  ""expected_state"": ""approved_28"",
  ""forbidden_side_effects"": []
}",8987ce2dae12,0,,154,1.0,1.0,1.0,0.0,0.0,missing_forbidden_effect,"[""unrelated objects"", ""unrelated fields""]"
pc_v4_28_p2,pc_v4_28,file,Model-B,deepseek-v4-pro,disabled,conditional_negative_constraint,"If reports/draft_28.txt is present, set content to approved_28. Do not alter any other object or field.","{""domain"": ""file"", ""expected_state"": ""approved_28"", ""forbidden_side_effects"": [""any other object or field""], ""target_field"": ""content"", ""target_object"": ""reports/draft_28.txt""}","{
  ""domain"": ""file"",
  ""target_object"": ""reports/draft_28.txt"",
  ""target_field"": ""content"",
  ""expected_state"": ""approved_28"",
  ""forbidden_side_effects"": [""any other object or field""]
}",ba5486ee2a75,0,,161,1.0,1.0,1.0,1.0,0.0,none,"[""unrelated objects"", ""unrelated fields""]"
pc_v4_28_p3,pc_v4_28,file,Model-B,deepseek-v4-pro,disabled,ellipsis_multi_object_preservation,"For reports/draft_28.txt: content -> approved_28; reports/reference_28.txt and reports/archive_28.txt, unchanged.","{""domain"": ""file"", ""expected_state"": ""approved_28"", ""forbidden_side_effects"": [""reports/reference_28.txt"", ""reports/archive_28.txt""], ""target_field"": ""content"", ""target_object"": ""reports/draft_28.txt""}","{
  ""domain"": ""file"",
  ""target_object"": ""reports/draft_28.txt"",
  ""target_field"": ""content"",
  ""expected_state"": ""approved_28"",
  ""forbidden_side_effects"": [
    ""reports/reference_28.txt"",
    ""reports/archive_28.txt""
  ]
}",ca9c7a8c4e59,0,,181,1.0,1.0,1.0,1.0,0.0,none,"[""reports/reference_28.txt"", ""reports/archive_28.txt""]"
pc_v4_29_p1,pc_v4_29,web_form,Model-B,deepseek-v4-pro,disabled,pronoun_coreference,"Open r29. Change its status so that it reads approved, and leave everything else untouched.","{""domain"": ""web_form"", ""expected_state"": ""approved"", ""forbidden_side_effects"": [""modify_other_fields"", ""modify_other_objects""], ""target_field"": ""status"", ""target_object"": ""r29""}","{
  ""domain"": ""web_form"",
  ""target_object"": ""r29"",
  ""target_field"": ""status"",
  ""expected_state"": ""approved"",
  ""forbidden_side_effects"": [""modify_other_fields"", ""modify_other_objects""]
}",9f9c1f1b333b,0,,157,1.0,1.0,1.0,1.0,0.0,none,"[""unrelated objects"", ""unrelated fields""]"
pc_v4_29_p2,pc_v4_29,web_form,Model-B,deepseek-v4-pro,disabled,conditional_negative_constraint,"If r29 is present, set status to approved. Do not alter any other object or field.","{""domain"": ""web_form"", ""expected_state"": ""approved"", ""forbidden_side_effects"": [""any_other_object_or_field""], ""target_field"": ""status"", ""target_object"": ""r29""}","{
  ""domain"": ""web_form"",
  ""target_object"": ""r29"",
  ""target_field"": ""status"",
  ""expected_state"": ""approved"",
  ""forbidden_side_effects"": [""any_other_object_or_field""]
}",d69c1e2f8403,0,,151,1.0,1.0,1.0,1.0,0.0,none,"[""unrelated objects"", ""unrelated fields""]"
pc_v4_29_p3,pc_v4_29,web_form,Model-B,deepseek-v4-pro,disabled,ellipsis_multi_object_preservation,"For r29: status -> approved; peer_record_29_a and peer_record_29_b, unchanged.","{""domain"": ""web_form"", ""expected_state"": ""approved"", ""forbidden_side_effects"": [""peer_record_29_a"", ""peer_record_29_b""], ""target_field"": ""status"", ""target_object"": ""r29""}","{
  ""domain"": ""web_form"",
  ""target_object"": ""r29"",
  ""target_field"": ""status"",
  ""expected_state"": ""approved"",
  ""forbidden_side_effects"": [
    ""peer_record_29_a"",
    ""peer_record_29_b""
  ]
}",d0864446a6bc,0,,164,1.0,1.0,1.0,1.0,0.0,none,"[""peer_record_29_a"", ""peer_record_29_b""]"
pc_v4_30_p1,pc_v4_30,table,Model-B,deepseek-v4-pro,disabled,pronoun_coreference,"Open row30. Change its score so that it reads 80, and leave everything else untouched.","{""domain"": ""table"", ""expected_state"": ""80"", ""forbidden_side_effects"": [""modify_other_fields"", ""modify_other_rows""], ""target_field"": ""score"", ""target_object"": ""row30""}","{
  ""domain"": ""table"",
  ""target_object"": ""row30"",
  ""target_field"": ""score"",
  ""expected_state"": ""80"",
  ""forbidden_side_effects"": [""modify_other_fields"", ""modify_other_rows""]
}",bd818af11746,0,,155,1.0,1.0,1.0,0.5,0.0,missing_forbidden_effect,"[""unrelated objects"", ""unrelated fields""]"
pc_v4_30_p2,pc_v4_30,table,Model-B,deepseek-v4-pro,disabled,conditional_negative_constraint,"If row30 is present, set score to 80. Do not alter any other object or field.","{""domain"": ""table"", ""expected_state"": ""80"", ""forbidden_side_effects"": [""alter_other_objects"", ""alter_other_fields""], ""target_field"": ""score"", ""target_object"": ""row30""}","{
  ""domain"": ""table"",
  ""target_object"": ""row30"",
  ""target_field"": ""score"",
  ""expected_state"": ""80"",
  ""forbidden_side_effects"": [""alter_other_objects"", ""alter_other_fields""]
}",fa28260ac5f8,0,,155,1.0,1.0,1.0,1.0,0.0,none,"[""unrelated objects"", ""unrelated fields""]"
pc_v4_30_p3,pc_v4_30,table,Model-B,deepseek-v4-pro,disabled,ellipsis_multi_object_preservation,"For row30: score -> 80; peer_row_30_a and peer_row_30_b, unchanged.","{""domain"": ""table"", ""expected_state"": 80, ""forbidden_side_effects"": [""peer_row_30_a"", ""peer_row_30_b""], ""target_field"": ""score"", ""target_object"": ""row30""}","{""domain"": ""table"", ""target_object"": ""row30"", ""target_field"": ""score"", ""expected_state"": 80, ""forbidden_side_effects"": [""peer_row_30_a"", ""peer_row_30_b""]}",77cbeb0441a7,0,,152,1.0,1.0,1.0,1.0,0.0,none,"[""peer_row_30_a"", ""peer_row_30_b""]"
pc_v4_31_p1,pc_v4_31,workflow_micro,Model-B,deepseek-v4-pro,disabled,pronoun_coreference,"Open step31. Change its note so that it reads checked_31, and leave everything else untouched.","{""domain"": ""workflow_micro"", ""expected_state"": ""checked_31"", ""forbidden_side_effects"": [""any other changes to step31"", ""changes to other steps""], ""target_field"": ""note"", ""target_object"": ""step31""}","{
  ""domain"": ""workflow_micro"",
  ""target_object"": ""step31"",
  ""target_field"": ""note"",
  ""expected_state"": ""checked_31"",
  ""forbidden_side_effects"": [""any other changes to step31"", ""changes to other steps""]
}",4d2cdde203a4,0,,164,1.0,1.0,1.0,0.0,0.0,missing_forbidden_effect,"[""unrelated objects"", ""unrelated fields""]"
pc_v4_31_p2,pc_v4_31,workflow_micro,Model-B,deepseek-v4-pro,disabled,conditional_negative_constraint,"If step31 is present, set note to checked_31. Do not alter any other object or field.","{""domain"": ""workflow_micro"", ""expected_state"": ""checked_31"", ""forbidden_side_effects"": [""any other object or field altered""], ""target_field"": ""value"", ""target_object"": ""note""}","{
  ""domain"": ""workflow_micro"",
  ""target_object"": ""note"",
  ""target_field"": ""value"",
  ""expected_state"": ""checked_31"",
  ""forbidden_side_effects"": [
    ""any other object or field altered""
  ]
}",e8eae12d721d,0,,162,0.0,0.0,1.0,1.0,0.0,wrong_object;wrong_field,"[""unrelated objects"", ""unrelated fields""]"
pc_v4_31_p3,pc_v4_31,workflow_micro,Model-B,deepseek-v4-pro,disabled,ellipsis_multi_object_preservation,"For step31: note -> checked_31; peer_step_31_a and peer_step_31_b, unchanged.","{""domain"": ""workflow_micro"", ""expected_state"": ""checked_31"", ""forbidden_side_effects"": [""peer_step_31_a"", ""peer_step_31_b""], ""target_field"": ""checked_31"", ""target_object"": ""note""}","{
  ""domain"": ""workflow_micro"",
  ""target_object"": ""note"",
  ""target_field"": ""checked_31"",
  ""expected_state"": ""checked_31"",
  ""forbidden_side_effects"": [""peer_step_31_a"", ""peer_step_31_b""]
}",1c43b40d9de2,0,,168,0.0,0.0,1.0,1.0,0.0,wrong_object;wrong_field,"[""peer_step_31_a"", ""peer_step_31_b""]"
pc_v4_32_p1,pc_v4_32,file,Model-B,deepseek-v4-pro,disabled,pronoun_coreference,"Open reports/draft_32.txt. Change its content so that it reads approved_32, and leave everything else untouched.","{""domain"": ""file"", ""expected_state"": ""approved_32"", ""forbidden_side_effects"": [""modification_of_other_files"", ""modification_of_file_metadata""], ""target_field"": ""content"", ""target_object"": ""reports/draft_32.txt""}","{
  ""domain"": ""file"",
  ""target_object"": ""reports/draft_32.txt"",
  ""target_field"": ""content"",
  ""expected_state"": ""approved_32"",
  ""forbidden_side_effects"": [""modification_of_other_files"", ""modification_of_file_metadata""]
}",5d9947715af4,0,,169,1.0,1.0,1.0,0.0,0.0,missing_forbidden_effect,"[""unrelated objects"", ""unrelated fields""]"
pc_v4_32_p2,pc_v4_32,file,Model-B,deepseek-v4-pro,disabled,conditional_negative_constraint,"If reports/draft_32.txt is present, set content to approved_32. Do not alter any other object or field.","{""domain"": ""file"", ""expected_state"": ""approved_32"", ""forbidden_side_effects"": [""alter any other object or field""], ""target_field"": ""content"", ""target_object"": ""reports/draft_32.txt""}","{
  ""domain"": ""file"",
  ""target_object"": ""reports/draft_32.txt"",
  ""target_field"": ""content"",
  ""expected_state"": ""approved_32"",
  ""forbidden_side_effects"": [""alter any other object or field""]
}",a5fff7484cef,0,,162,1.0,1.0,1.0,1.0,0.0,none,"[""unrelated objects"", ""unrelated fields""]"
pc_v4_32_p3,pc_v4_32,file,Model-B,deepseek-v4-pro,disabled,ellipsis_multi_object_preservation,"For reports/draft_32.txt: content -> approved_32; reports/reference_32.txt and reports/archive_32.txt, unchanged.","{""domain"": ""file"", ""expected_state"": ""approved_32"", ""forbidden_side_effects"": [""reports/reference_32.txt"", ""reports/archive_32.txt""], ""target_field"": ""content"", ""target_object"": ""reports/draft_32.txt""}","{
  ""domain"": ""file"",
  ""target_object"": ""reports/draft_32.txt"",
  ""target_field"": ""content"",
  ""expected_state"": ""approved_32"",
  ""forbidden_side_effects"": [
    ""reports/reference_32.txt"",
    ""reports/archive_32.txt""
  ]
}",f77b0e05f883,0,,181,1.0,1.0,1.0,1.0,0.0,none,"[""reports/reference_32.txt"", ""reports/archive_32.txt""]"
pc_v4_33_p1,pc_v4_33,web_form,Model-B,deepseek-v4-pro,disabled,pronoun_coreference,"Open r33. Change its name so that it reads Alice_33, and leave everything else untouched.","{""domain"": ""web_form"", ""expected_state"": ""Alice_33"", ""forbidden_side_effects"": [""any_other_modification""], ""target_field"": ""name"", ""target_object"": ""r33""}","{
  ""domain"": ""web_form"",
  ""target_object"": ""r33"",
  ""target_field"": ""name"",
  ""expected_state"": ""Alice_33"",
  ""forbidden_side_effects"": [""any_other_modification""]
}",ecd0ef920df9,0,,153,1.0,1.0,1.0,0.0,0.0,missing_forbidden_effect,"[""unrelated objects"", ""unrelated fields""]"
pc_v4_33_p2,pc_v4_33,web_form,Model-B,deepseek-v4-pro,disabled,conditional_negative_constraint,"If r33 is present, set name to Alice_33. Do not alter any other object or field.","{""domain"": ""web_form"", ""expected_state"": ""Alice_33"", ""forbidden_side_effects"": [""any_other_object_or_field""], ""target_field"": ""name"", ""target_object"": ""r33""}","{
  ""domain"": ""web_form"",
  ""target_object"": ""r33"",
  ""target_field"": ""name"",
  ""expected_state"": ""Alice_33"",
  ""forbidden_side_effects"": [""any_other_object_or_field""]
}",6e44324dbfad,0,,155,1.0,1.0,1.0,1.0,0.0,none,"[""unrelated objects"", ""unrelated fields""]"
pc_v4_33_p3,pc_v4_33,web_form,Model-B,deepseek-v4-pro,disabled,ellipsis_multi_object_preservation,"For r33: name -> Alice_33; peer_record_33_a and peer_record_33_b, unchanged.","{""domain"": ""web_form"", ""expected_state"": ""Alice_33"", ""forbidden_side_effects"": [""peer_record_33_a"", ""peer_record_33_b""], ""target_field"": ""name"", ""target_object"": ""r33""}","{
  ""domain"": ""web_form"",
  ""target_object"": ""r33"",
  ""target_field"": ""name"",
  ""expected_state"": ""Alice_33"",
  ""forbidden_side_effects"": [""peer_record_33_a"", ""peer_record_33_b""]
}",ecf3a286af20,0,,163,1.0,1.0,1.0,1.0,0.0,none,"[""peer_record_33_a"", ""peer_record_33_b""]"
pc_v4_34_p1,pc_v4_34,table,Model-B,deepseek-v4-pro,disabled,pronoun_coreference,"Open row34. Change its score so that it reads 84, and leave everything else untouched.","{""domain"": ""table"", ""expected_state"": ""84"", ""forbidden_side_effects"": [], ""target_field"": ""score"", ""target_object"": ""row34""}","{
  ""domain"": ""table"",
  ""target_object"": ""row34"",
  ""target_field"": ""score"",
  ""expected_state"": ""84"",
  ""forbidden_side_effects"": []
}",fbfb9f32c3fc,0,,142,1.0,1.0,1.0,0.0,0.0,missing_forbidden_effect,"[""unrelated objects"", ""unrelated fields""]"
pc_v4_34_p2,pc_v4_34,table,Model-B,deepseek-v4-pro,disabled,conditional_negative_constraint,"If row34 is present, set score to 84. Do not alter any other object or field.","{""domain"": ""table"", ""expected_state"": ""84"", ""forbidden_side_effects"": [""any other object or field""], ""target_field"": ""score"", ""target_object"": ""row34""}","{
  ""domain"": ""table"",
  ""target_object"": ""row34"",
  ""target_field"": ""score"",
  ""expected_state"": ""84"",
  ""forbidden_side_effects"": [""any other object or field""]
}",955467acc985,0,,149,1.0,1.0,1.0,1.0,0.0,none,"[""unrelated objects"", ""unrelated fields""]"
pc_v4_34_p3,pc_v4_34,table,Model-B,deepseek-v4-pro,disabled,ellipsis_multi_object_preservation,"For row34: score -> 84; peer_row_34_a and peer_row_34_b, unchanged.","{""domain"": ""table"", ""expected_state"": ""84"", ""forbidden_side_effects"": [""peer_row_34_a"", ""peer_row_34_b""], ""target_field"": ""score"", ""target_object"": ""row34""}","{
  ""domain"": ""table"",
  ""target_object"": ""row34"",
  ""target_field"": ""score"",
  ""expected_state"": ""84"",
  ""forbidden_side_effects"": [""peer_row_34_a"", ""peer_row_34_b""]
}",72eb5c69fa2c,0,,158,1.0,1.0,1.0,1.0,0.0,none,"[""peer_row_34_a"", ""peer_row_34_b""]"
pc_v4_35_p1,pc_v4_35,workflow_micro,Model-B,deepseek-v4-pro,disabled,pronoun_coreference,"Open step35. Change its note so that it reads checked_35, and leave everything else untouched.","{""domain"": ""workflow_micro"", ""expected_state"": ""checked_35"", ""forbidden_side_effects"": [""other_fields_modified"", ""other_objects_modified""], ""target_field"": ""note"", ""target_object"": ""step35""}","{
  ""domain"": ""workflow_micro"",
  ""target_object"": ""step35"",
  ""target_field"": ""note"",
  ""expected_state"": ""checked_35"",
  ""forbidden_side_effects"": [""other_fields_modified"", ""other_objects_modified""]
}",15422c1310d1,0,,163,1.0,1.0,1.0,1.0,0.0,none,"[""unrelated objects"", ""unrelated fields""]"
pc_v4_35_p2,pc_v4_35,workflow_micro,Model-B,deepseek-v4-pro,disabled,conditional_negative_constraint,"If step35 is present, set note to checked_35. Do not alter any other object or field.","{""domain"": ""workflow_micro"", ""expected_state"": ""checked_35"", ""forbidden_side_effects"": [""any other object or field""], ""target_field"": ""note"", ""target_object"": ""step35""}","{
  ""domain"": ""workflow_micro"",
  ""target_object"": ""step35"",
  ""target_field"": ""note"",
  ""expected_state"": ""checked_35"",
  ""forbidden_side_effects"": [""any other object or field""]
}",26ebd44482c0,0,,158,1.0,1.0,1.0,1.0,0.0,none,"[""unrelated objects"", ""unrelated fields""]"
pc_v4_35_p3,pc_v4_35,workflow_micro,Model-B,deepseek-v4-pro,disabled,ellipsis_multi_object_preservation,"For step35: note -> checked_35; peer_step_35_a and peer_step_35_b, unchanged.","{""domain"": ""workflow_micro"", ""expected_state"": ""true"", ""forbidden_side_effects"": [""peer_step_35_a"", ""peer_step_35_b""], ""target_field"": ""checked_35"", ""target_object"": ""note""}","{
  ""domain"": ""workflow_micro"",
  ""target_object"": ""note"",
  ""target_field"": ""checked_35"",
  ""expected_state"": ""true"",
  ""forbidden_side_effects"": [""peer_step_35_a"", ""peer_step_35_b""]
}",b6fcad29ebb4,0,,166,0.0,0.0,0.0,1.0,0.0,wrong_object;wrong_field;wrong_constraint,"[""peer_step_35_a"", ""peer_step_35_b""]"
pc_v4_36_p1,pc_v4_36,file,Model-B,deepseek-v4-pro,disabled,pronoun_coreference,"Open reports/draft_36.txt. Change its content so that it reads approved_36, and leave everything else untouched.","{""domain"": ""file"", ""expected_state"": ""approved_36"", ""forbidden_side_effects"": [""modification of any other file"", ""modification of file metadata (e.g., permissions, timestamps) except as necessary to write content"", ""creation or deletion of files"", ""modification of directory structure""], ""target_field"": ""content"", ""target_object"": ""reports/draft_36.txt""}","{
  ""domain"": ""file"",
  ""target_object"": ""reports/draft_36.txt"",
  ""target_field"": ""content"",
  ""expected_state"": ""approved_36"",
  ""forbidden_side_effects"": [
    ""modification of any other file"",
    ""modification of file metadata (e.g., permissions, timestamps) except as necessary to write content"",
    ""creation or deletion of files"",
    ""modification of directory structure""
  ]
}",6c27ce5ed237,0,,204,1.0,1.0,1.0,0.0,0.0,missing_forbidden_effect,"[""unrelated objects"", ""unrelated fields""]"
pc_v4_36_p2,pc_v4_36,file,Model-B,deepseek-v4-pro,disabled,conditional_negative_constraint,"If reports/draft_36.txt is present, set content to approved_36. Do not alter any other object or field.","{""domain"": ""file"", ""expected_state"": ""approved_36"", ""forbidden_side_effects"": [""any other object or field""], ""target_field"": ""content"", ""target_object"": ""reports/draft_36.txt""}","{
  ""domain"": ""file"",
  ""target_object"": ""reports/draft_36.txt"",
  ""target_field"": ""content"",
  ""expected_state"": ""approved_36"",
  ""forbidden_side_effects"": [""any other object or field""]
}",20df581b2269,0,,161,1.0,1.0,1.0,1.0,0.0,none,"[""unrelated objects"", ""unrelated fields""]"
pc_v4_36_p3,pc_v4_36,file,Model-B,deepseek-v4-pro,disabled,ellipsis_multi_object_preservation,"For reports/draft_36.txt: content -> approved_36; reports/reference_36.txt and reports/archive_36.txt, unchanged.","{""domain"": ""file"", ""expected_state"": ""approved_36"", ""forbidden_side_effects"": [{""field"": ""content"", ""object"": ""reports/reference_36.txt"", ""state"": ""changed""}, {""field"": ""content"", ""object"": ""reports/archive_36.txt"", ""state"": ""changed""}], ""target_field"": ""content"", ""target_object"": ""reports/draft_36.txt""}","{
  ""domain"": ""file"",
  ""target_object"": ""reports/draft_36.txt"",
  ""target_field"": ""content"",
  ""expected_state"": ""approved_36"",
  ""forbidden_side_effects"": [
    {
      ""object"": ""reports/reference_36.txt"",
      ""field"": ""content"",
      ""state"": ""changed""
    },
    {
      ""object"": ""reports/archive_36.txt"",
      ""field"": ""content"",
      ""state"": ""changed""
    }
  ]
}",d5d233811417,0,,223,1.0,1.0,1.0,1.0,0.0,none,"[""reports/reference_36.txt"", ""reports/archive_36.txt""]"
pc_v4_37_p1,pc_v4_37,web_form,Model-B,deepseek-v4-pro,disabled,pronoun_coreference,"Open r37. Change its status so that it reads approved, and leave everything else untouched.","{""domain"": ""web_form"", ""expected_state"": ""approved"", ""forbidden_side_effects"": [""any other field of r37"", ""any other object""], ""target_field"": ""status"", ""target_object"": ""r37""}","{
  ""domain"": ""web_form"",
  ""target_object"": ""r37"",
  ""target_field"": ""status"",
  ""expected_state"": ""approved"",
  ""forbidden_side_effects"": [""any other field of r37"", ""any other object""]
}",ed781f7395bd,0,,155,1.0,1.0,1.0,1.0,0.0,none,"[""unrelated objects"", ""unrelated fields""]"
pc_v4_37_p2,pc_v4_37,web_form,Model-B,deepseek-v4-pro,disabled,conditional_negative_constraint,"If r37 is present, set status to approved. Do not alter any other object or field.","{""domain"": ""web_form"", ""expected_state"": ""approved"", ""forbidden_side_effects"": [""alter_any_other_object_or_field""], ""target_field"": ""status"", ""target_object"": ""r37""}","{
  ""domain"": ""web_form"",
  ""target_object"": ""r37"",
  ""target_field"": ""status"",
  ""expected_state"": ""approved"",
  ""forbidden_side_effects"": [""alter_any_other_object_or_field""]
}",d81aa515fafa,0,,153,1.0,1.0,1.0,1.0,0.0,none,"[""unrelated objects"", ""unrelated fields""]"
pc_v4_37_p3,pc_v4_37,web_form,Model-B,deepseek-v4-pro,disabled,ellipsis_multi_object_preservation,"For r37: status -> approved; peer_record_37_a and peer_record_37_b, unchanged.","{""domain"": ""web_form"", ""expected_state"": ""approved"", ""forbidden_side_effects"": [""peer_record_37_a"", ""peer_record_37_b""], ""target_field"": ""status"", ""target_object"": ""r37""}","{""domain"": ""web_form"", ""target_object"": ""r37"", ""target_field"": ""status"", ""expected_state"": ""approved"", ""forbidden_side_effects"": [""peer_record_37_a"", ""peer_record_37_b""]}",1f74fd9e7a3d,0,,153,1.0,1.0,1.0,1.0,0.0,none,"[""peer_record_37_a"", ""peer_record_37_b""]"
pc_v4_38_p1,pc_v4_38,table,Model-B,deepseek-v4-pro,disabled,pronoun_coreference,"Open row38. Change its score so that it reads 88, and leave everything else untouched.","{""domain"": ""table"", ""expected_state"": ""88"", ""forbidden_side_effects"": [""modify_other_fields"", ""modify_other_rows""], ""target_field"": ""score"", ""target_object"": ""row38""}","{
  ""domain"": ""table"",
  ""target_object"": ""row38"",
  ""target_field"": ""score"",
  ""expected_state"": ""88"",
  ""forbidden_side_effects"": [""modify_other_fields"", ""modify_other_rows""]
}",e5b3cb57f2e2,0,,155,1.0,1.0,1.0,0.5,0.0,missing_forbidden_effect,"[""unrelated objects"", ""unrelated fields""]"
pc_v4_38_p2,pc_v4_38,table,Model-B,deepseek-v4-pro,disabled,conditional_negative_constraint,"If row38 is present, set score to 88. Do not alter any other object or field.","{""domain"": ""table"", ""expected_state"": ""88"", ""forbidden_side_effects"": [""any other object or field""], ""target_field"": ""score"", ""target_object"": ""row38""}","{
  ""domain"": ""table"",
  ""target_object"": ""row38"",
  ""target_field"": ""score"",
  ""expected_state"": ""88"",
  ""forbidden_side_effects"": [""any other object or field""]
}",8a6caf92ee3b,0,,149,1.0,1.0,1.0,1.0,0.0,none,"[""unrelated objects"", ""unrelated fields""]"
pc_v4_38_p3,pc_v4_38,table,Model-B,deepseek-v4-pro,disabled,ellipsis_multi_object_preservation,"For row38: score -> 88; peer_row_38_a and peer_row_38_b, unchanged.","{""domain"": ""table"", ""expected_state"": ""88"", ""forbidden_side_effects"": [""peer_row_38_a"", ""peer_row_38_b""], ""target_field"": ""score"", ""target_object"": ""row38""}","{
  ""domain"": ""table"",
  ""target_object"": ""row38"",
  ""target_field"": ""score"",
  ""expected_state"": ""88"",
  ""forbidden_side_effects"": [""peer_row_38_a"", ""peer_row_38_b""]
}",97b430af073a,0,,158,1.0,1.0,1.0,1.0,0.0,none,"[""peer_row_38_a"", ""peer_row_38_b""]"
pc_v4_39_p1,pc_v4_39,workflow_micro,Model-B,deepseek-v4-pro,disabled,pronoun_coreference,"Open step39. Change its note so that it reads checked_39, and leave everything else untouched.","{""domain"": ""workflow_micro"", ""expected_state"": ""checked_39"", ""forbidden_side_effects"": [""any other changes to step39"", ""changes to any other step"", ""changes to workflow structure""], ""target_field"": ""note"", ""target_object"": ""step39""}","{
  ""domain"": ""workflow_micro"",
  ""target_object"": ""step39"",
  ""target_field"": ""note"",
  ""expected_state"": ""checked_39"",
  ""forbidden_side_effects"": [""any other changes to step39"", ""changes to any other step"", ""changes to workflow structure""]
}",c94649e5a48c,0,,171,1.0,1.0,1.0,0.0,0.0,missing_forbidden_effect,"[""unrelated objects"", ""unrelated fields""]"
pc_v4_39_p2,pc_v4_39,workflow_micro,Model-B,deepseek-v4-pro,disabled,conditional_negative_constraint,"If step39 is present, set note to checked_39. Do not alter any other object or field.","{""domain"": ""workflow_micro"", ""expected_state"": ""checked_39"", ""forbidden_side_effects"": ""any other object or field"", ""target_field"": ""value"", ""target_object"": ""note""}","{
  ""domain"": ""workflow_micro"",
  ""target_object"": ""note"",
  ""target_field"": ""value"",
  ""expected_state"": ""checked_39"",
  ""forbidden_side_effects"": ""any other object or field""
}",0829ae6c7ef1,0,,157,0.0,0.0,1.0,1.0,0.0,wrong_object;wrong_field,"[""unrelated objects"", ""unrelated fields""]"
pc_v4_39_p3,pc_v4_39,workflow_micro,Model-B,deepseek-v4-pro,disabled,ellipsis_multi_object_preservation,"For step39: note -> checked_39; peer_step_39_a and peer_step_39_b, unchanged.","{""domain"": ""workflow_micro"", ""expected_state"": ""checked_39"", ""forbidden_side_effects"": [""peer_step_39_a"", ""peer_step_39_b""], ""target_field"": ""checked_39"", ""target_object"": ""note""}","{
  ""domain"": ""workflow_micro"",
  ""target_object"": ""note"",
  ""target_field"": ""checked_39"",
  ""expected_state"": ""checked_39"",
  ""forbidden_side_effects"": [""peer_step_39_a"", ""peer_step_39_b""]
}",88e0a757d5b1,0,,168,0.0,0.0,1.0,1.0,0.0,wrong_object;wrong_field,"[""peer_step_39_a"", ""peer_step_39_b""]"
pc_v4_40_p1,pc_v4_40,file,Model-B,deepseek-v4-pro,disabled,pronoun_coreference,"Open reports/draft_40.txt. Change its content so that it reads approved_40, and leave everything else untouched.","{""domain"": ""file"", ""expected_state"": ""approved_40"", ""forbidden_side_effects"": [""modification of other files"", ""modification of file metadata except content"", ""creation of new files"", ""deletion of files""], ""target_field"": ""content"", ""target_object"": ""reports/draft_40.txt""}","{
  ""domain"": ""file"",
  ""target_object"": ""reports/draft_40.txt"",
  ""target_field"": ""content"",
  ""expected_state"": ""approved_40"",
  ""forbidden_side_effects"": [
    ""modification of other files"",
    ""modification of file metadata except content"",
    ""creation of new files"",
    ""deletion of files""
  ]
}",b98fdb975ebe,0,,188,1.0,1.0,1.0,0.0,0.0,missing_forbidden_effect,"[""unrelated objects"", ""unrelated fields""]"
pc_v4_40_p2,pc_v4_40,file,Model-B,deepseek-v4-pro,disabled,conditional_negative_constraint,"If reports/draft_40.txt is present, set content to approved_40. Do not alter any other object or field.","{""domain"": ""file"", ""expected_state"": ""approved_40"", ""forbidden_side_effects"": [""alter any other object or field""], ""target_field"": ""content"", ""target_object"": ""reports/draft_40.txt""}","{
  ""domain"": ""file"",
  ""target_object"": ""reports/draft_40.txt"",
  ""target_field"": ""content"",
  ""expected_state"": ""approved_40"",
  ""forbidden_side_effects"": [""alter any other object or field""]
}",8fac591c3573,0,,162,1.0,1.0,1.0,1.0,0.0,none,"[""unrelated objects"", ""unrelated fields""]"
pc_v4_40_p3,pc_v4_40,file,Model-B,deepseek-v4-pro,disabled,ellipsis_multi_object_preservation,"For reports/draft_40.txt: content -> approved_40; reports/reference_40.txt and reports/archive_40.txt, unchanged.","{""domain"": ""file"", ""expected_state"": ""approved_40"", ""forbidden_side_effects"": [""reports/reference_40.txt"", ""reports/archive_40.txt""], ""target_field"": ""content"", ""target_object"": ""reports/draft_40.txt""}","{
  ""domain"": ""file"",
  ""target_object"": ""reports/draft_40.txt"",
  ""target_field"": ""content"",
  ""expected_state"": ""approved_40"",
  ""forbidden_side_effects"": [
    ""reports/reference_40.txt"",
    ""reports/archive_40.txt""
  ]
}",9ea75261a310,0,,181,1.0,1.0,1.0,1.0,0.0,none,"[""reports/reference_40.txt"", ""reports/archive_40.txt""]"
pc_v4_41_p1,pc_v4_41,web_form,Model-B,deepseek-v4-pro,disabled,pronoun_coreference,"Open r41. Change its status so that it reads approved, and leave everything else untouched.","{""domain"": ""web_form"", ""expected_state"": ""approved"", ""forbidden_side_effects"": [""modify_other_fields"", ""modify_other_objects""], ""target_field"": ""status"", ""target_object"": ""r41""}","{
  ""domain"": ""web_form"",
  ""target_object"": ""r41"",
  ""target_field"": ""status"",
  ""expected_state"": ""approved"",
  ""forbidden_side_effects"": [""modify_other_fields"", ""modify_other_objects""]
}",9409fc9a5f0c,0,,157,1.0,1.0,1.0,1.0,0.0,none,"[""unrelated objects"", ""unrelated fields""]"
pc_v4_41_p2,pc_v4_41,web_form,Model-B,deepseek-v4-pro,disabled,conditional_negative_constraint,"If r41 is present, set status to approved. Do not alter any other object or field.","{""domain"": ""web_form"", ""expected_state"": ""approved"", ""forbidden_side_effects"": [""alter_any_other_object_or_field""], ""target_field"": ""status"", ""target_object"": ""r41""}","{
  ""domain"": ""web_form"",
  ""target_object"": ""r41"",
  ""target_field"": ""status"",
  ""expected_state"": ""approved"",
  ""forbidden_side_effects"": [""alter_any_other_object_or_field""]
}",41b5e846f33b,0,,153,1.0,1.0,1.0,1.0,0.0,none,"[""unrelated objects"", ""unrelated fields""]"
pc_v4_41_p3,pc_v4_41,web_form,Model-B,deepseek-v4-pro,disabled,ellipsis_multi_object_preservation,"For r41: status -> approved; peer_record_41_a and peer_record_41_b, unchanged.","{""domain"": ""web_form"", ""expected_state"": ""approved"", ""forbidden_side_effects"": [""peer_record_41_a"", ""peer_record_41_b""], ""target_field"": ""status"", ""target_object"": ""r41""}","{
  ""domain"": ""web_form"",
  ""target_object"": ""r41"",
  ""target_field"": ""status"",
  ""expected_state"": ""approved"",
  ""forbidden_side_effects"": [
    ""peer_record_41_a"",
    ""peer_record_41_b""
  ]
}",be67069aa2cf,0,,164,1.0,1.0,1.0,1.0,0.0,none,"[""peer_record_41_a"", ""peer_record_41_b""]"
pc_v4_42_p1,pc_v4_42,table,Model-B,deepseek-v4-pro,disabled,pronoun_coreference,"Open row42. Change its score so that it reads 82, and leave everything else untouched.","{""domain"": ""table"", ""expected_state"": ""82"", ""forbidden_side_effects"": [], ""target_field"": ""score"", ""target_object"": ""row42""}","{
  ""domain"": ""table"",
  ""target_object"": ""row42"",
  ""target_field"": ""score"",
  ""expected_state"": ""82"",
  ""forbidden_side_effects"": []
}",d29cf6ec3b64,0,,142,1.0,1.0,1.0,0.0,0.0,missing_forbidden_effect,"[""unrelated objects"", ""unrelated fields""]"
pc_v4_42_p2,pc_v4_42,table,Model-B,deepseek-v4-pro,disabled,conditional_negative_constraint,"If row42 is present, set score to 82. Do not alter any other object or field.","{""domain"": ""table"", ""expected_state"": ""82"", ""forbidden_side_effects"": [""any other object or field""], ""target_field"": ""score"", ""target_object"": ""row42""}","{
  ""domain"": ""table"",
  ""target_object"": ""row42"",
  ""target_field"": ""score"",
  ""expected_state"": ""82"",
  ""forbidden_side_effects"": [""any other object or field""]
}",6bcc93bba307,0,,149,1.0,1.0,1.0,1.0,0.0,none,"[""unrelated objects"", ""unrelated fields""]"
pc_v4_42_p3,pc_v4_42,table,Model-B,deepseek-v4-pro,disabled,ellipsis_multi_object_preservation,"For row42: score -> 82; peer_row_42_a and peer_row_42_b, unchanged.","{""domain"": ""table"", ""expected_state"": ""82"", ""forbidden_side_effects"": [""peer_row_42_a"", ""peer_row_42_b""], ""target_field"": ""score"", ""target_object"": ""row42""}","{
  ""domain"": ""table"",
  ""target_object"": ""row42"",
  ""target_field"": ""score"",
  ""expected_state"": ""82"",
  ""forbidden_side_effects"": [""peer_row_42_a"", ""peer_row_42_b""]
}",d0dae47cdd5d,0,,158,1.0,1.0,1.0,1.0,0.0,none,"[""peer_row_42_a"", ""peer_row_42_b""]"
pc_v4_43_p1,pc_v4_43,workflow_micro,Model-B,deepseek-v4-pro,disabled,pronoun_coreference,"Open step43. Change its note so that it reads checked_43, and leave everything else untouched.","{""domain"": ""workflow_micro"", ""expected_state"": ""checked_43"", ""forbidden_side_effects"": [""any other changes to step43"", ""changes to any other object""], ""target_field"": ""note"", ""target_object"": ""step43""}","{
  ""domain"": ""workflow_micro"",
  ""target_object"": ""step43"",
  ""target_field"": ""note"",
  ""expected_state"": ""checked_43"",
  ""forbidden_side_effects"": [""any other changes to step43"", ""changes to any other object""]
}",63d9b9f93b19,0,,165,1.0,1.0,1.0,0.5,0.0,missing_forbidden_effect,"[""unrelated objects"", ""unrelated fields""]"
pc_v4_43_p2,pc_v4_43,workflow_micro,Model-B,deepseek-v4-pro,disabled,conditional_negative_constraint,"If step43 is present, set note to checked_43. Do not alter any other object or field.","{""domain"": ""workflow_micro"", ""expected_state"": ""checked_43"", ""forbidden_side_effects"": [""alter any other object or field""], ""target_field"": ""note"", ""target_object"": ""step43""}","{
  ""domain"": ""workflow_micro"",
  ""target_object"": ""step43"",
  ""target_field"": ""note"",
  ""expected_state"": ""checked_43"",
  ""forbidden_side_effects"": [""alter any other object or field""]
}",2da586bf5efb,0,,159,1.0,1.0,1.0,1.0,0.0,none,"[""unrelated objects"", ""unrelated fields""]"
pc_v4_43_p3,pc_v4_43,workflow_micro,Model-B,deepseek-v4-pro,disabled,ellipsis_multi_object_preservation,"For step43: note -> checked_43; peer_step_43_a and peer_step_43_b, unchanged.","{""domain"": ""workflow_micro"", ""expected_state"": ""checked_43"", ""forbidden_side_effects"": [""peer_step_43_a"", ""peer_step_43_b""], ""target_field"": ""note"", ""target_object"": ""step43""}","{
  ""domain"": ""workflow_micro"",
  ""target_object"": ""step43"",
  ""target_field"": ""note"",
  ""expected_state"": ""checked_43"",
  ""forbidden_side_effects"": [""peer_step_43_a"", ""peer_step_43_b""]
}",d38caebcf2c3,0,,167,1.0,1.0,1.0,1.0,0.0,none,"[""peer_step_43_a"", ""peer_step_43_b""]"
pc_v4_44_p1,pc_v4_44,file,Model-B,deepseek-v4-pro,disabled,pronoun_coreference,"Open reports/draft_44.txt. Change its content so that it reads approved_44, and leave everything else untouched.","{""domain"": ""file"", ""expected_state"": ""approved_44"", ""forbidden_side_effects"": [""modification of other files"", ""modification of file metadata"", ""modification of file permissions"", ""modification of file path"", ""creation of new files"", ""deletion of files""], ""target_field"": ""content"", ""target_object"": ""reports/draft_44.txt""}","{
  ""domain"": ""file"",
  ""target_object"": ""reports/draft_44.txt"",
  ""target_field"": ""content"",
  ""expected_state"": ""approved_44"",
  ""forbidden_side_effects"": [
    ""modification of other files"",
    ""modification of file metadata"",
    ""modification of file permissions"",
    ""modification of file path"",
    ""creation of new files"",
    ""deletion of files""
  ]
}",8da762d601e1,0,,202,1.0,1.0,1.0,0.0,0.0,missing_forbidden_effect,"[""unrelated objects"", ""unrelated fields""]"
pc_v4_44_p2,pc_v4_44,file,Model-B,deepseek-v4-pro,disabled,conditional_negative_constraint,"If reports/draft_44.txt is present, set content to approved_44. Do not alter any other object or field.","{""domain"": ""file"", ""expected_state"": ""approved_44"", ""forbidden_side_effects"": [""alter any other object or field""], ""target_field"": ""content"", ""target_object"": ""reports/draft_44.txt""}","{
  ""domain"": ""file"",
  ""target_object"": ""reports/draft_44.txt"",
  ""target_field"": ""content"",
  ""expected_state"": ""approved_44"",
  ""forbidden_side_effects"": [""alter any other object or field""]
}",f8bdf55929ab,0,,162,1.0,1.0,1.0,1.0,0.0,none,"[""unrelated objects"", ""unrelated fields""]"
pc_v4_44_p3,pc_v4_44,file,Model-B,deepseek-v4-pro,disabled,ellipsis_multi_object_preservation,"For reports/draft_44.txt: content -> approved_44; reports/reference_44.txt and reports/archive_44.txt, unchanged.","{""domain"": ""file"", ""expected_state"": ""approved_44"", ""forbidden_side_effects"": [""reports/reference_44.txt"", ""reports/archive_44.txt""], ""target_field"": ""content"", ""target_object"": ""reports/draft_44.txt""}","{
  ""domain"": ""file"",
  ""target_object"": ""reports/draft_44.txt"",
  ""target_field"": ""content"",
  ""expected_state"": ""approved_44"",
  ""forbidden_side_effects"": [
    ""reports/reference_44.txt"",
    ""reports/archive_44.txt""
  ]
}",64d54ce69f3e,0,,181,1.0,1.0,1.0,1.0,0.0,none,"[""reports/reference_44.txt"", ""reports/archive_44.txt""]"
pc_v4_45_p1,pc_v4_45,web_form,Model-B,deepseek-v4-pro,disabled,pronoun_coreference,"Open r45. Change its name so that it reads Alice_45, and leave everything else untouched.","{""domain"": ""web_form"", ""expected_state"": ""Alice_45"", ""forbidden_side_effects"": [""modify_other_fields"", ""modify_other_objects""], ""target_field"": ""name"", ""target_object"": ""r45""}","{
  ""domain"": ""web_form"",
  ""target_object"": ""r45"",
  ""target_field"": ""name"",
  ""expected_state"": ""Alice_45"",
  ""forbidden_side_effects"": [""modify_other_fields"", ""modify_other_objects""]
}",1f98bb423396,0,,161,1.0,1.0,1.0,1.0,0.0,none,"[""unrelated objects"", ""unrelated fields""]"
pc_v4_45_p2,pc_v4_45,web_form,Model-B,deepseek-v4-pro,disabled,conditional_negative_constraint,"If r45 is present, set name to Alice_45. Do not alter any other object or field.","{""domain"": ""web_form"", ""expected_state"": ""Alice_45"", ""forbidden_side_effects"": [""alter_other_objects"", ""alter_other_fields""], ""target_field"": ""name"", ""target_object"": ""r45""}","{
  ""domain"": ""web_form"",
  ""target_object"": ""r45"",
  ""target_field"": ""name"",
  ""expected_state"": ""Alice_45"",
  ""forbidden_side_effects"": [""alter_other_objects"", ""alter_other_fields""]
}",f6917d18d902,0,,160,1.0,1.0,1.0,1.0,0.0,none,"[""unrelated objects"", ""unrelated fields""]"
pc_v4_45_p3,pc_v4_45,web_form,Model-B,deepseek-v4-pro,disabled,ellipsis_multi_object_preservation,"For r45: name -> Alice_45; peer_record_45_a and peer_record_45_b, unchanged.","{""domain"": ""web_form"", ""expected_state"": ""Alice_45"", ""forbidden_side_effects"": [""peer_record_45_a"", ""peer_record_45_b""], ""target_field"": ""name"", ""target_object"": ""r45""}","{
  ""domain"": ""web_form"",
  ""target_object"": ""r45"",
  ""target_field"": ""name"",
  ""expected_state"": ""Alice_45"",
  ""forbidden_side_effects"": [
    ""peer_record_45_a"",
    ""peer_record_45_b""
  ]
}",d48de53772c1,0,,168,1.0,1.0,1.0,1.0,0.0,none,"[""peer_record_45_a"", ""peer_record_45_b""]"
pc_v4_46_p1,pc_v4_46,table,Model-B,deepseek-v4-pro,disabled,pronoun_coreference,"Open row46. Change its score so that it reads 86, and leave everything else untouched.","{""domain"": ""table"", ""expected_state"": ""86"", ""forbidden_side_effects"": [""any other changes to row46"", ""any changes to other rows""], ""target_field"": ""score"", ""target_object"": ""row46""}","{
  ""domain"": ""table"",
  ""target_object"": ""row46"",
  ""target_field"": ""score"",
  ""expected_state"": ""86"",
  ""forbidden_side_effects"": [""any other changes to row46"", ""any changes to other rows""]
}",b2a4c69bc457,0,,156,1.0,1.0,1.0,1.0,0.0,none,"[""unrelated objects"", ""unrelated fields""]"
pc_v4_46_p2,pc_v4_46,table,Model-B,deepseek-v4-pro,disabled,conditional_negative_constraint,"If row46 is present, set score to 86. Do not alter any other object or field.","{""domain"": ""table"", ""expected_state"": 86, ""forbidden_side_effects"": [""any_other_object"", ""any_other_field""], ""target_field"": ""score"", ""target_object"": ""row46""}","{
  ""domain"": ""table"",
  ""target_object"": ""row46"",
  ""target_field"": ""score"",
  ""expected_state"": 86,
  ""forbidden_side_effects"": [""any_other_object"", ""any_other_field""]
}",48fcd78a019b,0,,154,1.0,1.0,1.0,1.0,0.0,none,"[""unrelated objects"", ""unrelated fields""]"
pc_v4_46_p3,pc_v4_46,table,Model-B,deepseek-v4-pro,disabled,ellipsis_multi_object_preservation,"For row46: score -> 86; peer_row_46_a and peer_row_46_b, unchanged.","{""domain"": ""table"", ""expected_state"": ""86"", ""forbidden_side_effects"": [""peer_row_46_a"", ""peer_row_46_b""], ""target_field"": ""score"", ""target_object"": ""row46""}","{
  ""domain"": ""table"",
  ""target_object"": ""row46"",
  ""target_field"": ""score"",
  ""expected_state"": ""86"",
  ""forbidden_side_effects"": [""peer_row_46_a"", ""peer_row_46_b""]
}",5183bb2c963c,0,,158,1.0,1.0,1.0,1.0,0.0,none,"[""peer_row_46_a"", ""peer_row_46_b""]"
pc_v4_47_p1,pc_v4_47,workflow_micro,Model-B,deepseek-v4-pro,disabled,pronoun_coreference,"Open step47. Change its note so that it reads checked_47, and leave everything else untouched.","{""domain"": ""workflow_micro"", ""expected_state"": ""checked_47"", ""forbidden_side_effects"": [""modify_other_fields"", ""modify_other_objects""], ""target_field"": ""note"", ""target_object"": ""step47""}","{
  ""domain"": ""workflow_micro"",
  ""target_object"": ""step47"",
  ""target_field"": ""note"",
  ""expected_state"": ""checked_47"",
  ""forbidden_side_effects"": [""modify_other_fields"", ""modify_other_objects""]
}",fd4cdc850a5f,0,,165,1.0,1.0,1.0,1.0,0.0,none,"[""unrelated objects"", ""unrelated fields""]"
pc_v4_47_p2,pc_v4_47,workflow_micro,Model-B,deepseek-v4-pro,disabled,conditional_negative_constraint,"If step47 is present, set note to checked_47. Do not alter any other object or field.","{""domain"": ""workflow_micro"", ""expected_state"": ""checked_47"", ""forbidden_side_effects"": [""any other object modified"", ""any other field of step47 modified""], ""target_field"": ""note"", ""target_object"": ""step47""}","{
  ""domain"": ""workflow_micro"",
  ""target_object"": ""step47"",
  ""target_field"": ""note"",
  ""expected_state"": ""checked_47"",
  ""forbidden_side_effects"": [
    ""any other object modified"",
    ""any other field of step47 modified""
  ]
}",d8bb59172655,0,,171,1.0,1.0,1.0,1.0,0.0,none,"[""unrelated objects"", ""unrelated fields""]"
pc_v4_47_p3,pc_v4_47,workflow_micro,Model-B,deepseek-v4-pro,disabled,ellipsis_multi_object_preservation,"For step47: note -> checked_47; peer_step_47_a and peer_step_47_b, unchanged.","{""domain"": ""workflow_micro"", ""expected_state"": ""checked"", ""forbidden_side_effects"": [""peer_step_47_a"", ""peer_step_47_b""], ""target_field"": ""checked_47"", ""target_object"": ""note""}","{
  ""domain"": ""workflow_micro"",
  ""target_object"": ""note"",
  ""target_field"": ""checked_47"",
  ""expected_state"": ""checked"",
  ""forbidden_side_effects"": [""peer_step_47_a"", ""peer_step_47_b""]
}",a9fd0f95aa61,0,,166,0.0,0.0,0.0,1.0,0.0,wrong_object;wrong_field;wrong_constraint,"[""peer_step_47_a"", ""peer_step_47_b""]"
pc_v4_48_p1,pc_v4_48,file,Model-B,deepseek-v4-pro,disabled,pronoun_coreference,"Open reports/draft_48.txt. Change its content so that it reads approved_48, and leave everything else untouched.","{""domain"": ""file"", ""expected_state"": ""approved_48"", ""forbidden_side_effects"": [""modification of any other file"", ""modification of file metadata (e.g., permissions, timestamps) except as necessary to update content""], ""target_field"": ""content"", ""target_object"": ""reports/draft_48.txt""}","{
  ""domain"": ""file"",
  ""target_object"": ""reports/draft_48.txt"",
  ""target_field"": ""content"",
  ""expected_state"": ""approved_48"",
  ""forbidden_side_effects"": [
    ""modification of any other file"",
    ""modification of file metadata (e.g., permissions, timestamps) except as necessary to update content""
  ]
}",d2f408f889d1,0,,188,1.0,1.0,1.0,0.0,0.0,missing_forbidden_effect,"[""unrelated objects"", ""unrelated fields""]"
pc_v4_48_p2,pc_v4_48,file,Model-B,deepseek-v4-pro,disabled,conditional_negative_constraint,"If reports/draft_48.txt is present, set content to approved_48. Do not alter any other object or field.","{""domain"": ""file"", ""expected_state"": ""approved_48"", ""forbidden_side_effects"": [""alter any other object or field""], ""target_field"": ""content"", ""target_object"": ""reports/draft_48.txt""}","{
  ""domain"": ""file"",
  ""target_object"": ""reports/draft_48.txt"",
  ""target_field"": ""content"",
  ""expected_state"": ""approved_48"",
  ""forbidden_side_effects"": [""alter any other object or field""]
}",38151c5d14a5,0,,162,1.0,1.0,1.0,1.0,0.0,none,"[""unrelated objects"", ""unrelated fields""]"
pc_v4_48_p3,pc_v4_48,file,Model-B,deepseek-v4-pro,disabled,ellipsis_multi_object_preservation,"For reports/draft_48.txt: content -> approved_48; reports/reference_48.txt and reports/archive_48.txt, unchanged.","{""domain"": ""file"", ""expected_state"": ""approved_48"", ""forbidden_side_effects"": [""reports/reference_48.txt"", ""reports/archive_48.txt""], ""target_field"": ""content"", ""target_object"": ""reports/draft_48.txt""}","{
  ""domain"": ""file"",
  ""target_object"": ""reports/draft_48.txt"",
  ""target_field"": ""content"",
  ""expected_state"": ""approved_48"",
  ""forbidden_side_effects"": [
    ""reports/reference_48.txt"",
    ""reports/archive_48.txt""
  ]
}",efe11093416e,0,,181,1.0,1.0,1.0,1.0,0.0,none,"[""reports/reference_48.txt"", ""reports/archive_48.txt""]"
pc_v4_49_p1,pc_v4_49,web_form,Model-B,deepseek-v4-pro,disabled,pronoun_coreference,"Open r49. Change its status so that it reads approved, and leave everything else untouched.","{""domain"": ""web_form"", ""expected_state"": ""approved"", ""forbidden_side_effects"": [""any other field change""], ""target_field"": ""status"", ""target_object"": ""r49""}","{
  ""domain"": ""web_form"",
  ""target_object"": ""r49"",
  ""target_field"": ""status"",
  ""expected_state"": ""approved"",
  ""forbidden_side_effects"": [""any other field change""]
}",b0ddfdad7f32,0,,148,1.0,1.0,1.0,0.5,0.0,missing_forbidden_effect,"[""unrelated objects"", ""unrelated fields""]"
pc_v4_49_p2,pc_v4_49,web_form,Model-B,deepseek-v4-pro,disabled,conditional_negative_constraint,"If r49 is present, set status to approved. Do not alter any other object or field.","{""domain"": ""web_form"", ""expected_state"": ""approved"", ""forbidden_side_effects"": [""any_other_object_or_field""], ""target_field"": ""status"", ""target_object"": ""r49""}","{
  ""domain"": ""web_form"",
  ""target_object"": ""r49"",
  ""target_field"": ""status"",
  ""expected_state"": ""approved"",
  ""forbidden_side_effects"": [""any_other_object_or_field""]
}",be3840d5944c,0,,151,1.0,1.0,1.0,1.0,0.0,none,"[""unrelated objects"", ""unrelated fields""]"
pc_v4_49_p3,pc_v4_49,web_form,Model-B,deepseek-v4-pro,disabled,ellipsis_multi_object_preservation,"For r49: status -> approved; peer_record_49_a and peer_record_49_b, unchanged.","{""domain"": ""web_form"", ""expected_state"": ""approved"", ""forbidden_side_effects"": [""peer_record_49_a"", ""peer_record_49_b""], ""target_field"": ""status"", ""target_object"": ""r49""}","{
  ""domain"": ""web_form"",
  ""target_object"": ""r49"",
  ""target_field"": ""status"",
  ""expected_state"": ""approved"",
  ""forbidden_side_effects"": [
    ""peer_record_49_a"",
    ""peer_record_49_b""
  ]
}",99cba160326f,0,,164,1.0,1.0,1.0,1.0,0.0,none,"[""peer_record_49_a"", ""peer_record_49_b""]"
pc_v4_50_p1,pc_v4_50,table,Model-B,deepseek-v4-pro,disabled,pronoun_coreference,"Open row50. Change its score so that it reads 80, and leave everything else untouched.","{""domain"": ""table"", ""expected_state"": ""80"", ""forbidden_side_effects"": [""modify_other_rows"", ""modify_other_fields""], ""target_field"": ""score"", ""target_object"": ""row50""}","{
  ""domain"": ""table"",
  ""target_object"": ""row50"",
  ""target_field"": ""score"",
  ""expected_state"": ""80"",
  ""forbidden_side_effects"": [""modify_other_rows"", ""modify_other_fields""]
}",7abe3e4deee2,0,,155,1.0,1.0,1.0,0.5,0.0,missing_forbidden_effect,"[""unrelated objects"", ""unrelated fields""]"
pc_v4_50_p2,pc_v4_50,table,Model-B,deepseek-v4-pro,disabled,conditional_negative_constraint,"If row50 is present, set score to 80. Do not alter any other object or field.","{""domain"": ""table"", ""expected_state"": ""if row50 exists, score == 80"", ""forbidden_side_effects"": ""no other objects or fields altered"", ""target_field"": ""score"", ""target_object"": ""row50""}","{
  ""domain"": ""table"",
  ""target_object"": ""row50"",
  ""target_field"": ""score"",
  ""expected_state"": ""if row50 exists, score == 80"",
  ""forbidden_side_effects"": ""no other objects or fields altered""
}",4756d037b561,0,,158,1.0,1.0,1.0,0.5,0.0,missing_forbidden_effect,"[""unrelated objects"", ""unrelated fields""]"
pc_v4_50_p3,pc_v4_50,table,Model-B,deepseek-v4-pro,disabled,ellipsis_multi_object_preservation,"For row50: score -> 80; peer_row_50_a and peer_row_50_b, unchanged.","{""domain"": ""table"", ""expected_state"": ""80"", ""forbidden_side_effects"": [""peer_row_50_a"", ""peer_row_50_b""], ""target_field"": ""score"", ""target_object"": ""row50""}","{
  ""domain"": ""table"",
  ""target_object"": ""row50"",
  ""target_field"": ""score"",
  ""expected_state"": ""80"",
  ""forbidden_side_effects"": [""peer_row_50_a"", ""peer_row_50_b""]
}",29c80a37cbff,0,,158,1.0,1.0,1.0,1.0,0.0,none,"[""peer_row_50_a"", ""peer_row_50_b""]"
pc_v4_51_p1,pc_v4_51,workflow_micro,Model-B,deepseek-v4-pro,disabled,pronoun_coreference,"Open step51. Change its note so that it reads checked_51, and leave everything else untouched.","{""domain"": ""workflow_micro"", ""expected_state"": ""checked_51"", ""forbidden_side_effects"": [""any other changes to step51"", ""changes to any other objects""], ""target_field"": ""note"", ""target_object"": ""step51""}","{
  ""domain"": ""workflow_micro"",
  ""target_object"": ""step51"",
  ""target_field"": ""note"",
  ""expected_state"": ""checked_51"",
  ""forbidden_side_effects"": [""any other changes to step51"", ""changes to any other objects""]
}",01dcab5443fc,0,,165,1.0,1.0,1.0,0.5,0.0,missing_forbidden_effect,"[""unrelated objects"", ""unrelated fields""]"
pc_v4_51_p2,pc_v4_51,workflow_micro,Model-B,deepseek-v4-pro,disabled,conditional_negative_constraint,"If step51 is present, set note to checked_51. Do not alter any other object or field.","{""domain"": ""workflow_micro"", ""expected_state"": ""checked_51"", ""forbidden_side_effects"": [""any other object or field""], ""target_field"": ""note"", ""target_object"": ""step51""}","{
  ""domain"": ""workflow_micro"",
  ""target_object"": ""step51"",
  ""target_field"": ""note"",
  ""expected_state"": ""checked_51"",
  ""forbidden_side_effects"": [""any other object or field""]
}",fcfaea1877d7,0,,158,1.0,1.0,1.0,1.0,0.0,none,"[""unrelated objects"", ""unrelated fields""]"
pc_v4_51_p3,pc_v4_51,workflow_micro,Model-B,deepseek-v4-pro,disabled,ellipsis_multi_object_preservation,"For step51: note -> checked_51; peer_step_51_a and peer_step_51_b, unchanged.","{""domain"": ""workflow_micro"", ""expected_state"": ""true"", ""forbidden_side_effects"": [""peer_step_51_a"", ""peer_step_51_b""], ""target_field"": ""checked_51"", ""target_object"": ""note""}","{
  ""domain"": ""workflow_micro"",
  ""target_object"": ""note"",
  ""target_field"": ""checked_51"",
  ""expected_state"": ""true"",
  ""forbidden_side_effects"": [""peer_step_51_a"", ""peer_step_51_b""]
}",e3e7dc70566b,0,,166,0.0,0.0,0.0,1.0,0.0,wrong_object;wrong_field;wrong_constraint,"[""peer_step_51_a"", ""peer_step_51_b""]"
pc_v4_52_p1,pc_v4_52,file,Model-B,deepseek-v4-pro,disabled,pronoun_coreference,"Open reports/draft_52.txt. Change its content so that it reads approved_52, and leave everything else untouched.","{""domain"": ""file"", ""expected_state"": ""approved_52"", ""forbidden_side_effects"": [], ""target_field"": ""content"", ""target_object"": ""reports/draft_52.txt""}","{
  ""domain"": ""file"",
  ""target_object"": ""reports/draft_52.txt"",
  ""target_field"": ""content"",
  ""expected_state"": ""approved_52"",
  ""forbidden_side_effects"": []
}",d7f8ddbe5f21,0,,154,1.0,1.0,1.0,0.0,0.0,missing_forbidden_effect,"[""unrelated objects"", ""unrelated fields""]"
pc_v4_52_p2,pc_v4_52,file,Model-B,deepseek-v4-pro,disabled,conditional_negative_constraint,"If reports/draft_52.txt is present, set content to approved_52. Do not alter any other object or field.","{""domain"": ""file"", ""expected_state"": ""approved_52"", ""forbidden_side_effects"": [""alter any other object or field""], ""target_field"": ""content"", ""target_object"": ""reports/draft_52.txt""}","{
  ""domain"": ""file"",
  ""target_object"": ""reports/draft_52.txt"",
  ""target_field"": ""content"",
  ""expected_state"": ""approved_52"",
  ""forbidden_side_effects"": [""alter any other object or field""]
}",5026826c8b73,0,,162,1.0,1.0,1.0,1.0,0.0,none,"[""unrelated objects"", ""unrelated fields""]"
pc_v4_52_p3,pc_v4_52,file,Model-B,deepseek-v4-pro,disabled,ellipsis_multi_object_preservation,"For reports/draft_52.txt: content -> approved_52; reports/reference_52.txt and reports/archive_52.txt, unchanged.","{""domain"": ""file"", ""expected_state"": ""approved_52"", ""forbidden_side_effects"": [""reports/reference_52.txt"", ""reports/archive_52.txt""], ""target_field"": ""content"", ""target_object"": ""reports/draft_52.txt""}","{
  ""domain"": ""file"",
  ""target_object"": ""reports/draft_52.txt"",
  ""target_field"": ""content"",
  ""expected_state"": ""approved_52"",
  ""forbidden_side_effects"": [
    ""reports/reference_52.txt"",
    ""reports/archive_52.txt""
  ]
}",1b5ece071771,0,,181,1.0,1.0,1.0,1.0,0.0,none,"[""reports/reference_52.txt"", ""reports/archive_52.txt""]"
pc_v4_53_p1,pc_v4_53,web_form,Model-B,deepseek-v4-pro,disabled,pronoun_coreference,"Open r53. Change its status so that it reads approved, and leave everything else untouched.","{""domain"": ""web_form"", ""expected_state"": ""approved"", ""forbidden_side_effects"": [""any other field changed""], ""target_field"": ""status"", ""target_object"": ""r53""}","{
  ""domain"": ""web_form"",
  ""target_object"": ""r53"",
  ""target_field"": ""status"",
  ""expected_state"": ""approved"",
  ""forbidden_side_effects"": [""any other field changed""]
}",4a03808ab3ba,0,,148,1.0,1.0,1.0,0.5,0.0,missing_forbidden_effect,"[""unrelated objects"", ""unrelated fields""]"
pc_v4_53_p2,pc_v4_53,web_form,Model-B,deepseek-v4-pro,disabled,conditional_negative_constraint,"If r53 is present, set status to approved. Do not alter any other object or field.","{""domain"": ""web_form"", ""expected_state"": ""approved"", ""forbidden_side_effects"": [""alter_any_other_object_or_field""], ""target_field"": ""status"", ""target_object"": ""r53""}","{
  ""domain"": ""web_form"",
  ""target_object"": ""r53"",
  ""target_field"": ""status"",
  ""expected_state"": ""approved"",
  ""forbidden_side_effects"": [""alter_any_other_object_or_field""]
}",873d57437740,0,,153,1.0,1.0,1.0,1.0,0.0,none,"[""unrelated objects"", ""unrelated fields""]"
pc_v4_53_p3,pc_v4_53,web_form,Model-B,deepseek-v4-pro,disabled,ellipsis_multi_object_preservation,"For r53: status -> approved; peer_record_53_a and peer_record_53_b, unchanged.","{""domain"": ""web_form"", ""expected_state"": ""approved"", ""forbidden_side_effects"": [""peer_record_53_a"", ""peer_record_53_b""], ""target_field"": ""status"", ""target_object"": ""r53""}","{
  ""domain"": ""web_form"",
  ""target_object"": ""r53"",
  ""target_field"": ""status"",
  ""expected_state"": ""approved"",
  ""forbidden_side_effects"": [
    ""peer_record_53_a"",
    ""peer_record_53_b""
  ]
}",31c3b82200f5,0,,164,1.0,1.0,1.0,1.0,0.0,none,"[""peer_record_53_a"", ""peer_record_53_b""]"
pc_v4_54_p1,pc_v4_54,table,Model-B,deepseek-v4-pro,disabled,pronoun_coreference,"Open row54. Change its score so that it reads 84, and leave everything else untouched.","{""domain"": ""table"", ""expected_state"": ""84"", ""forbidden_side_effects"": [], ""target_field"": ""score"", ""target_object"": ""row54""}","{
  ""domain"": ""table"",
  ""target_object"": ""row54"",
  ""target_field"": ""score"",
  ""expected_state"": ""84"",
  ""forbidden_side_effects"": []
}",292b806b2832,0,,142,1.0,1.0,1.0,0.0,0.0,missing_forbidden_effect,"[""unrelated objects"", ""unrelated fields""]"
pc_v4_54_p2,pc_v4_54,table,Model-B,deepseek-v4-pro,disabled,conditional_negative_constraint,"If row54 is present, set score to 84. Do not alter any other object or field.","{""domain"": ""table"", ""expected_state"": 84, ""forbidden_side_effects"": [""any other object or field""], ""target_field"": ""score"", ""target_object"": ""row54""}","{
  ""domain"": ""table"",
  ""target_object"": ""row54"",
  ""target_field"": ""score"",
  ""expected_state"": 84,
  ""forbidden_side_effects"": [""any other object or field""]
}",0e0c4d494a17,0,,149,1.0,1.0,1.0,1.0,0.0,none,"[""unrelated objects"", ""unrelated fields""]"
pc_v4_54_p3,pc_v4_54,table,Model-B,deepseek-v4-pro,disabled,ellipsis_multi_object_preservation,"For row54: score -> 84; peer_row_54_a and peer_row_54_b, unchanged.","{""domain"": ""table"", ""expected_state"": ""84"", ""forbidden_side_effects"": [""peer_row_54_a"", ""peer_row_54_b""], ""target_field"": ""score"", ""target_object"": ""row54""}","{
  ""domain"": ""table"",
  ""target_object"": ""row54"",
  ""target_field"": ""score"",
  ""expected_state"": ""84"",
  ""forbidden_side_effects"": [""peer_row_54_a"", ""peer_row_54_b""]
}",505ed141eddb,0,,158,1.0,1.0,1.0,1.0,0.0,none,"[""peer_row_54_a"", ""peer_row_54_b""]"
pc_v4_55_p1,pc_v4_55,workflow_micro,Model-B,deepseek-v4-pro,disabled,pronoun_coreference,"Open step55. Change its note so that it reads checked_55, and leave everything else untouched.","{""domain"": ""workflow_micro"", ""expected_state"": ""checked_55"", ""forbidden_side_effects"": [""any other field of step55 changed"", ""any other object changed""], ""target_field"": ""note"", ""target_object"": ""step55""}","{
  ""domain"": ""workflow_micro"",
  ""target_object"": ""step55"",
  ""target_field"": ""note"",
  ""expected_state"": ""checked_55"",
  ""forbidden_side_effects"": [""any other field of step55 changed"", ""any other object changed""]
}",58901cb40cc2,0,,165,1.0,1.0,1.0,1.0,0.0,none,"[""unrelated objects"", ""unrelated fields""]"
pc_v4_55_p2,pc_v4_55,workflow_micro,Model-B,deepseek-v4-pro,disabled,conditional_negative_constraint,"If step55 is present, set note to checked_55. Do not alter any other object or field.","{""domain"": ""workflow_micro"", ""expected_state"": ""checked_55"", ""forbidden_side_effects"": [""any other object or field""], ""target_field"": ""value"", ""target_object"": ""note""}","{
  ""domain"": ""workflow_micro"",
  ""target_object"": ""note"",
  ""target_field"": ""value"",
  ""expected_state"": ""checked_55"",
  ""forbidden_side_effects"": [""any other object or field""]
}",cf8bb6ad3813,0,,157,0.0,0.0,1.0,1.0,0.0,wrong_object;wrong_field,"[""unrelated objects"", ""unrelated fields""]"
pc_v4_55_p3,pc_v4_55,workflow_micro,Model-B,deepseek-v4-pro,disabled,ellipsis_multi_object_preservation,"For step55: note -> checked_55; peer_step_55_a and peer_step_55_b, unchanged.","{""domain"": ""workflow_micro"", ""expected_state"": ""true"", ""forbidden_side_effects"": [""peer_step_55_a"", ""peer_step_55_b""], ""target_field"": ""checked_55"", ""target_object"": ""note""}","{
  ""domain"": ""workflow_micro"",
  ""target_object"": ""note"",
  ""target_field"": ""checked_55"",
  ""expected_state"": ""true"",
  ""forbidden_side_effects"": [""peer_step_55_a"", ""peer_step_55_b""]
}",163eb7ee6789,0,,166,0.0,0.0,0.0,1.0,0.0,wrong_object;wrong_field;wrong_constraint,"[""peer_step_55_a"", ""peer_step_55_b""]"
pc_v4_56_p1,pc_v4_56,file,Model-B,deepseek-v4-pro,disabled,pronoun_coreference,"Open reports/draft_56.txt. Change its content so that it reads approved_56, and leave everything else untouched.","{""domain"": ""file"", ""expected_state"": ""approved_56"", ""forbidden_side_effects"": [""modification of any other file"", ""modification of file metadata (e.g., permissions, timestamps) except as necessary to change content"", ""creation or deletion of files"", ""modification of directory structure""], ""target_field"": ""content"", ""target_object"": ""reports/draft_56.txt""}","{
  ""domain"": ""file"",
  ""target_object"": ""reports/draft_56.txt"",
  ""target_field"": ""content"",
  ""expected_state"": ""approved_56"",
  ""forbidden_side_effects"": [
    ""modification of any other file"",
    ""modification of file metadata (e.g., permissions, timestamps) except as necessary to change content"",
    ""creation or deletion of files"",
    ""modification of directory structure""
  ]
}",5140ff7672a9,0,,204,1.0,1.0,1.0,0.0,0.0,missing_forbidden_effect,"[""unrelated objects"", ""unrelated fields""]"
pc_v4_56_p2,pc_v4_56,file,Model-B,deepseek-v4-pro,disabled,conditional_negative_constraint,"If reports/draft_56.txt is present, set content to approved_56. Do not alter any other object or field.","{""domain"": ""file"", ""expected_state"": ""approved_56"", ""forbidden_side_effects"": [""alter_other_objects"", ""alter_other_fields""], ""target_field"": ""content"", ""target_object"": ""reports/draft_56.txt""}","{
  ""domain"": ""file"",
  ""target_object"": ""reports/draft_56.txt"",
  ""target_field"": ""content"",
  ""expected_state"": ""approved_56"",
  ""forbidden_side_effects"": [""alter_other_objects"", ""alter_other_fields""]
}",cda7d53523e9,0,,167,1.0,1.0,1.0,1.0,0.0,none,"[""unrelated objects"", ""unrelated fields""]"
pc_v4_56_p3,pc_v4_56,file,Model-B,deepseek-v4-pro,disabled,ellipsis_multi_object_preservation,"For reports/draft_56.txt: content -> approved_56; reports/reference_56.txt and reports/archive_56.txt, unchanged.","{""domain"": ""file"", ""expected_state"": ""approved_56"", ""forbidden_side_effects"": [""reports/reference_56.txt"", ""reports/archive_56.txt""], ""target_field"": ""content"", ""target_object"": ""reports/draft_56.txt""}","{
  ""domain"": ""file"",
  ""target_object"": ""reports/draft_56.txt"",
  ""target_field"": ""content"",
  ""expected_state"": ""approved_56"",
  ""forbidden_side_effects"": [
    ""reports/reference_56.txt"",
    ""reports/archive_56.txt""
  ]
}",05564215428e,0,,181,1.0,1.0,1.0,1.0,0.0,none,"[""reports/reference_56.txt"", ""reports/archive_56.txt""]"
pc_v4_57_p1,pc_v4_57,web_form,Model-B,deepseek-v4-pro,disabled,pronoun_coreference,"Open r57. Change its name so that it reads Alice_57, and leave everything else untouched.","{""domain"": ""web_form"", ""expected_state"": ""Alice_57"", ""forbidden_side_effects"": [""any_other_modification""], ""target_field"": ""name"", ""target_object"": ""r57""}","{
  ""domain"": ""web_form"",
  ""target_object"": ""r57"",
  ""target_field"": ""name"",
  ""expected_state"": ""Alice_57"",
  ""forbidden_side_effects"": [""any_other_modification""]
}",5a1c43e352be,0,,153,1.0,1.0,1.0,0.0,0.0,missing_forbidden_effect,"[""unrelated objects"", ""unrelated fields""]"
pc_v4_57_p2,pc_v4_57,web_form,Model-B,deepseek-v4-pro,disabled,conditional_negative_constraint,"If r57 is present, set name to Alice_57. Do not alter any other object or field.","{""domain"": ""web_form"", ""expected_state"": ""Alice_57"", ""forbidden_side_effects"": [""alter_other_objects"", ""alter_other_fields""], ""target_field"": ""name"", ""target_object"": ""r57""}","{
  ""domain"": ""web_form"",
  ""target_object"": ""r57"",
  ""target_field"": ""name"",
  ""expected_state"": ""Alice_57"",
  ""forbidden_side_effects"": [""alter_other_objects"", ""alter_other_fields""]
}",11f8e5701866,0,,160,1.0,1.0,1.0,1.0,0.0,none,"[""unrelated objects"", ""unrelated fields""]"
pc_v4_57_p3,pc_v4_57,web_form,Model-B,deepseek-v4-pro,disabled,ellipsis_multi_object_preservation,"For r57: name -> Alice_57; peer_record_57_a and peer_record_57_b, unchanged.","{""domain"": ""web_form"", ""expected_state"": ""Alice_57"", ""forbidden_side_effects"": [""peer_record_57_a"", ""peer_record_57_b""], ""target_field"": ""name"", ""target_object"": ""r57""}","{
  ""domain"": ""web_form"",
  ""target_object"": ""r57"",
  ""target_field"": ""name"",
  ""expected_state"": ""Alice_57"",
  ""forbidden_side_effects"": [
    ""peer_record_57_a"",
    ""peer_record_57_b""
  ]
}",bf584d3dd433,0,,168,1.0,1.0,1.0,1.0,0.0,none,"[""peer_record_57_a"", ""peer_record_57_b""]"
pc_v4_58_p1,pc_v4_58,table,Model-B,deepseek-v4-pro,disabled,pronoun_coreference,"Open row58. Change its score so that it reads 88, and leave everything else untouched.","{""domain"": ""table"", ""expected_state"": ""88"", ""forbidden_side_effects"": [""modify_other_fields"", ""modify_other_rows""], ""target_field"": ""score"", ""target_object"": ""row58""}","{
  ""domain"": ""table"",
  ""target_object"": ""row58"",
  ""target_field"": ""score"",
  ""expected_state"": ""88"",
  ""forbidden_side_effects"": [""modify_other_fields"", ""modify_other_rows""]
}",6426a11a9770,0,,155,1.0,1.0,1.0,0.5,0.0,missing_forbidden_effect,"[""unrelated objects"", ""unrelated fields""]"
pc_v4_58_p2,pc_v4_58,table,Model-B,deepseek-v4-pro,disabled,conditional_negative_constraint,"If row58 is present, set score to 88. Do not alter any other object or field.","{""domain"": ""table"", ""expected_state"": ""88"", ""forbidden_side_effects"": [""any other object or field""], ""target_field"": ""score"", ""target_object"": ""row58""}","{
  ""domain"": ""table"",
  ""target_object"": ""row58"",
  ""target_field"": ""score"",
  ""expected_state"": ""88"",
  ""forbidden_side_effects"": [""any other object or field""]
}",3c980d1258a5,0,,149,1.0,1.0,1.0,1.0,0.0,none,"[""unrelated objects"", ""unrelated fields""]"
pc_v4_58_p3,pc_v4_58,table,Model-B,deepseek-v4-pro,disabled,ellipsis_multi_object_preservation,"For row58: score -> 88; peer_row_58_a and peer_row_58_b, unchanged.","{""domain"": ""table"", ""expected_state"": ""88"", ""forbidden_side_effects"": [""peer_row_58_a"", ""peer_row_58_b""], ""target_field"": ""score"", ""target_object"": ""row58""}","{
  ""domain"": ""table"",
  ""target_object"": ""row58"",
  ""target_field"": ""score"",
  ""expected_state"": ""88"",
  ""forbidden_side_effects"": [""peer_row_58_a"", ""peer_row_58_b""]
}",03f28fd3687c,0,,158,1.0,1.0,1.0,1.0,0.0,none,"[""peer_row_58_a"", ""peer_row_58_b""]"
pc_v4_59_p1,pc_v4_59,workflow_micro,Model-B,deepseek-v4-pro,disabled,pronoun_coreference,"Open step59. Change its note so that it reads checked_59, and leave everything else untouched.","{""domain"": ""workflow_micro"", ""expected_state"": ""checked_59"", ""forbidden_side_effects"": [""any other changes to step59 or any other object""], ""target_field"": ""note"", ""target_object"": ""step59""}","{
  ""domain"": ""workflow_micro"",
  ""target_object"": ""step59"",
  ""target_field"": ""note"",
  ""expected_state"": ""checked_59"",
  ""forbidden_side_effects"": [""any other changes to step59 or any other object""]
}",3460a5dd2c7e,0,,162,1.0,1.0,1.0,0.5,0.0,missing_forbidden_effect,"[""unrelated objects"", ""unrelated fields""]"
pc_v4_59_p2,pc_v4_59,workflow_micro,Model-B,deepseek-v4-pro,disabled,conditional_negative_constraint,"If step59 is present, set note to checked_59. Do not alter any other object or field.","{""domain"": ""workflow_micro"", ""expected_state"": ""checked_59"", ""forbidden_side_effects"": [""any other object or field""], ""target_field"": ""value"", ""target_object"": ""note""}","{
  ""domain"": ""workflow_micro"",
  ""target_object"": ""note"",
  ""target_field"": ""value"",
  ""expected_state"": ""checked_59"",
  ""forbidden_side_effects"": [""any other object or field""]
}",c81fd9494460,0,,157,0.0,0.0,1.0,1.0,0.0,wrong_object;wrong_field,"[""unrelated objects"", ""unrelated fields""]"
pc_v4_59_p3,pc_v4_59,workflow_micro,Model-B,deepseek-v4-pro,disabled,ellipsis_multi_object_preservation,"For step59: note -> checked_59; peer_step_59_a and peer_step_59_b, unchanged.","{""domain"": ""workflow_micro"", ""expected_state"": ""true"", ""forbidden_side_effects"": [""peer_step_59_a"", ""peer_step_59_b""], ""target_field"": ""checked_59"", ""target_object"": ""note""}","{
  ""domain"": ""workflow_micro"",
  ""target_object"": ""note"",
  ""target_field"": ""checked_59"",
  ""expected_state"": ""true"",
  ""forbidden_side_effects"": [
    ""peer_step_59_a"",
    ""peer_step_59_b""
  ]
}",250d6e79d82e,0,,171,0.0,0.0,0.0,1.0,0.0,wrong_object;wrong_field;wrong_constraint,"[""peer_step_59_a"", ""peer_step_59_b""]"
pc_v4_60_p1,pc_v4_60,file,Model-B,deepseek-v4-pro,disabled,pronoun_coreference,"Open reports/draft_60.txt. Change its content so that it reads approved_60, and leave everything else untouched.","{""domain"": ""file"", ""expected_state"": ""approved_60"", ""forbidden_side_effects"": [""modification of any other file"", ""modification of file metadata except as necessary to update content"", ""creation of new files"", ""deletion of files"", ""modification of directory structure""], ""target_field"": ""content"", ""target_object"": ""reports/draft_60.txt""}","{
  ""domain"": ""file"",
  ""target_object"": ""reports/draft_60.txt"",
  ""target_field"": ""content"",
  ""expected_state"": ""approved_60"",
  ""forbidden_side_effects"": [
    ""modification of any other file"",
    ""modification of file metadata except as necessary to update content"",
    ""creation of new files"",
    ""deletion of files"",
    ""modification of directory structure""
  ]
}",af2045d2a5c8,0,,201,1.0,1.0,1.0,0.0,0.0,missing_forbidden_effect,"[""unrelated objects"", ""unrelated fields""]"
pc_v4_60_p2,pc_v4_60,file,Model-B,deepseek-v4-pro,disabled,conditional_negative_constraint,"If reports/draft_60.txt is present, set content to approved_60. Do not alter any other object or field.","{""domain"": ""file"", ""expected_state"": ""approved_60"", ""forbidden_side_effects"": [""alter any other object or field""], ""target_field"": ""content"", ""target_object"": ""reports/draft_60.txt""}","{
  ""domain"": ""file"",
  ""target_object"": ""reports/draft_60.txt"",
  ""target_field"": ""content"",
  ""expected_state"": ""approved_60"",
  ""forbidden_side_effects"": [
    ""alter any other object or field""
  ]
}",e3fdf158b44d,0,,166,1.0,1.0,1.0,1.0,0.0,none,"[""unrelated objects"", ""unrelated fields""]"
pc_v4_60_p3,pc_v4_60,file,Model-B,deepseek-v4-pro,disabled,ellipsis_multi_object_preservation,"For reports/draft_60.txt: content -> approved_60; reports/reference_60.txt and reports/archive_60.txt, unchanged.","{""domain"": ""file"", ""expected_state"": ""approved_60"", ""forbidden_side_effects"": [""reports/reference_60.txt"", ""reports/archive_60.txt""], ""target_field"": ""content"", ""target_object"": ""reports/draft_60.txt""}","{
  ""domain"": ""file"",
  ""target_object"": ""reports/draft_60.txt"",
  ""target_field"": ""content"",
  ""expected_state"": ""approved_60"",
  ""forbidden_side_effects"": [
    ""reports/reference_60.txt"",
    ""reports/archive_60.txt""
  ]
}",b4af8ffdc0c7,0,,181,1.0,1.0,1.0,1.0,0.0,none,"[""reports/reference_60.txt"", ""reports/archive_60.txt""]"
pc_v4_61_p1,pc_v4_61,web_form,Model-B,deepseek-v4-pro,disabled,pronoun_coreference,"Open r61. Change its status so that it reads approved, and leave everything else untouched.","{""domain"": ""web_form"", ""expected_state"": ""approved"", ""forbidden_side_effects"": [""any_other_changes""], ""target_field"": ""status"", ""target_object"": ""r61""}","{
  ""domain"": ""web_form"",
  ""target_object"": ""r61"",
  ""target_field"": ""status"",
  ""expected_state"": ""approved"",
  ""forbidden_side_effects"": [""any_other_changes""]
}",1cf6d88f698c,0,,149,1.0,1.0,1.0,0.0,0.0,missing_forbidden_effect,"[""unrelated objects"", ""unrelated fields""]"
pc_v4_61_p2,pc_v4_61,web_form,Model-B,deepseek-v4-pro,disabled,conditional_negative_constraint,"If r61 is present, set status to approved. Do not alter any other object or field.","{""domain"": ""web_form"", ""expected_state"": ""approved"", ""forbidden_side_effects"": [""any_other_object_or_field""], ""target_field"": ""status"", ""target_object"": ""r61""}","{
  ""domain"": ""web_form"",
  ""target_object"": ""r61"",
  ""target_field"": ""status"",
  ""expected_state"": ""approved"",
  ""forbidden_side_effects"": [""any_other_object_or_field""]
}",af6b1fa93aae,0,,151,1.0,1.0,1.0,1.0,0.0,none,"[""unrelated objects"", ""unrelated fields""]"
pc_v4_61_p3,pc_v4_61,web_form,Model-B,deepseek-v4-pro,disabled,ellipsis_multi_object_preservation,"For r61: status -> approved; peer_record_61_a and peer_record_61_b, unchanged.","{""domain"": ""web_form"", ""expected_state"": ""approved"", ""forbidden_side_effects"": [""peer_record_61_a"", ""peer_record_61_b""], ""target_field"": ""status"", ""target_object"": ""r61""}","{
  ""domain"": ""web_form"",
  ""target_object"": ""r61"",
  ""target_field"": ""status"",
  ""expected_state"": ""approved"",
  ""forbidden_side_effects"": [
    ""peer_record_61_a"",
    ""peer_record_61_b""
  ]
}",fbd3058ffeaa,0,,164,1.0,1.0,1.0,1.0,0.0,none,"[""peer_record_61_a"", ""peer_record_61_b""]"
pc_v4_62_p1,pc_v4_62,table,Model-B,deepseek-v4-pro,disabled,pronoun_coreference,"Open row62. Change its score so that it reads 82, and leave everything else untouched.","{""domain"": ""table"", ""expected_state"": ""82"", ""forbidden_side_effects"": [""modify_other_fields"", ""modify_other_rows""], ""target_field"": ""score"", ""target_object"": ""row62""}","{
  ""domain"": ""table"",
  ""target_object"": ""row62"",
  ""target_field"": ""score"",
  ""expected_state"": ""82"",
  ""forbidden_side_effects"": [""modify_other_fields"", ""modify_other_rows""]
}",de28ca6abe50,0,,155,1.0,1.0,1.0,0.5,0.0,missing_forbidden_effect,"[""unrelated objects"", ""unrelated fields""]"
pc_v4_62_p2,pc_v4_62,table,Model-B,deepseek-v4-pro,disabled,conditional_negative_constraint,"If row62 is present, set score to 82. Do not alter any other object or field.","{""domain"": ""table"", ""expected_state"": ""82"", ""forbidden_side_effects"": [""alter any other object or field""], ""target_field"": ""score"", ""target_object"": ""row62""}","{
  ""domain"": ""table"",
  ""target_object"": ""row62"",
  ""target_field"": ""score"",
  ""expected_state"": ""82"",
  ""forbidden_side_effects"": [""alter any other object or field""]
}",29249d822352,0,,150,1.0,1.0,1.0,1.0,0.0,none,"[""unrelated objects"", ""unrelated fields""]"
pc_v4_62_p3,pc_v4_62,table,Model-B,deepseek-v4-pro,disabled,ellipsis_multi_object_preservation,"For row62: score -> 82; peer_row_62_a and peer_row_62_b, unchanged.","{""domain"": ""table"", ""expected_state"": ""82"", ""forbidden_side_effects"": [""peer_row_62_a"", ""peer_row_62_b""], ""target_field"": ""score"", ""target_object"": ""row62""}","{
  ""domain"": ""table"",
  ""target_object"": ""row62"",
  ""target_field"": ""score"",
  ""expected_state"": ""82"",
  ""forbidden_side_effects"": [""peer_row_62_a"", ""peer_row_62_b""]
}",c296559e669e,0,,158,1.0,1.0,1.0,1.0,0.0,none,"[""peer_row_62_a"", ""peer_row_62_b""]"
pc_v4_63_p1,pc_v4_63,workflow_micro,Model-B,deepseek-v4-pro,disabled,pronoun_coreference,"Open step63. Change its note so that it reads checked_63, and leave everything else untouched.","{""domain"": ""workflow_micro"", ""expected_state"": ""checked_63"", ""forbidden_side_effects"": [""step63.status"", ""step63.other_fields""], ""target_field"": ""note"", ""target_object"": ""step63""}","{
  ""domain"": ""workflow_micro"",
  ""target_object"": ""step63"",
  ""target_field"": ""note"",
  ""expected_state"": ""checked_63"",
  ""forbidden_side_effects"": [""step63.status"", ""step63.other_fields""]
}",a7dfd46b53ab,0,,162,1.0,1.0,1.0,0.5,0.0,missing_forbidden_effect,"[""unrelated objects"", ""unrelated fields""]"
pc_v4_63_p2,pc_v4_63,workflow_micro,Model-B,deepseek-v4-pro,disabled,conditional_negative_constraint,"If step63 is present, set note to checked_63. Do not alter any other object or field.","{""domain"": ""workflow_micro"", ""expected_state"": ""checked_63"", ""forbidden_side_effects"": ""Do not alter any other object or field."", ""target_field"": ""note"", ""target_object"": ""step63""}","{
  ""domain"": ""workflow_micro"",
  ""target_object"": ""step63"",
  ""target_field"": ""note"",
  ""expected_state"": ""checked_63"",
  ""forbidden_side_effects"": ""Do not alter any other object or field.""
}",5cbea8aea515,0,,161,1.0,1.0,1.0,1.0,0.0,none,"[""unrelated objects"", ""unrelated fields""]"
pc_v4_63_p3,pc_v4_63,workflow_micro,Model-B,deepseek-v4-pro,disabled,ellipsis_multi_object_preservation,"For step63: note -> checked_63; peer_step_63_a and peer_step_63_b, unchanged.","{""domain"": ""workflow_micro"", ""expected_state"": ""true"", ""forbidden_side_effects"": [""peer_step_63_a"", ""peer_step_63_b""], ""target_field"": ""checked_63"", ""target_object"": ""note""}","{
  ""domain"": ""workflow_micro"",
  ""target_object"": ""note"",
  ""target_field"": ""checked_63"",
  ""expected_state"": ""true"",
  ""forbidden_side_effects"": [
    ""peer_step_63_a"",
    ""peer_step_63_b""
  ]
}",8c5c9deb1680,0,,171,0.0,0.0,0.0,1.0,0.0,wrong_object;wrong_field;wrong_constraint,"[""peer_step_63_a"", ""peer_step_63_b""]"
pc_v4_64_p1,pc_v4_64,file,Model-B,deepseek-v4-pro,disabled,pronoun_coreference,"Open reports/draft_64.txt. Change its content so that it reads approved_64, and leave everything else untouched.","{""domain"": ""file"", ""expected_state"": ""approved_64"", ""forbidden_side_effects"": [""modification of other files"", ""modification of file metadata except content"", ""creation of new files"", ""deletion of files""], ""target_field"": ""content"", ""target_object"": ""reports/draft_64.txt""}","{
  ""domain"": ""file"",
  ""target_object"": ""reports/draft_64.txt"",
  ""target_field"": ""content"",
  ""expected_state"": ""approved_64"",
  ""forbidden_side_effects"": [
    ""modification of other files"",
    ""modification of file metadata except content"",
    ""creation of new files"",
    ""deletion of files""
  ]
}",a0d64fd88d95,0,,188,1.0,1.0,1.0,0.0,0.0,missing_forbidden_effect,"[""unrelated objects"", ""unrelated fields""]"
pc_v4_64_p2,pc_v4_64,file,Model-B,deepseek-v4-pro,disabled,conditional_negative_constraint,"If reports/draft_64.txt is present, set content to approved_64. Do not alter any other object or field.","{""domain"": ""file"", ""expected_state"": ""approved_64"", ""forbidden_side_effects"": [""alter_any_other_object_or_field""], ""target_field"": ""content"", ""target_object"": ""reports/draft_64.txt""}","{
  ""domain"": ""file"",
  ""target_object"": ""reports/draft_64.txt"",
  ""target_field"": ""content"",
  ""expected_state"": ""approved_64"",
  ""forbidden_side_effects"": [""alter_any_other_object_or_field""]
}",a309770a1fa6,0,,164,1.0,1.0,1.0,1.0,0.0,none,"[""unrelated objects"", ""unrelated fields""]"
pc_v4_64_p3,pc_v4_64,file,Model-B,deepseek-v4-pro,disabled,ellipsis_multi_object_preservation,"For reports/draft_64.txt: content -> approved_64; reports/reference_64.txt and reports/archive_64.txt, unchanged.","{""domain"": ""file"", ""expected_state"": ""approved_64"", ""forbidden_side_effects"": [""reports/reference_64.txt is modified"", ""reports/archive_64.txt is modified""], ""target_field"": ""content"", ""target_object"": ""reports/draft_64.txt""}","{
  ""domain"": ""file"",
  ""target_object"": ""reports/draft_64.txt"",
  ""target_field"": ""content"",
  ""expected_state"": ""approved_64"",
  ""forbidden_side_effects"": [
    ""reports/reference_64.txt is modified"",
    ""reports/archive_64.txt is modified""
  ]
}",596a0a243700,0,,185,1.0,1.0,1.0,1.0,0.0,none,"[""reports/reference_64.txt"", ""reports/archive_64.txt""]"
pc_v4_65_p1,pc_v4_65,web_form,Model-B,deepseek-v4-pro,disabled,pronoun_coreference,"Open r65. Change its status so that it reads approved, and leave everything else untouched.","{""domain"": ""web_form"", ""expected_state"": ""approved"", ""forbidden_side_effects"": [""modify_other_fields"", ""modify_other_objects""], ""target_field"": ""status"", ""target_object"": ""r65""}","{
  ""domain"": ""web_form"",
  ""target_object"": ""r65"",
  ""target_field"": ""status"",
  ""expected_state"": ""approved"",
  ""forbidden_side_effects"": [""modify_other_fields"", ""modify_other_objects""]
}",528e26e4f96b,0,,157,1.0,1.0,1.0,1.0,0.0,none,"[""unrelated objects"", ""unrelated fields""]"
pc_v4_65_p2,pc_v4_65,web_form,Model-B,deepseek-v4-pro,disabled,conditional_negative_constraint,"If r65 is present, set status to approved. Do not alter any other object or field.","{""domain"": ""web_form"", ""expected_state"": ""approved"", ""forbidden_side_effects"": [""any_other_object_or_field""], ""target_field"": ""status"", ""target_object"": ""r65""}","{
  ""domain"": ""web_form"",
  ""target_object"": ""r65"",
  ""target_field"": ""status"",
  ""expected_state"": ""approved"",
  ""forbidden_side_effects"": [""any_other_object_or_field""]
}",bcbe4c003cb8,0,,151,1.0,1.0,1.0,1.0,0.0,none,"[""unrelated objects"", ""unrelated fields""]"
pc_v4_65_p3,pc_v4_65,web_form,Model-B,deepseek-v4-pro,disabled,ellipsis_multi_object_preservation,"For r65: status -> approved; peer_record_65_a and peer_record_65_b, unchanged.","{""domain"": ""web_form"", ""expected_state"": ""approved"", ""forbidden_side_effects"": [""peer_record_65_a"", ""peer_record_65_b""], ""target_field"": ""status"", ""target_object"": ""r65""}","{""domain"": ""web_form"", ""target_object"": ""r65"", ""target_field"": ""status"", ""expected_state"": ""approved"", ""forbidden_side_effects"": [""peer_record_65_a"", ""peer_record_65_b""]}",3ee418d78f55,0,,153,1.0,1.0,1.0,1.0,0.0,none,"[""peer_record_65_a"", ""peer_record_65_b""]"
pc_v4_66_p1,pc_v4_66,table,Model-B,deepseek-v4-pro,disabled,pronoun_coreference,"Open row66. Change its score so that it reads 86, and leave everything else untouched.","{""domain"": ""table"", ""expected_state"": ""86"", ""forbidden_side_effects"": [], ""target_field"": ""score"", ""target_object"": ""row66""}","{
  ""domain"": ""table"",
  ""target_object"": ""row66"",
  ""target_field"": ""score"",
  ""expected_state"": ""86"",
  ""forbidden_side_effects"": []
}",101b2d4323d4,0,,142,1.0,1.0,1.0,0.0,0.0,missing_forbidden_effect,"[""unrelated objects"", ""unrelated fields""]"
pc_v4_66_p2,pc_v4_66,table,Model-B,deepseek-v4-pro,disabled,conditional_negative_constraint,"If row66 is present, set score to 86. Do not alter any other object or field.","{""domain"": ""table"", ""expected_state"": ""86"", ""forbidden_side_effects"": [""alter any other object or field""], ""target_field"": ""score"", ""target_object"": ""row66""}","{
  ""domain"": ""table"",
  ""target_object"": ""row66"",
  ""target_field"": ""score"",
  ""expected_state"": ""86"",
  ""forbidden_side_effects"": [""alter any other object or field""]
}",b9a1f6110f3f,0,,150,1.0,1.0,1.0,1.0,0.0,none,"[""unrelated objects"", ""unrelated fields""]"
pc_v4_66_p3,pc_v4_66,table,Model-B,deepseek-v4-pro,disabled,ellipsis_multi_object_preservation,"For row66: score -> 86; peer_row_66_a and peer_row_66_b, unchanged.","{""domain"": ""table"", ""expected_state"": ""86"", ""forbidden_side_effects"": [""peer_row_66_a"", ""peer_row_66_b""], ""target_field"": ""score"", ""target_object"": ""row66""}","{
  ""domain"": ""table"",
  ""target_object"": ""row66"",
  ""target_field"": ""score"",
  ""expected_state"": ""86"",
  ""forbidden_side_effects"": [""peer_row_66_a"", ""peer_row_66_b""]
}",73517b6ba020,0,,158,1.0,1.0,1.0,1.0,0.0,none,"[""peer_row_66_a"", ""peer_row_66_b""]"
pc_v4_67_p1,pc_v4_67,workflow_micro,Model-B,deepseek-v4-pro,disabled,pronoun_coreference,"Open step67. Change its note so that it reads checked_67, and leave everything else untouched.","{""domain"": ""workflow_micro"", ""expected_state"": ""checked_67"", ""forbidden_side_effects"": [""any other field of step67 is modified"", ""any other object is modified""], ""target_field"": ""note"", ""target_object"": ""step67""}","{
  ""domain"": ""workflow_micro"",
  ""target_object"": ""step67"",
  ""target_field"": ""note"",
  ""expected_state"": ""checked_67"",
  ""forbidden_side_effects"": [""any other field of step67 is modified"", ""any other object is modified""]
}",5985e61cdc0e,0,,167,1.0,1.0,1.0,1.0,0.0,none,"[""unrelated objects"", ""unrelated fields""]"
pc_v4_67_p2,pc_v4_67,workflow_micro,Model-B,deepseek-v4-pro,disabled,conditional_negative_constraint,"If step67 is present, set note to checked_67. Do not alter any other object or field.","{""domain"": ""workflow_micro"", ""expected_state"": ""checked_67"", ""forbidden_side_effects"": [""any other object or field""], ""target_field"": ""value"", ""target_object"": ""note""}","{
  ""domain"": ""workflow_micro"",
  ""target_object"": ""note"",
  ""target_field"": ""value"",
  ""expected_state"": ""checked_67"",
  ""forbidden_side_effects"": [""any other object or field""]
}",184eda021dc8,0,,157,0.0,0.0,1.0,1.0,0.0,wrong_object;wrong_field,"[""unrelated objects"", ""unrelated fields""]"
pc_v4_67_p3,pc_v4_67,workflow_micro,Model-B,deepseek-v4-pro,disabled,ellipsis_multi_object_preservation,"For step67: note -> checked_67; peer_step_67_a and peer_step_67_b, unchanged.","{""domain"": ""workflow_micro"", ""expected_state"": ""true"", ""forbidden_side_effects"": [""peer_step_67_a"", ""peer_step_67_b""], ""target_field"": ""checked_67"", ""target_object"": ""note""}","{
  ""domain"": ""workflow_micro"",
  ""target_object"": ""note"",
  ""target_field"": ""checked_67"",
  ""expected_state"": ""true"",
  ""forbidden_side_effects"": [
    ""peer_step_67_a"",
    ""peer_step_67_b""
  ]
}",1d879b82990a,0,,171,0.0,0.0,0.0,1.0,0.0,wrong_object;wrong_field;wrong_constraint,"[""peer_step_67_a"", ""peer_step_67_b""]"
pc_v4_68_p1,pc_v4_68,file,Model-B,deepseek-v4-pro,disabled,pronoun_coreference,"Open reports/draft_68.txt. Change its content so that it reads approved_68, and leave everything else untouched.","{""domain"": ""file"", ""expected_state"": ""approved_68"", ""forbidden_side_effects"": [""modification of other files"", ""modification of file metadata except content"", ""creation of new files"", ""deletion of files""], ""target_field"": ""content"", ""target_object"": ""reports/draft_68.txt""}","{
  ""domain"": ""file"",
  ""target_object"": ""reports/draft_68.txt"",
  ""target_field"": ""content"",
  ""expected_state"": ""approved_68"",
  ""forbidden_side_effects"": [
    ""modification of other files"",
    ""modification of file metadata except content"",
    ""creation of new files"",
    ""deletion of files""
  ]
}",d57de96d19a6,0,,188,1.0,1.0,1.0,0.0,0.0,missing_forbidden_effect,"[""unrelated objects"", ""unrelated fields""]"
pc_v4_68_p2,pc_v4_68,file,Model-B,deepseek-v4-pro,disabled,conditional_negative_constraint,"If reports/draft_68.txt is present, set content to approved_68. Do not alter any other object or field.","{""domain"": ""file"", ""expected_state"": ""approved_68"", ""forbidden_side_effects"": [""any other object or field""], ""target_field"": ""content"", ""target_object"": ""reports/draft_68.txt""}","{
  ""domain"": ""file"",
  ""target_object"": ""reports/draft_68.txt"",
  ""target_field"": ""content"",
  ""expected_state"": ""approved_68"",
  ""forbidden_side_effects"": [""any other object or field""]
}",963767908527,0,,161,1.0,1.0,1.0,1.0,0.0,none,"[""unrelated objects"", ""unrelated fields""]"
pc_v4_68_p3,pc_v4_68,file,Model-B,deepseek-v4-pro,disabled,ellipsis_multi_object_preservation,"For reports/draft_68.txt: content -> approved_68; reports/reference_68.txt and reports/archive_68.txt, unchanged.","{""domain"": ""file"", ""expected_state"": ""approved_68"", ""forbidden_side_effects"": [""reports/reference_68.txt"", ""reports/archive_68.txt""], ""target_field"": ""content"", ""target_object"": ""reports/draft_68.txt""}","{
  ""domain"": ""file"",
  ""target_object"": ""reports/draft_68.txt"",
  ""target_field"": ""content"",
  ""expected_state"": ""approved_68"",
  ""forbidden_side_effects"": [
    ""reports/reference_68.txt"",
    ""reports/archive_68.txt""
  ]
}",dc9b7bf2b115,0,,181,1.0,1.0,1.0,1.0,0.0,none,"[""reports/reference_68.txt"", ""reports/archive_68.txt""]"
pc_v4_69_p1,pc_v4_69,web_form,Model-B,deepseek-v4-pro,disabled,pronoun_coreference,"Open r69. Change its name so that it reads Alice_69, and leave everything else untouched.","{""domain"": ""web_form"", ""expected_state"": ""Alice_69"", ""forbidden_side_effects"": [""any_other_modification""], ""target_field"": ""name"", ""target_object"": ""r69""}","{
  ""domain"": ""web_form"",
  ""target_object"": ""r69"",
  ""target_field"": ""name"",
  ""expected_state"": ""Alice_69"",
  ""forbidden_side_effects"": [""any_other_modification""]
}",bf539209ea48,0,,153,1.0,1.0,1.0,0.0,0.0,missing_forbidden_effect,"[""unrelated objects"", ""unrelated fields""]"
pc_v4_69_p2,pc_v4_69,web_form,Model-B,deepseek-v4-pro,disabled,conditional_negative_constraint,"If r69 is present, set name to Alice_69. Do not alter any other object or field.","{""domain"": ""web_form"", ""expected_state"": ""Alice_69"", ""forbidden_side_effects"": ""Do not alter any other object or field."", ""target_field"": ""name"", ""target_object"": ""r69""}","{
  ""domain"": ""web_form"",
  ""target_object"": ""r69"",
  ""target_field"": ""name"",
  ""expected_state"": ""Alice_69"",
  ""forbidden_side_effects"": ""Do not alter any other object or field.""
}",3ddf330e67b8,0,,157,1.0,1.0,1.0,1.0,0.0,none,"[""unrelated objects"", ""unrelated fields""]"
pc_v4_69_p3,pc_v4_69,web_form,Model-B,deepseek-v4-pro,disabled,ellipsis_multi_object_preservation,"For r69: name -> Alice_69; peer_record_69_a and peer_record_69_b, unchanged.","{""domain"": ""web_form"", ""expected_state"": ""Alice_69"", ""forbidden_side_effects"": [""peer_record_69_a"", ""peer_record_69_b""], ""target_field"": ""name"", ""target_object"": ""r69""}","{
  ""domain"": ""web_form"",
  ""target_object"": ""r69"",
  ""target_field"": ""name"",
  ""expected_state"": ""Alice_69"",
  ""forbidden_side_effects"": [""peer_record_69_a"", ""peer_record_69_b""]
}",1346aa3a9786,0,,163,1.0,1.0,1.0,1.0,0.0,none,"[""peer_record_69_a"", ""peer_record_69_b""]"
pc_v4_70_p1,pc_v4_70,table,Model-B,deepseek-v4-pro,disabled,pronoun_coreference,"Open row70. Change its score so that it reads 80, and leave everything else untouched.","{""domain"": ""table"", ""expected_state"": {""score"": 80}, ""forbidden_side_effects"": {""other_fields"": ""unchanged"", ""other_rows"": ""unchanged""}, ""target_field"": ""score"", ""target_object"": ""row70""}","{
  ""domain"": ""table"",
  ""target_object"": ""row70"",
  ""target_field"": ""score"",
  ""expected_state"": {
    ""score"": 80
  },
  ""forbidden_side_effects"": {
    ""other_fields"": ""unchanged"",
    ""other_rows"": ""unchanged""
  }
}",c7a8f8d1578e,0,,169,1.0,1.0,1.0,0.5,0.0,missing_forbidden_effect,"[""unrelated objects"", ""unrelated fields""]"
pc_v4_70_p2,pc_v4_70,table,Model-B,deepseek-v4-pro,disabled,conditional_negative_constraint,"If row70 is present, set score to 80. Do not alter any other object or field.","{""domain"": ""table"", ""expected_state"": ""80"", ""forbidden_side_effects"": [""alter_other_objects"", ""alter_other_fields""], ""target_field"": ""score"", ""target_object"": ""row70""}","{
  ""domain"": ""table"",
  ""target_object"": ""row70"",
  ""target_field"": ""score"",
  ""expected_state"": ""80"",
  ""forbidden_side_effects"": [""alter_other_objects"", ""alter_other_fields""]
}",b22a63d4b6b7,0,,155,1.0,1.0,1.0,1.0,0.0,none,"[""unrelated objects"", ""unrelated fields""]"
pc_v4_70_p3,pc_v4_70,table,Model-B,deepseek-v4-pro,disabled,ellipsis_multi_object_preservation,"For row70: score -> 80; peer_row_70_a and peer_row_70_b, unchanged.","{""domain"": ""table"", ""expected_state"": ""80"", ""forbidden_side_effects"": [""peer_row_70_a"", ""peer_row_70_b""], ""target_field"": ""score"", ""target_object"": ""row70""}","{
  ""domain"": ""table"",
  ""target_object"": ""row70"",
  ""target_field"": ""score"",
  ""expected_state"": ""80"",
  ""forbidden_side_effects"": [""peer_row_70_a"", ""peer_row_70_b""]
}",7dd66496eb2b,0,,158,1.0,1.0,1.0,1.0,0.0,none,"[""peer_row_70_a"", ""peer_row_70_b""]"
pc_v4_71_p1,pc_v4_71,workflow_micro,Model-B,deepseek-v4-pro,disabled,pronoun_coreference,"Open step71. Change its note so that it reads checked_71, and leave everything else untouched.","{""domain"": ""workflow_micro"", ""expected_state"": ""checked_71"", ""forbidden_side_effects"": [""any other changes to step71"", ""changes to any other objects""], ""target_field"": ""note"", ""target_object"": ""step71""}","{
  ""domain"": ""workflow_micro"",
  ""target_object"": ""step71"",
  ""target_field"": ""note"",
  ""expected_state"": ""checked_71"",
  ""forbidden_side_effects"": [""any other changes to step71"", ""changes to any other objects""]
}",7d3d04af9c96,0,,165,1.0,1.0,1.0,0.5,0.0,missing_forbidden_effect,"[""unrelated objects"", ""unrelated fields""]"
pc_v4_71_p2,pc_v4_71,workflow_micro,Model-B,deepseek-v4-pro,disabled,conditional_negative_constraint,"If step71 is present, set note to checked_71. Do not alter any other object or field.","{""domain"": ""workflow_micro"", ""expected_state"": ""checked_71"", ""forbidden_side_effects"": [""any other object or field""], ""target_field"": ""value"", ""target_object"": ""note""}","{
  ""domain"": ""workflow_micro"",
  ""target_object"": ""note"",
  ""target_field"": ""value"",
  ""expected_state"": ""checked_71"",
  ""forbidden_side_effects"": [""any other object or field""]
}",0266e50786c6,0,,157,0.0,0.0,1.0,1.0,0.0,wrong_object;wrong_field,"[""unrelated objects"", ""unrelated fields""]"
pc_v4_71_p3,pc_v4_71,workflow_micro,Model-B,deepseek-v4-pro,disabled,ellipsis_multi_object_preservation,"For step71: note -> checked_71; peer_step_71_a and peer_step_71_b, unchanged.","{""domain"": ""workflow_micro"", ""expected_state"": ""true"", ""forbidden_side_effects"": [""peer_step_71_a"", ""peer_step_71_b""], ""target_field"": ""checked_71"", ""target_object"": ""note""}","{
  ""domain"": ""workflow_micro"",
  ""target_object"": ""note"",
  ""target_field"": ""checked_71"",
  ""expected_state"": ""true"",
  ""forbidden_side_effects"": [""peer_step_71_a"", ""peer_step_71_b""]
}",6f630d22cedc,0,,166,0.0,0.0,0.0,1.0,0.0,wrong_object;wrong_field;wrong_constraint,"[""peer_step_71_a"", ""peer_step_71_b""]"
pc_v4_72_p1,pc_v4_72,file,Model-B,deepseek-v4-pro,disabled,pronoun_coreference,"Open reports/draft_72.txt. Change its content so that it reads approved_72, and leave everything else untouched.","{""domain"": ""file"", ""expected_state"": ""approved_72"", ""forbidden_side_effects"": [""modification of any other file"", ""modification of file metadata except as necessary to update content"", ""creation of new files"", ""deletion of files""], ""target_field"": ""content"", ""target_object"": ""reports/draft_72.txt""}","{
  ""domain"": ""file"",
  ""target_object"": ""reports/draft_72.txt"",
  ""target_field"": ""content"",
  ""expected_state"": ""approved_72"",
  ""forbidden_side_effects"": [
    ""modification of any other file"",
    ""modification of file metadata except as necessary to update content"",
    ""creation of new files"",
    ""deletion of files""
  ]
}",d00287b79eec,0,,193,1.0,1.0,1.0,0.0,0.0,missing_forbidden_effect,"[""unrelated objects"", ""unrelated fields""]"
pc_v4_72_p2,pc_v4_72,file,Model-B,deepseek-v4-pro,disabled,conditional_negative_constraint,"If reports/draft_72.txt is present, set content to approved_72. Do not alter any other object or field.","{""domain"": ""file"", ""expected_state"": ""approved_72"", ""forbidden_side_effects"": [""alter any other object or field""], ""target_field"": ""content"", ""target_object"": ""reports/draft_72.txt""}","{
  ""domain"": ""file"",
  ""target_object"": ""reports/draft_72.txt"",
  ""target_field"": ""content"",
  ""expected_state"": ""approved_72"",
  ""forbidden_side_effects"": [""alter any other object or field""]
}",94c54a6139d9,0,,162,1.0,1.0,1.0,1.0,0.0,none,"[""unrelated objects"", ""unrelated fields""]"
pc_v4_72_p3,pc_v4_72,file,Model-B,deepseek-v4-pro,disabled,ellipsis_multi_object_preservation,"For reports/draft_72.txt: content -> approved_72; reports/reference_72.txt and reports/archive_72.txt, unchanged.","{""domain"": ""file"", ""expected_state"": ""approved_72"", ""forbidden_side_effects"": [""reports/reference_72.txt"", ""reports/archive_72.txt""], ""target_field"": ""content"", ""target_object"": ""reports/draft_72.txt""}","{
  ""domain"": ""file"",
  ""target_object"": ""reports/draft_72.txt"",
  ""target_field"": ""content"",
  ""expected_state"": ""approved_72"",
  ""forbidden_side_effects"": [
    ""reports/reference_72.txt"",
    ""reports/archive_72.txt""
  ]
}",2898e5b275c2,0,,181,1.0,1.0,1.0,1.0,0.0,none,"[""reports/reference_72.txt"", ""reports/archive_72.txt""]"
pc_v4_73_p1,pc_v4_73,web_form,Model-B,deepseek-v4-pro,disabled,pronoun_coreference,"Open r73. Change its status so that it reads approved, and leave everything else untouched.","{""domain"": ""web_form"", ""expected_state"": ""approved"", ""forbidden_side_effects"": [""any other field change""], ""target_field"": ""status"", ""target_object"": ""r73""}","{
  ""domain"": ""web_form"",
  ""target_object"": ""r73"",
  ""target_field"": ""status"",
  ""expected_state"": ""approved"",
  ""forbidden_side_effects"": [""any other field change""]
}",c888e4c509ed,0,,148,1.0,1.0,1.0,0.5,0.0,missing_forbidden_effect,"[""unrelated objects"", ""unrelated fields""]"
pc_v4_73_p2,pc_v4_73,web_form,Model-B,deepseek-v4-pro,disabled,conditional_negative_constraint,"If r73 is present, set status to approved. Do not alter any other object or field.","{""domain"": ""web_form"", ""expected_state"": ""approved"", ""forbidden_side_effects"": [""any_other_object_or_field""], ""target_field"": ""status"", ""target_object"": ""r73""}","{
  ""domain"": ""web_form"",
  ""target_object"": ""r73"",
  ""target_field"": ""status"",
  ""expected_state"": ""approved"",
  ""forbidden_side_effects"": [""any_other_object_or_field""]
}",65cb9214d361,0,,151,1.0,1.0,1.0,1.0,0.0,none,"[""unrelated objects"", ""unrelated fields""]"
pc_v4_73_p3,pc_v4_73,web_form,Model-B,deepseek-v4-pro,disabled,ellipsis_multi_object_preservation,"For r73: status -> approved; peer_record_73_a and peer_record_73_b, unchanged.","{""domain"": ""web_form"", ""expected_state"": ""approved"", ""forbidden_side_effects"": [""peer_record_73_a"", ""peer_record_73_b""], ""target_field"": ""status"", ""target_object"": ""r73""}","{""domain"": ""web_form"", ""target_object"": ""r73"", ""target_field"": ""status"", ""expected_state"": ""approved"", ""forbidden_side_effects"": [""peer_record_73_a"", ""peer_record_73_b""]}",f79ae7fdb49f,0,,153,1.0,1.0,1.0,1.0,0.0,none,"[""peer_record_73_a"", ""peer_record_73_b""]"
pc_v4_74_p1,pc_v4_74,table,Model-B,deepseek-v4-pro,disabled,pronoun_coreference,"Open row74. Change its score so that it reads 84, and leave everything else untouched.","{""domain"": ""table"", ""expected_state"": ""84"", ""forbidden_side_effects"": [""modify_other_fields"", ""modify_other_rows""], ""target_field"": ""score"", ""target_object"": ""row74""}","{
  ""domain"": ""table"",
  ""target_object"": ""row74"",
  ""target_field"": ""score"",
  ""expected_state"": ""84"",
  ""forbidden_side_effects"": [""modify_other_fields"", ""modify_other_rows""]
}",d4984b23b09f,0,,155,1.0,1.0,1.0,0.5,0.0,missing_forbidden_effect,"[""unrelated objects"", ""unrelated fields""]"
pc_v4_74_p2,pc_v4_74,table,Model-B,deepseek-v4-pro,disabled,conditional_negative_constraint,"If row74 is present, set score to 84. Do not alter any other object or field.","{""domain"": ""table"", ""expected_state"": ""84"", ""forbidden_side_effects"": [""alter_other_objects"", ""alter_other_fields""], ""target_field"": ""score"", ""target_object"": ""row74""}","{
  ""domain"": ""table"",
  ""target_object"": ""row74"",
  ""target_field"": ""score"",
  ""expected_state"": ""84"",
  ""forbidden_side_effects"": [""alter_other_objects"", ""alter_other_fields""]
}",3f905ff21e6b,0,,155,1.0,1.0,1.0,1.0,0.0,none,"[""unrelated objects"", ""unrelated fields""]"
pc_v4_74_p3,pc_v4_74,table,Model-B,deepseek-v4-pro,disabled,ellipsis_multi_object_preservation,"For row74: score -> 84; peer_row_74_a and peer_row_74_b, unchanged.","{""domain"": ""table"", ""expected_state"": 84, ""forbidden_side_effects"": [""peer_row_74_a"", ""peer_row_74_b""], ""target_field"": ""score"", ""target_object"": ""row74""}","{""domain"": ""table"", ""target_object"": ""row74"", ""target_field"": ""score"", ""expected_state"": 84, ""forbidden_side_effects"": [""peer_row_74_a"", ""peer_row_74_b""]}",ca5f1521d162,0,,152,1.0,1.0,1.0,1.0,0.0,none,"[""peer_row_74_a"", ""peer_row_74_b""]"
pc_v4_75_p1,pc_v4_75,workflow_micro,Model-B,deepseek-v4-pro,disabled,pronoun_coreference,"Open step75. Change its note so that it reads checked_75, and leave everything else untouched.","{""domain"": ""workflow_micro"", ""expected_state"": ""checked_75"", ""forbidden_side_effects"": [""modification of any other field of step75"", ""modification of any other object in the workflow""], ""target_field"": ""note"", ""target_object"": ""step75""}","{
  ""domain"": ""workflow_micro"",
  ""target_object"": ""step75"",
  ""target_field"": ""note"",
  ""expected_state"": ""checked_75"",
  ""forbidden_side_effects"": [
    ""modification of any other field of step75"",
    ""modification of any other object in the workflow""
  ]
}",5c2ca72a3a72,0,,177,1.0,1.0,1.0,1.0,0.0,none,"[""unrelated objects"", ""unrelated fields""]"
pc_v4_75_p2,pc_v4_75,workflow_micro,Model-B,deepseek-v4-pro,disabled,conditional_negative_constraint,"If step75 is present, set note to checked_75. Do not alter any other object or field.","{""domain"": ""workflow_micro"", ""expected_state"": ""checked_75"", ""forbidden_side_effects"": [""any other object or field""], ""target_field"": ""note"", ""target_object"": ""step75""}","{
  ""domain"": ""workflow_micro"",
  ""target_object"": ""step75"",
  ""target_field"": ""note"",
  ""expected_state"": ""checked_75"",
  ""forbidden_side_effects"": [""any other object or field""]
}",cf80b7c0cc85,0,,158,1.0,1.0,1.0,1.0,0.0,none,"[""unrelated objects"", ""unrelated fields""]"
pc_v4_75_p3,pc_v4_75,workflow_micro,Model-B,deepseek-v4-pro,disabled,ellipsis_multi_object_preservation,"For step75: note -> checked_75; peer_step_75_a and peer_step_75_b, unchanged.","{""domain"": ""workflow_micro"", ""expected_state"": ""true"", ""forbidden_side_effects"": [""peer_step_75_a"", ""peer_step_75_b""], ""target_field"": ""checked_75"", ""target_object"": ""note""}","{
  ""domain"": ""workflow_micro"",
  ""target_object"": ""note"",
  ""target_field"": ""checked_75"",
  ""expected_state"": ""true"",
  ""forbidden_side_effects"": [
    ""peer_step_75_a"",
    ""peer_step_75_b""
  ]
}",5dd8cd206d16,0,,171,0.0,0.0,0.0,1.0,0.0,wrong_object;wrong_field;wrong_constraint,"[""peer_step_75_a"", ""peer_step_75_b""]"
pc_v4_76_p1,pc_v4_76,file,Model-B,deepseek-v4-pro,disabled,pronoun_coreference,"Open reports/draft_76.txt. Change its content so that it reads approved_76, and leave everything else untouched.","{""domain"": ""file"", ""expected_state"": ""approved_76"", ""forbidden_side_effects"": [""modification_of_other_files"", ""modification_of_file_metadata""], ""target_field"": ""content"", ""target_object"": ""reports/draft_76.txt""}","{
  ""domain"": ""file"",
  ""target_object"": ""reports/draft_76.txt"",
  ""target_field"": ""content"",
  ""expected_state"": ""approved_76"",
  ""forbidden_side_effects"": [""modification_of_other_files"", ""modification_of_file_metadata""]
}",a7847ea251d3,0,,169,1.0,1.0,1.0,0.0,0.0,missing_forbidden_effect,"[""unrelated objects"", ""unrelated fields""]"
pc_v4_76_p2,pc_v4_76,file,Model-B,deepseek-v4-pro,disabled,conditional_negative_constraint,"If reports/draft_76.txt is present, set content to approved_76. Do not alter any other object or field.","{""domain"": ""file"", ""expected_state"": ""approved_76"", ""forbidden_side_effects"": [""alter any other object or field""], ""target_field"": ""content"", ""target_object"": ""reports/draft_76.txt""}","{
  ""domain"": ""file"",
  ""target_object"": ""reports/draft_76.txt"",
  ""target_field"": ""content"",
  ""expected_state"": ""approved_76"",
  ""forbidden_side_effects"": [""alter any other object or field""]
}",754c8c852261,0,,162,1.0,1.0,1.0,1.0,0.0,none,"[""unrelated objects"", ""unrelated fields""]"
pc_v4_76_p3,pc_v4_76,file,Model-B,deepseek-v4-pro,disabled,ellipsis_multi_object_preservation,"For reports/draft_76.txt: content -> approved_76; reports/reference_76.txt and reports/archive_76.txt, unchanged.","{""domain"": ""file"", ""expected_state"": ""approved_76"", ""forbidden_side_effects"": [""reports/reference_76.txt"", ""reports/archive_76.txt""], ""target_field"": ""content"", ""target_object"": ""reports/draft_76.txt""}","{
  ""domain"": ""file"",
  ""target_object"": ""reports/draft_76.txt"",
  ""target_field"": ""content"",
  ""expected_state"": ""approved_76"",
  ""forbidden_side_effects"": [
    ""reports/reference_76.txt"",
    ""reports/archive_76.txt""
  ]
}",2f38d3b54058,0,,181,1.0,1.0,1.0,1.0,0.0,none,"[""reports/reference_76.txt"", ""reports/archive_76.txt""]"
pc_v4_77_p1,pc_v4_77,web_form,Model-B,deepseek-v4-pro,disabled,pronoun_coreference,"Open r77. Change its status so that it reads approved, and leave everything else untouched.","{""domain"": ""web_form"", ""expected_state"": ""approved"", ""forbidden_side_effects"": [""any other field of r77 changed"", ""any other object changed""], ""target_field"": ""status"", ""target_object"": ""r77""}","{
  ""domain"": ""web_form"",
  ""target_object"": ""r77"",
  ""target_field"": ""status"",
  ""expected_state"": ""approved"",
  ""forbidden_side_effects"": [""any other field of r77 changed"", ""any other object changed""]
}",332d075c6b21,0,,157,1.0,1.0,1.0,1.0,0.0,none,"[""unrelated objects"", ""unrelated fields""]"
pc_v4_77_p2,pc_v4_77,web_form,Model-B,deepseek-v4-pro,disabled,conditional_negative_constraint,"If r77 is present, set status to approved. Do not alter any other object or field.","{""domain"": ""web_form"", ""expected_state"": ""approved"", ""forbidden_side_effects"": [""any_other_object"", ""any_other_field""], ""target_field"": ""status"", ""target_object"": ""r77""}","{
  ""domain"": ""web_form"",
  ""target_object"": ""r77"",
  ""target_field"": ""status"",
  ""expected_state"": ""approved"",
  ""forbidden_side_effects"": [""any_other_object"", ""any_other_field""]
}",b8bbd521a785,0,,155,1.0,1.0,1.0,1.0,0.0,none,"[""unrelated objects"", ""unrelated fields""]"
pc_v4_77_p3,pc_v4_77,web_form,Model-B,deepseek-v4-pro,disabled,ellipsis_multi_object_preservation,"For r77: status -> approved; peer_record_77_a and peer_record_77_b, unchanged.","{""domain"": ""web_form"", ""expected_state"": ""approved"", ""forbidden_side_effects"": [""peer_record_77_a"", ""peer_record_77_b""], ""target_field"": ""status"", ""target_object"": ""r77""}","{
  ""domain"": ""web_form"",
  ""target_object"": ""r77"",
  ""target_field"": ""status"",
  ""expected_state"": ""approved"",
  ""forbidden_side_effects"": [
    ""peer_record_77_a"",
    ""peer_record_77_b""
  ]
}",e99f49545d76,0,,164,1.0,1.0,1.0,1.0,0.0,none,"[""peer_record_77_a"", ""peer_record_77_b""]"
pc_v4_78_p1,pc_v4_78,table,Model-B,deepseek-v4-pro,disabled,pronoun_coreference,"Open row78. Change its score so that it reads 88, and leave everything else untouched.","{""domain"": ""table"", ""expected_state"": ""88"", ""forbidden_side_effects"": [""any other changes to row78"", ""any changes to other rows"", ""any changes to table structure""], ""target_field"": ""score"", ""target_object"": ""row78""}","{
  ""domain"": ""table"",
  ""target_object"": ""row78"",
  ""target_field"": ""score"",
  ""expected_state"": ""88"",
  ""forbidden_side_effects"": [""any other changes to row78"", ""any changes to other rows"", ""any changes to table structure""]
}",a8b248a978b0,0,,163,1.0,1.0,1.0,1.0,0.0,none,"[""unrelated objects"", ""unrelated fields""]"
pc_v4_78_p2,pc_v4_78,table,Model-B,deepseek-v4-pro,disabled,conditional_negative_constraint,"If row78 is present, set score to 88. Do not alter any other object or field.","{""domain"": ""table"", ""expected_state"": ""88"", ""forbidden_side_effects"": [""alter_other_objects"", ""alter_other_fields""], ""target_field"": ""score"", ""target_object"": ""row78""}","{
  ""domain"": ""table"",
  ""target_object"": ""row78"",
  ""target_field"": ""score"",
  ""expected_state"": ""88"",
  ""forbidden_side_effects"": [""alter_other_objects"", ""alter_other_fields""]
}",f2dc823c9d4a,0,,155,1.0,1.0,1.0,1.0,0.0,none,"[""unrelated objects"", ""unrelated fields""]"
pc_v4_78_p3,pc_v4_78,table,Model-B,deepseek-v4-pro,disabled,ellipsis_multi_object_preservation,"For row78: score -> 88; peer_row_78_a and peer_row_78_b, unchanged.","{""domain"": ""table"", ""expected_state"": ""88"", ""forbidden_side_effects"": [""peer_row_78_a"", ""peer_row_78_b""], ""target_field"": ""score"", ""target_object"": ""row78""}","{""domain"": ""table"", ""target_object"": ""row78"", ""target_field"": ""score"", ""expected_state"": ""88"", ""forbidden_side_effects"": [""peer_row_78_a"", ""peer_row_78_b""]}",b39ab574103f,0,,152,1.0,1.0,1.0,1.0,0.0,none,"[""peer_row_78_a"", ""peer_row_78_b""]"
pc_v4_79_p1,pc_v4_79,workflow_micro,Model-B,deepseek-v4-pro,disabled,pronoun_coreference,"Open step79. Change its note so that it reads checked_79, and leave everything else untouched.","{""domain"": ""workflow_micro"", ""expected_state"": ""checked_79"", ""forbidden_side_effects"": [""any other changes to step79"", ""changes to other steps"", ""changes to workflow metadata""], ""target_field"": ""note"", ""target_object"": ""step79""}","{
  ""domain"": ""workflow_micro"",
  ""target_object"": ""step79"",
  ""target_field"": ""note"",
  ""expected_state"": ""checked_79"",
  ""forbidden_side_effects"": [""any other changes to step79"", ""changes to other steps"", ""changes to workflow metadata""]
}",cdf3e011d9e1,0,,170,1.0,1.0,1.0,0.0,0.0,missing_forbidden_effect,"[""unrelated objects"", ""unrelated fields""]"
pc_v4_79_p2,pc_v4_79,workflow_micro,Model-B,deepseek-v4-pro,disabled,conditional_negative_constraint,"If step79 is present, set note to checked_79. Do not alter any other object or field.","{""domain"": ""workflow_micro"", ""expected_state"": ""checked_79"", ""forbidden_side_effects"": [""any other object or field""], ""target_field"": ""status"", ""target_object"": ""note""}","{
  ""domain"": ""workflow_micro"",
  ""target_object"": ""note"",
  ""target_field"": ""status"",
  ""expected_state"": ""checked_79"",
  ""forbidden_side_effects"": [""any other object or field""]
}",4c5fd3b3052b,0,,157,0.0,0.0,1.0,1.0,0.0,wrong_object;wrong_field,"[""unrelated objects"", ""unrelated fields""]"
pc_v4_79_p3,pc_v4_79,workflow_micro,Model-B,deepseek-v4-pro,disabled,ellipsis_multi_object_preservation,"For step79: note -> checked_79; peer_step_79_a and peer_step_79_b, unchanged.","{""domain"": ""workflow_micro"", ""expected_state"": ""true"", ""forbidden_side_effects"": [""peer_step_79_a"", ""peer_step_79_b""], ""target_field"": ""checked_79"", ""target_object"": ""note""}","{
  ""domain"": ""workflow_micro"",
  ""target_object"": ""note"",
  ""target_field"": ""checked_79"",
  ""expected_state"": ""true"",
  ""forbidden_side_effects"": [""peer_step_79_a"", ""peer_step_79_b""]
}",9c1f483987ec,0,,166,0.0,0.0,0.0,1.0,0.0,wrong_object;wrong_field;wrong_constraint,"[""peer_step_79_a"", ""peer_step_79_b""]"
